ISO-10303-21;
HEADER;
FILE_DESCRIPTION(('KiCad electronic assembly'),'2;1');
FILE_NAME('endcap.step','2026-01-12T19:07:35',('Pcbnew'),('Kicad'),
  'Open CASCADE STEP processor 7.6','KiCad to STEP converter','Unknown'
  );
FILE_SCHEMA(('AUTOMOTIVE_DESIGN { 1 0 10303 214 1 1 1 1 }'));
ENDSEC;
DATA;
#1 = APPLICATION_PROTOCOL_DEFINITION('international standard',
  'automotive_design',2000,#2);
#2 = APPLICATION_CONTEXT(
  'core data for automotive mechanical design processes');
#3 = SHAPE_DEFINITION_REPRESENTATION(#4,#10);
#4 = PRODUCT_DEFINITION_SHAPE('','',#5);
#5 = PRODUCT_DEFINITION('design','',#6,#9);
#6 = PRODUCT_DEFINITION_FORMATION('','',#7);
#7 = PRODUCT('endcap 1','endcap 1','',(#8));
#8 = PRODUCT_CONTEXT('',#2,'mechanical');
#9 = PRODUCT_DEFINITION_CONTEXT('part definition',#2,'design');
#10 = SHAPE_REPRESENTATION('',(#11,#15,#19,#23,#27,#31,#35),#39);
#11 = AXIS2_PLACEMENT_3D('',#12,#13,#14);
#12 = CARTESIAN_POINT('',(0.,0.,0.));
#13 = DIRECTION('',(0.,0.,1.));
#14 = DIRECTION('',(1.,0.,-0.));
#15 = AXIS2_PLACEMENT_3D('',#16,#17,#18);
#16 = CARTESIAN_POINT('',(0.,0.,0.));
#17 = DIRECTION('',(0.,0.,1.));
#18 = DIRECTION('',(1.,0.,-0.));
#19 = AXIS2_PLACEMENT_3D('',#20,#21,#22);
#20 = CARTESIAN_POINT('',(0.,0.,0.));
#21 = DIRECTION('',(0.,0.,1.));
#22 = DIRECTION('',(1.,0.,-0.));
#23 = AXIS2_PLACEMENT_3D('',#24,#25,#26);
#24 = CARTESIAN_POINT('',(0.,0.,0.));
#25 = DIRECTION('',(0.,0.,1.));
#26 = DIRECTION('',(1.,0.,-0.));
#27 = AXIS2_PLACEMENT_3D('',#28,#29,#30);
#28 = CARTESIAN_POINT('',(0.,0.,0.));
#29 = DIRECTION('',(0.,0.,1.));
#30 = DIRECTION('',(1.,0.,-0.));
#31 = AXIS2_PLACEMENT_3D('',#32,#33,#34);
#32 = CARTESIAN_POINT('',(0.,0.,0.));
#33 = DIRECTION('',(0.,0.,1.));
#34 = DIRECTION('',(1.,0.,-0.));
#35 = AXIS2_PLACEMENT_3D('',#36,#37,#38);
#36 = CARTESIAN_POINT('',(0.,0.,0.));
#37 = DIRECTION('',(0.,0.,1.));
#38 = DIRECTION('',(1.,0.,-0.));
#39 = ( GEOMETRIC_REPRESENTATION_CONTEXT(3) 
GLOBAL_UNCERTAINTY_ASSIGNED_CONTEXT((#43)) GLOBAL_UNIT_ASSIGNED_CONTEXT(
(#40,#41,#42)) REPRESENTATION_CONTEXT('Context #1',
  '3D Context with UNIT and UNCERTAINTY') );
#40 = ( LENGTH_UNIT() NAMED_UNIT(*) SI_UNIT(.MILLI.,.METRE.) );
#41 = ( NAMED_UNIT(*) PLANE_ANGLE_UNIT() SI_UNIT($,.RADIAN.) );
#42 = ( NAMED_UNIT(*) SI_UNIT($,.STERADIAN.) SOLID_ANGLE_UNIT() );
#43 = UNCERTAINTY_MEASURE_WITH_UNIT(LENGTH_MEASURE(1.E-07),#40,
  'distance_accuracy_value','confusion accuracy');
#44 = PRODUCT_RELATED_PRODUCT_CATEGORY('part',$,(#7));
#45 = SHAPE_DEFINITION_REPRESENTATION(#46,#52);
#46 = PRODUCT_DEFINITION_SHAPE('','',#47);
#47 = PRODUCT_DEFINITION('design','',#48,#51);
#48 = PRODUCT_DEFINITION_FORMATION('','',#49);
#49 = PRODUCT('endcap_copper','endcap_copper','',(#50));
#50 = PRODUCT_CONTEXT('',#2,'mechanical');
#51 = PRODUCT_DEFINITION_CONTEXT('part definition',#2,'design');
#52 = SHAPE_REPRESENTATION('',(#11,#53,#207),#765);
#53 = MANIFOLD_SOLID_BREP('',#54);
#54 = CLOSED_SHELL('',(#55,#97,#128,#161,#183,#195));
#55 = ADVANCED_FACE('',(#56),#92,.T.);
#56 = FACE_BOUND('',#57,.T.);
#57 = EDGE_LOOP('',(#58,#68,#77,#85));
#58 = ORIENTED_EDGE('',*,*,#59,.T.);
#59 = EDGE_CURVE('',#60,#62,#64,.T.);
#60 = VERTEX_POINT('',#61);
#61 = CARTESIAN_POINT('',(27.75,-116.,1.51));
#62 = VERTEX_POINT('',#63);
#63 = CARTESIAN_POINT('',(27.75,-116.,1.545));
#64 = LINE('',#65,#66);
#65 = CARTESIAN_POINT('',(27.75,-116.,1.51));
#66 = VECTOR('',#67,1.);
#67 = DIRECTION('',(0.,0.,1.));
#68 = ORIENTED_EDGE('',*,*,#69,.T.);
#69 = EDGE_CURVE('',#62,#70,#72,.T.);
#70 = VERTEX_POINT('',#71);
#71 = CARTESIAN_POINT('',(26.75,-116.,1.545));
#72 = CIRCLE('',#73,0.5);
#73 = AXIS2_PLACEMENT_3D('',#74,#75,#76);
#74 = CARTESIAN_POINT('',(27.25,-115.9999995566,1.545));
#75 = DIRECTION('',(-0.,0.,-1.));
#76 = DIRECTION('',(1.,-8.866804250825E-07,-0.));
#77 = ORIENTED_EDGE('',*,*,#78,.F.);
#78 = EDGE_CURVE('',#79,#70,#81,.T.);
#79 = VERTEX_POINT('',#80);
#80 = CARTESIAN_POINT('',(26.75,-116.,1.51));
#81 = LINE('',#82,#83);
#82 = CARTESIAN_POINT('',(26.75,-116.,1.51));
#83 = VECTOR('',#84,1.);
#84 = DIRECTION('',(0.,0.,1.));
#85 = ORIENTED_EDGE('',*,*,#86,.F.);
#86 = EDGE_CURVE('',#60,#79,#87,.T.);
#87 = CIRCLE('',#88,0.5);
#88 = AXIS2_PLACEMENT_3D('',#89,#90,#91);
#89 = CARTESIAN_POINT('',(27.25,-115.9999995566,1.51));
#90 = DIRECTION('',(-0.,0.,-1.));
#91 = DIRECTION('',(1.,-8.866804250825E-07,-0.));
#92 = CYLINDRICAL_SURFACE('',#93,0.5);
#93 = AXIS2_PLACEMENT_3D('',#94,#95,#96);
#94 = CARTESIAN_POINT('',(27.25,-115.9999995566,1.51));
#95 = DIRECTION('',(-0.,0.,-1.));
#96 = DIRECTION('',(1.,-8.866804250825E-07,-0.));
#97 = ADVANCED_FACE('',(#98),#123,.T.);
#98 = FACE_BOUND('',#99,.T.);
#99 = EDGE_LOOP('',(#100,#101,#109,#117));
#100 = ORIENTED_EDGE('',*,*,#78,.T.);
#101 = ORIENTED_EDGE('',*,*,#102,.T.);
#102 = EDGE_CURVE('',#70,#103,#105,.T.);
#103 = VERTEX_POINT('',#104);
#104 = CARTESIAN_POINT('',(26.75,-113.5,1.545));
#105 = LINE('',#106,#107);
#106 = CARTESIAN_POINT('',(26.75,-116.,1.545));
#107 = VECTOR('',#108,1.);
#108 = DIRECTION('',(0.,1.,0.));
#109 = ORIENTED_EDGE('',*,*,#110,.F.);
#110 = EDGE_CURVE('',#111,#103,#113,.T.);
#111 = VERTEX_POINT('',#112);
#112 = CARTESIAN_POINT('',(26.75,-113.5,1.51));
#113 = LINE('',#114,#115);
#114 = CARTESIAN_POINT('',(26.75,-113.5,1.51));
#115 = VECTOR('',#116,1.);
#116 = DIRECTION('',(0.,0.,1.));
#117 = ORIENTED_EDGE('',*,*,#118,.F.);
#118 = EDGE_CURVE('',#79,#111,#119,.T.);
#119 = LINE('',#120,#121);
#120 = CARTESIAN_POINT('',(26.75,-116.,1.51));
#121 = VECTOR('',#122,1.);
#122 = DIRECTION('',(0.,1.,0.));
#123 = PLANE('',#124);
#124 = AXIS2_PLACEMENT_3D('',#125,#126,#127);
#125 = CARTESIAN_POINT('',(26.75,-116.,1.51));
#126 = DIRECTION('',(-1.,0.,0.));
#127 = DIRECTION('',(0.,1.,0.));
#128 = ADVANCED_FACE('',(#129),#156,.T.);
#129 = FACE_BOUND('',#130,.T.);
#130 = EDGE_LOOP('',(#131,#132,#141,#149));
#131 = ORIENTED_EDGE('',*,*,#110,.T.);
#132 = ORIENTED_EDGE('',*,*,#133,.T.);
#133 = EDGE_CURVE('',#103,#134,#136,.T.);
#134 = VERTEX_POINT('',#135);
#135 = CARTESIAN_POINT('',(27.75,-113.5,1.545));
#136 = CIRCLE('',#137,0.500000000001);
#137 = AXIS2_PLACEMENT_3D('',#138,#139,#140);
#138 = CARTESIAN_POINT('',(27.25,-113.4999991518,1.545));
#139 = DIRECTION('',(0.,0.,-1.));
#140 = DIRECTION('',(-0.999999999999,-1.696250706116E-06,-0.));
#141 = ORIENTED_EDGE('',*,*,#142,.F.);
#142 = EDGE_CURVE('',#143,#134,#145,.T.);
#143 = VERTEX_POINT('',#144);
#144 = CARTESIAN_POINT('',(27.75,-113.5,1.51));
#145 = LINE('',#146,#147);
#146 = CARTESIAN_POINT('',(27.75,-113.5,1.51));
#147 = VECTOR('',#148,1.);
#148 = DIRECTION('',(0.,0.,1.));
#149 = ORIENTED_EDGE('',*,*,#150,.F.);
#150 = EDGE_CURVE('',#111,#143,#151,.T.);
#151 = CIRCLE('',#152,0.500000000001);
#152 = AXIS2_PLACEMENT_3D('',#153,#154,#155);
#153 = CARTESIAN_POINT('',(27.25,-113.4999991518,1.51));
#154 = DIRECTION('',(0.,0.,-1.));
#155 = DIRECTION('',(-0.999999999999,-1.696250706116E-06,-0.));
#156 = CYLINDRICAL_SURFACE('',#157,0.500000000001);
#157 = AXIS2_PLACEMENT_3D('',#158,#159,#160);
#158 = CARTESIAN_POINT('',(27.25,-113.4999991518,1.51));
#159 = DIRECTION('',(0.,0.,-1.));
#160 = DIRECTION('',(-0.999999999999,-1.696250706116E-06,-0.));
#161 = ADVANCED_FACE('',(#162),#178,.T.);
#162 = FACE_BOUND('',#163,.T.);
#163 = EDGE_LOOP('',(#164,#165,#171,#172));
#164 = ORIENTED_EDGE('',*,*,#142,.T.);
#165 = ORIENTED_EDGE('',*,*,#166,.T.);
#166 = EDGE_CURVE('',#134,#62,#167,.T.);
#167 = LINE('',#168,#169);
#168 = CARTESIAN_POINT('',(27.75,-113.5,1.545));
#169 = VECTOR('',#170,1.);
#170 = DIRECTION('',(0.,-1.,0.));
#171 = ORIENTED_EDGE('',*,*,#59,.F.);
#172 = ORIENTED_EDGE('',*,*,#173,.F.);
#173 = EDGE_CURVE('',#143,#60,#174,.T.);
#174 = LINE('',#175,#176);
#175 = CARTESIAN_POINT('',(27.75,-113.5,1.51));
#176 = VECTOR('',#177,1.);
#177 = DIRECTION('',(0.,-1.,0.));
#178 = PLANE('',#179);
#179 = AXIS2_PLACEMENT_3D('',#180,#181,#182);
#180 = CARTESIAN_POINT('',(27.75,-113.5,1.51));
#181 = DIRECTION('',(1.,0.,-0.));
#182 = DIRECTION('',(0.,-1.,0.));
#183 = ADVANCED_FACE('',(#184),#190,.F.);
#184 = FACE_BOUND('',#185,.T.);
#185 = EDGE_LOOP('',(#186,#187,#188,#189));
#186 = ORIENTED_EDGE('',*,*,#86,.T.);
#187 = ORIENTED_EDGE('',*,*,#118,.T.);
#188 = ORIENTED_EDGE('',*,*,#150,.T.);
#189 = ORIENTED_EDGE('',*,*,#173,.T.);
#190 = PLANE('',#191);
#191 = AXIS2_PLACEMENT_3D('',#192,#193,#194);
#192 = CARTESIAN_POINT('',(0.,0.,1.51));
#193 = DIRECTION('',(0.,0.,1.));
#194 = DIRECTION('',(1.,0.,-0.));
#195 = ADVANCED_FACE('',(#196),#202,.T.);
#196 = FACE_BOUND('',#197,.F.);
#197 = EDGE_LOOP('',(#198,#199,#200,#201));
#198 = ORIENTED_EDGE('',*,*,#69,.T.);
#199 = ORIENTED_EDGE('',*,*,#102,.T.);
#200 = ORIENTED_EDGE('',*,*,#133,.T.);
#201 = ORIENTED_EDGE('',*,*,#166,.T.);
#202 = PLANE('',#203);
#203 = AXIS2_PLACEMENT_3D('',#204,#205,#206);
#204 = CARTESIAN_POINT('',(0.,0.,1.545));
#205 = DIRECTION('',(0.,0.,1.));
#206 = DIRECTION('',(1.,0.,-0.));
#207 = MANIFOLD_SOLID_BREP('',#208);
#208 = CLOSED_SHELL('',(#209,#251,#282,#315,#346,#379,#410,#443,#474,
    #507,#538,#571,#602,#633,#664,#695,#717,#741));
#209 = ADVANCED_FACE('',(#210),#246,.T.);
#210 = FACE_BOUND('',#211,.T.);
#211 = EDGE_LOOP('',(#212,#222,#231,#239));
#212 = ORIENTED_EDGE('',*,*,#213,.T.);
#213 = EDGE_CURVE('',#214,#216,#218,.T.);
#214 = VERTEX_POINT('',#215);
#215 = CARTESIAN_POINT('',(27.25,-82.5,1.51));
#216 = VERTEX_POINT('',#217);
#217 = CARTESIAN_POINT('',(27.25,-82.5,1.545));
#218 = LINE('',#219,#220);
#219 = CARTESIAN_POINT('',(27.25,-82.5,1.51));
#220 = VECTOR('',#221,1.);
#221 = DIRECTION('',(0.,0.,1.));
#222 = ORIENTED_EDGE('',*,*,#223,.T.);
#223 = EDGE_CURVE('',#216,#224,#226,.T.);
#224 = VERTEX_POINT('',#225);
#225 = CARTESIAN_POINT('',(27.25,-81.5,1.545));
#226 = CIRCLE('',#227,0.5);
#227 = AXIS2_PLACEMENT_3D('',#228,#229,#230);
#228 = CARTESIAN_POINT('',(27.25000044334,-82.,1.545));
#229 = DIRECTION('',(0.,0.,-1.));
#230 = DIRECTION('',(-8.866804392934E-07,-1.,-0.));
#231 = ORIENTED_EDGE('',*,*,#232,.F.);
#232 = EDGE_CURVE('',#233,#224,#235,.T.);
#233 = VERTEX_POINT('',#234);
#234 = CARTESIAN_POINT('',(27.25,-81.5,1.51));
#235 = LINE('',#236,#237);
#236 = CARTESIAN_POINT('',(27.25,-81.5,1.51));
#237 = VECTOR('',#238,1.);
#238 = DIRECTION('',(0.,0.,1.));
#239 = ORIENTED_EDGE('',*,*,#240,.F.);
#240 = EDGE_CURVE('',#214,#233,#241,.T.);
#241 = CIRCLE('',#242,0.5);
#242 = AXIS2_PLACEMENT_3D('',#243,#244,#245);
#243 = CARTESIAN_POINT('',(27.25000044334,-82.,1.51));
#244 = DIRECTION('',(0.,0.,-1.));
#245 = DIRECTION('',(-8.866804392934E-07,-1.,-0.));
#246 = CYLINDRICAL_SURFACE('',#247,0.5);
#247 = AXIS2_PLACEMENT_3D('',#248,#249,#250);
#248 = CARTESIAN_POINT('',(27.25000044334,-82.,1.51));
#249 = DIRECTION('',(0.,0.,-1.));
#250 = DIRECTION('',(-8.866804392934E-07,-1.,-0.));
#251 = ADVANCED_FACE('',(#252),#277,.T.);
#252 = FACE_BOUND('',#253,.T.);
#253 = EDGE_LOOP('',(#254,#255,#263,#271));
#254 = ORIENTED_EDGE('',*,*,#232,.T.);
#255 = ORIENTED_EDGE('',*,*,#256,.T.);
#256 = EDGE_CURVE('',#224,#257,#259,.T.);
#257 = VERTEX_POINT('',#258);
#258 = CARTESIAN_POINT('',(28.499999,-81.5,1.545));
#259 = LINE('',#260,#261);
#260 = CARTESIAN_POINT('',(27.25,-81.5,1.545));
#261 = VECTOR('',#262,1.);
#262 = DIRECTION('',(1.,0.,0.));
#263 = ORIENTED_EDGE('',*,*,#264,.F.);
#264 = EDGE_CURVE('',#265,#257,#267,.T.);
#265 = VERTEX_POINT('',#266);
#266 = CARTESIAN_POINT('',(28.499999,-81.5,1.51));
#267 = LINE('',#268,#269);
#268 = CARTESIAN_POINT('',(28.499999,-81.5,1.51));
#269 = VECTOR('',#270,1.);
#270 = DIRECTION('',(0.,0.,1.));
#271 = ORIENTED_EDGE('',*,*,#272,.F.);
#272 = EDGE_CURVE('',#233,#265,#273,.T.);
#273 = LINE('',#274,#275);
#274 = CARTESIAN_POINT('',(27.25,-81.5,1.51));
#275 = VECTOR('',#276,1.);
#276 = DIRECTION('',(1.,0.,0.));
#277 = PLANE('',#278);
#278 = AXIS2_PLACEMENT_3D('',#279,#280,#281);
#279 = CARTESIAN_POINT('',(27.25,-81.5,1.51));
#280 = DIRECTION('',(0.,1.,0.));
#281 = DIRECTION('',(1.,0.,0.));
#282 = ADVANCED_FACE('',(#283),#310,.T.);
#283 = FACE_BOUND('',#284,.T.);
#284 = EDGE_LOOP('',(#285,#286,#295,#303));
#285 = ORIENTED_EDGE('',*,*,#264,.T.);
#286 = ORIENTED_EDGE('',*,*,#287,.T.);
#287 = EDGE_CURVE('',#257,#288,#290,.T.);
#288 = VERTEX_POINT('',#289);
#289 = CARTESIAN_POINT('',(28.853552,-81.646447,1.545));
#290 = CIRCLE('',#291,0.499992432518);
#291 = AXIS2_PLACEMENT_3D('',#292,#293,#294);
#292 = CARTESIAN_POINT('',(28.500001353381,-81.99999243251,1.545));
#293 = DIRECTION('',(0.,0.,-1.));
#294 = DIRECTION('',(-4.706832518907E-06,0.999999999989,0.));
#295 = ORIENTED_EDGE('',*,*,#296,.F.);
#296 = EDGE_CURVE('',#297,#288,#299,.T.);
#297 = VERTEX_POINT('',#298);
#298 = CARTESIAN_POINT('',(28.853552,-81.646447,1.51));
#299 = LINE('',#300,#301);
#300 = CARTESIAN_POINT('',(28.853552,-81.646447,1.51));
#301 = VECTOR('',#302,1.);
#302 = DIRECTION('',(0.,0.,1.));
#303 = ORIENTED_EDGE('',*,*,#304,.F.);
#304 = EDGE_CURVE('',#265,#297,#305,.T.);
#305 = CIRCLE('',#306,0.499992432518);
#306 = AXIS2_PLACEMENT_3D('',#307,#308,#309);
#307 = CARTESIAN_POINT('',(28.500001353381,-81.99999243251,1.51));
#308 = DIRECTION('',(0.,0.,-1.));
#309 = DIRECTION('',(-4.706832518907E-06,0.999999999989,0.));
#310 = CYLINDRICAL_SURFACE('',#311,0.499992432518);
#311 = AXIS2_PLACEMENT_3D('',#312,#313,#314);
#312 = CARTESIAN_POINT('',(28.500001353381,-81.99999243251,1.51));
#313 = DIRECTION('',(0.,0.,-1.));
#314 = DIRECTION('',(-4.706832518907E-06,0.999999999989,0.));
#315 = ADVANCED_FACE('',(#316),#341,.T.);
#316 = FACE_BOUND('',#317,.T.);
#317 = EDGE_LOOP('',(#318,#319,#327,#335));
#318 = ORIENTED_EDGE('',*,*,#296,.T.);
#319 = ORIENTED_EDGE('',*,*,#320,.T.);
#320 = EDGE_CURVE('',#288,#321,#323,.T.);
#321 = VERTEX_POINT('',#322);
#322 = CARTESIAN_POINT('',(32.353553,-85.146448,1.545));
#323 = LINE('',#324,#325);
#324 = CARTESIAN_POINT('',(28.853552,-81.646447,1.545));
#325 = VECTOR('',#326,1.);
#326 = DIRECTION('',(0.707106781187,-0.707106781187,0.));
#327 = ORIENTED_EDGE('',*,*,#328,.F.);
#328 = EDGE_CURVE('',#329,#321,#331,.T.);
#329 = VERTEX_POINT('',#330);
#330 = CARTESIAN_POINT('',(32.353553,-85.146448,1.51));
#331 = LINE('',#332,#333);
#332 = CARTESIAN_POINT('',(32.353553,-85.146448,1.51));
#333 = VECTOR('',#334,1.);
#334 = DIRECTION('',(0.,0.,1.));
#335 = ORIENTED_EDGE('',*,*,#336,.F.);
#336 = EDGE_CURVE('',#297,#329,#337,.T.);
#337 = LINE('',#338,#339);
#338 = CARTESIAN_POINT('',(28.853552,-81.646447,1.51));
#339 = VECTOR('',#340,1.);
#340 = DIRECTION('',(0.707106781187,-0.707106781187,0.));
#341 = PLANE('',#342);
#342 = AXIS2_PLACEMENT_3D('',#343,#344,#345);
#343 = CARTESIAN_POINT('',(28.853552,-81.646447,1.51));
#344 = DIRECTION('',(0.707106781187,0.707106781187,-0.));
#345 = DIRECTION('',(0.707106781187,-0.707106781187,0.));
#346 = ADVANCED_FACE('',(#347),#374,.T.);
#347 = FACE_BOUND('',#348,.T.);
#348 = EDGE_LOOP('',(#349,#350,#359,#367));
#349 = ORIENTED_EDGE('',*,*,#328,.T.);
#350 = ORIENTED_EDGE('',*,*,#351,.T.);
#351 = EDGE_CURVE('',#321,#352,#354,.T.);
#352 = VERTEX_POINT('',#353);
#353 = CARTESIAN_POINT('',(32.5,-85.500001,1.545));
#354 = CIRCLE('',#355,0.499992432518);
#355 = AXIS2_PLACEMENT_3D('',#356,#357,#358);
#356 = CARTESIAN_POINT('',(32.000007567487,-85.49999864661,1.545));
#357 = DIRECTION('',(0.,0.,-1.));
#358 = DIRECTION('',(0.707101566982,0.707111995353,0.));
#359 = ORIENTED_EDGE('',*,*,#360,.F.);
#360 = EDGE_CURVE('',#361,#352,#363,.T.);
#361 = VERTEX_POINT('',#362);
#362 = CARTESIAN_POINT('',(32.5,-85.500001,1.51));
#363 = LINE('',#364,#365);
#364 = CARTESIAN_POINT('',(32.5,-85.500001,1.51));
#365 = VECTOR('',#366,1.);
#366 = DIRECTION('',(0.,0.,1.));
#367 = ORIENTED_EDGE('',*,*,#368,.F.);
#368 = EDGE_CURVE('',#329,#361,#369,.T.);
#369 = CIRCLE('',#370,0.499992432518);
#370 = AXIS2_PLACEMENT_3D('',#371,#372,#373);
#371 = CARTESIAN_POINT('',(32.000007567487,-85.49999864661,1.51));
#372 = DIRECTION('',(0.,0.,-1.));
#373 = DIRECTION('',(0.707101566982,0.707111995353,0.));
#374 = CYLINDRICAL_SURFACE('',#375,0.499992432518);
#375 = AXIS2_PLACEMENT_3D('',#376,#377,#378);
#376 = CARTESIAN_POINT('',(32.000007567487,-85.49999864661,1.51));
#377 = DIRECTION('',(0.,0.,-1.));
#378 = DIRECTION('',(0.707101566982,0.707111995353,0.));
#379 = ADVANCED_FACE('',(#380),#405,.T.);
#380 = FACE_BOUND('',#381,.T.);
#381 = EDGE_LOOP('',(#382,#383,#391,#399));
#382 = ORIENTED_EDGE('',*,*,#360,.T.);
#383 = ORIENTED_EDGE('',*,*,#384,.T.);
#384 = EDGE_CURVE('',#352,#385,#387,.T.);
#385 = VERTEX_POINT('',#386);
#386 = CARTESIAN_POINT('',(32.5,-117.,1.545));
#387 = LINE('',#388,#389);
#388 = CARTESIAN_POINT('',(32.5,-85.500001,1.545));
#389 = VECTOR('',#390,1.);
#390 = DIRECTION('',(0.,-1.,0.));
#391 = ORIENTED_EDGE('',*,*,#392,.F.);
#392 = EDGE_CURVE('',#393,#385,#395,.T.);
#393 = VERTEX_POINT('',#394);
#394 = CARTESIAN_POINT('',(32.5,-117.,1.51));
#395 = LINE('',#396,#397);
#396 = CARTESIAN_POINT('',(32.5,-117.,1.51));
#397 = VECTOR('',#398,1.);
#398 = DIRECTION('',(0.,0.,1.));
#399 = ORIENTED_EDGE('',*,*,#400,.F.);
#400 = EDGE_CURVE('',#361,#393,#401,.T.);
#401 = LINE('',#402,#403);
#402 = CARTESIAN_POINT('',(32.5,-85.500001,1.51));
#403 = VECTOR('',#404,1.);
#404 = DIRECTION('',(0.,-1.,0.));
#405 = PLANE('',#406);
#406 = AXIS2_PLACEMENT_3D('',#407,#408,#409);
#407 = CARTESIAN_POINT('',(32.5,-85.500001,1.51));
#408 = DIRECTION('',(1.,0.,-0.));
#409 = DIRECTION('',(0.,-1.,0.));
#410 = ADVANCED_FACE('',(#411),#438,.T.);
#411 = FACE_BOUND('',#412,.T.);
#412 = EDGE_LOOP('',(#413,#414,#423,#431));
#413 = ORIENTED_EDGE('',*,*,#392,.T.);
#414 = ORIENTED_EDGE('',*,*,#415,.T.);
#415 = EDGE_CURVE('',#385,#416,#418,.T.);
#416 = VERTEX_POINT('',#417);
#417 = CARTESIAN_POINT('',(32.353553,-117.353554,1.545));
#418 = CIRCLE('',#419,0.499997077092);
#419 = AXIS2_PLACEMENT_3D('',#420,#421,#422);
#420 = CARTESIAN_POINT('',(32.00000292291,-117.0000014295,1.545));
#421 = DIRECTION('',(0.,0.,-1.));
#422 = DIRECTION('',(0.999999999996,2.859064353976E-06,0.));
#423 = ORIENTED_EDGE('',*,*,#424,.F.);
#424 = EDGE_CURVE('',#425,#416,#427,.T.);
#425 = VERTEX_POINT('',#426);
#426 = CARTESIAN_POINT('',(32.353553,-117.353554,1.51));
#427 = LINE('',#428,#429);
#428 = CARTESIAN_POINT('',(32.353553,-117.353554,1.51));
#429 = VECTOR('',#430,1.);
#430 = DIRECTION('',(0.,0.,1.));
#431 = ORIENTED_EDGE('',*,*,#432,.F.);
#432 = EDGE_CURVE('',#393,#425,#433,.T.);
#433 = CIRCLE('',#434,0.499997077092);
#434 = AXIS2_PLACEMENT_3D('',#435,#436,#437);
#435 = CARTESIAN_POINT('',(32.00000292291,-117.0000014295,1.51));
#436 = DIRECTION('',(0.,0.,-1.));
#437 = DIRECTION('',(0.999999999996,2.859064353976E-06,0.));
#438 = CYLINDRICAL_SURFACE('',#439,0.499997077092);
#439 = AXIS2_PLACEMENT_3D('',#440,#441,#442);
#440 = CARTESIAN_POINT('',(32.00000292291,-117.0000014295,1.51));
#441 = DIRECTION('',(0.,0.,-1.));
#442 = DIRECTION('',(0.999999999996,2.859064353976E-06,0.));
#443 = ADVANCED_FACE('',(#444),#469,.T.);
#444 = FACE_BOUND('',#445,.T.);
#445 = EDGE_LOOP('',(#446,#447,#455,#463));
#446 = ORIENTED_EDGE('',*,*,#424,.T.);
#447 = ORIENTED_EDGE('',*,*,#448,.T.);
#448 = EDGE_CURVE('',#416,#449,#451,.T.);
#449 = VERTEX_POINT('',#450);
#450 = CARTESIAN_POINT('',(30.853553,-118.853553,1.545));
#451 = LINE('',#452,#453);
#452 = CARTESIAN_POINT('',(32.353553,-117.353554,1.545));
#453 = VECTOR('',#454,1.);
#454 = DIRECTION('',(-0.707107016889,-0.707106545484,0.));
#455 = ORIENTED_EDGE('',*,*,#456,.F.);
#456 = EDGE_CURVE('',#457,#449,#459,.T.);
#457 = VERTEX_POINT('',#458);
#458 = CARTESIAN_POINT('',(30.853553,-118.853553,1.51));
#459 = LINE('',#460,#461);
#460 = CARTESIAN_POINT('',(30.853553,-118.853553,1.51));
#461 = VECTOR('',#462,1.);
#462 = DIRECTION('',(0.,0.,1.));
#463 = ORIENTED_EDGE('',*,*,#464,.F.);
#464 = EDGE_CURVE('',#425,#457,#465,.T.);
#465 = LINE('',#466,#467);
#466 = CARTESIAN_POINT('',(32.353553,-117.353554,1.51));
#467 = VECTOR('',#468,1.);
#468 = DIRECTION('',(-0.707107016889,-0.707106545484,0.));
#469 = PLANE('',#470);
#470 = AXIS2_PLACEMENT_3D('',#471,#472,#473);
#471 = CARTESIAN_POINT('',(32.353553,-117.353554,1.51));
#472 = DIRECTION('',(0.707106545484,-0.707107016889,0.));
#473 = DIRECTION('',(-0.707107016889,-0.707106545484,0.));
#474 = ADVANCED_FACE('',(#475),#502,.T.);
#475 = FACE_BOUND('',#476,.T.);
#476 = EDGE_LOOP('',(#477,#478,#487,#495));
#477 = ORIENTED_EDGE('',*,*,#456,.T.);
#478 = ORIENTED_EDGE('',*,*,#479,.T.);
#479 = EDGE_CURVE('',#449,#480,#482,.T.);
#480 = VERTEX_POINT('',#481);
#481 = CARTESIAN_POINT('',(30.5,-119.,1.545));
#482 = CIRCLE('',#483,0.499992432518);
#483 = AXIS2_PLACEMENT_3D('',#484,#485,#486);
#484 = CARTESIAN_POINT('',(30.500002353381,-118.5000075674,1.545));
#485 = DIRECTION('',(0.,0.,-1.));
#486 = DIRECTION('',(0.707111995353,-0.707101566982,0.));
#487 = ORIENTED_EDGE('',*,*,#488,.F.);
#488 = EDGE_CURVE('',#489,#480,#491,.T.);
#489 = VERTEX_POINT('',#490);
#490 = CARTESIAN_POINT('',(30.5,-119.,1.51));
#491 = LINE('',#492,#493);
#492 = CARTESIAN_POINT('',(30.5,-119.,1.51));
#493 = VECTOR('',#494,1.);
#494 = DIRECTION('',(0.,0.,1.));
#495 = ORIENTED_EDGE('',*,*,#496,.F.);
#496 = EDGE_CURVE('',#457,#489,#497,.T.);
#497 = CIRCLE('',#498,0.499992432518);
#498 = AXIS2_PLACEMENT_3D('',#499,#500,#501);
#499 = CARTESIAN_POINT('',(30.500002353381,-118.5000075674,1.51));
#500 = DIRECTION('',(0.,0.,-1.));
#501 = DIRECTION('',(0.707111995353,-0.707101566982,0.));
#502 = CYLINDRICAL_SURFACE('',#503,0.499992432518);
#503 = AXIS2_PLACEMENT_3D('',#504,#505,#506);
#504 = CARTESIAN_POINT('',(30.500002353381,-118.5000075674,1.51));
#505 = DIRECTION('',(0.,0.,-1.));
#506 = DIRECTION('',(0.707111995353,-0.707101566982,0.));
#507 = ADVANCED_FACE('',(#508),#533,.T.);
#508 = FACE_BOUND('',#509,.T.);
#509 = EDGE_LOOP('',(#510,#511,#519,#527));
#510 = ORIENTED_EDGE('',*,*,#488,.T.);
#511 = ORIENTED_EDGE('',*,*,#512,.T.);
#512 = EDGE_CURVE('',#480,#513,#515,.T.);
#513 = VERTEX_POINT('',#514);
#514 = CARTESIAN_POINT('',(27.25,-119.,1.545));
#515 = LINE('',#516,#517);
#516 = CARTESIAN_POINT('',(30.5,-119.,1.545));
#517 = VECTOR('',#518,1.);
#518 = DIRECTION('',(-1.,0.,0.));
#519 = ORIENTED_EDGE('',*,*,#520,.F.);
#520 = EDGE_CURVE('',#521,#513,#523,.T.);
#521 = VERTEX_POINT('',#522);
#522 = CARTESIAN_POINT('',(27.25,-119.,1.51));
#523 = LINE('',#524,#525);
#524 = CARTESIAN_POINT('',(27.25,-119.,1.51));
#525 = VECTOR('',#526,1.);
#526 = DIRECTION('',(0.,0.,1.));
#527 = ORIENTED_EDGE('',*,*,#528,.F.);
#528 = EDGE_CURVE('',#489,#521,#529,.T.);
#529 = LINE('',#530,#531);
#530 = CARTESIAN_POINT('',(30.5,-119.,1.51));
#531 = VECTOR('',#532,1.);
#532 = DIRECTION('',(-1.,0.,0.));
#533 = PLANE('',#534);
#534 = AXIS2_PLACEMENT_3D('',#535,#536,#537);
#535 = CARTESIAN_POINT('',(30.5,-119.,1.51));
#536 = DIRECTION('',(0.,-1.,0.));
#537 = DIRECTION('',(-1.,0.,0.));
#538 = ADVANCED_FACE('',(#539),#566,.T.);
#539 = FACE_BOUND('',#540,.T.);
#540 = EDGE_LOOP('',(#541,#542,#551,#559));
#541 = ORIENTED_EDGE('',*,*,#520,.T.);
#542 = ORIENTED_EDGE('',*,*,#543,.T.);
#543 = EDGE_CURVE('',#513,#544,#546,.T.);
#544 = VERTEX_POINT('',#545);
#545 = CARTESIAN_POINT('',(27.25,-118.,1.545));
#546 = CIRCLE('',#547,0.5);
#547 = AXIS2_PLACEMENT_3D('',#548,#549,#550);
#548 = CARTESIAN_POINT('',(27.25000044334,-118.5,1.545));
#549 = DIRECTION('',(0.,0.,-1.));
#550 = DIRECTION('',(-8.866804392934E-07,-1.,-0.));
#551 = ORIENTED_EDGE('',*,*,#552,.F.);
#552 = EDGE_CURVE('',#553,#544,#555,.T.);
#553 = VERTEX_POINT('',#554);
#554 = CARTESIAN_POINT('',(27.25,-118.,1.51));
#555 = LINE('',#556,#557);
#556 = CARTESIAN_POINT('',(27.25,-118.,1.51));
#557 = VECTOR('',#558,1.);
#558 = DIRECTION('',(0.,0.,1.));
#559 = ORIENTED_EDGE('',*,*,#560,.F.);
#560 = EDGE_CURVE('',#521,#553,#561,.T.);
#561 = CIRCLE('',#562,0.5);
#562 = AXIS2_PLACEMENT_3D('',#563,#564,#565);
#563 = CARTESIAN_POINT('',(27.25000044334,-118.5,1.51));
#564 = DIRECTION('',(0.,0.,-1.));
#565 = DIRECTION('',(-8.866804392934E-07,-1.,-0.));
#566 = CYLINDRICAL_SURFACE('',#567,0.5);
#567 = AXIS2_PLACEMENT_3D('',#568,#569,#570);
#568 = CARTESIAN_POINT('',(27.25000044334,-118.5,1.51));
#569 = DIRECTION('',(0.,0.,-1.));
#570 = DIRECTION('',(-8.866804392934E-07,-1.,-0.));
#571 = ADVANCED_FACE('',(#572),#597,.T.);
#572 = FACE_BOUND('',#573,.T.);
#573 = EDGE_LOOP('',(#574,#575,#583,#591));
#574 = ORIENTED_EDGE('',*,*,#552,.T.);
#575 = ORIENTED_EDGE('',*,*,#576,.T.);
#576 = EDGE_CURVE('',#544,#577,#579,.T.);
#577 = VERTEX_POINT('',#578);
#578 = CARTESIAN_POINT('',(30.292894,-118.,1.545));
#579 = LINE('',#580,#581);
#580 = CARTESIAN_POINT('',(27.25,-118.,1.545));
#581 = VECTOR('',#582,1.);
#582 = DIRECTION('',(1.,0.,0.));
#583 = ORIENTED_EDGE('',*,*,#584,.F.);
#584 = EDGE_CURVE('',#585,#577,#587,.T.);
#585 = VERTEX_POINT('',#586);
#586 = CARTESIAN_POINT('',(30.292894,-118.,1.51));
#587 = LINE('',#588,#589);
#588 = CARTESIAN_POINT('',(30.292894,-118.,1.51));
#589 = VECTOR('',#590,1.);
#590 = DIRECTION('',(0.,0.,1.));
#591 = ORIENTED_EDGE('',*,*,#592,.F.);
#592 = EDGE_CURVE('',#553,#585,#593,.T.);
#593 = LINE('',#594,#595);
#594 = CARTESIAN_POINT('',(27.25,-118.,1.51));
#595 = VECTOR('',#596,1.);
#596 = DIRECTION('',(1.,0.,0.));
#597 = PLANE('',#598);
#598 = AXIS2_PLACEMENT_3D('',#599,#600,#601);
#599 = CARTESIAN_POINT('',(27.25,-118.,1.51));
#600 = DIRECTION('',(0.,1.,0.));
#601 = DIRECTION('',(1.,0.,0.));
#602 = ADVANCED_FACE('',(#603),#628,.T.);
#603 = FACE_BOUND('',#604,.T.);
#604 = EDGE_LOOP('',(#605,#606,#614,#622));
#605 = ORIENTED_EDGE('',*,*,#584,.T.);
#606 = ORIENTED_EDGE('',*,*,#607,.T.);
#607 = EDGE_CURVE('',#577,#608,#610,.T.);
#608 = VERTEX_POINT('',#609);
#609 = CARTESIAN_POINT('',(31.5,-116.792893,1.545));
#610 = LINE('',#611,#612);
#611 = CARTESIAN_POINT('',(30.292894,-118.,1.545));
#612 = VECTOR('',#613,1.);
#613 = DIRECTION('',(0.707106488293,0.70710707408,0.));
#614 = ORIENTED_EDGE('',*,*,#615,.F.);
#615 = EDGE_CURVE('',#616,#608,#618,.T.);
#616 = VERTEX_POINT('',#617);
#617 = CARTESIAN_POINT('',(31.5,-116.792893,1.51));
#618 = LINE('',#619,#620);
#619 = CARTESIAN_POINT('',(31.5,-116.792893,1.51));
#620 = VECTOR('',#621,1.);
#621 = DIRECTION('',(0.,0.,1.));
#622 = ORIENTED_EDGE('',*,*,#623,.F.);
#623 = EDGE_CURVE('',#585,#616,#624,.T.);
#624 = LINE('',#625,#626);
#625 = CARTESIAN_POINT('',(30.292894,-118.,1.51));
#626 = VECTOR('',#627,1.);
#627 = DIRECTION('',(0.707106488293,0.70710707408,0.));
#628 = PLANE('',#629);
#629 = AXIS2_PLACEMENT_3D('',#630,#631,#632);
#630 = CARTESIAN_POINT('',(30.292894,-118.,1.51));
#631 = DIRECTION('',(-0.70710707408,0.707106488293,0.));
#632 = DIRECTION('',(0.707106488293,0.70710707408,0.));
#633 = ADVANCED_FACE('',(#634),#659,.T.);
#634 = FACE_BOUND('',#635,.T.);
#635 = EDGE_LOOP('',(#636,#637,#645,#653));
#636 = ORIENTED_EDGE('',*,*,#615,.T.);
#637 = ORIENTED_EDGE('',*,*,#638,.T.);
#638 = EDGE_CURVE('',#608,#639,#641,.T.);
#639 = VERTEX_POINT('',#640);
#640 = CARTESIAN_POINT('',(31.5,-85.707107,1.545));
#641 = LINE('',#642,#643);
#642 = CARTESIAN_POINT('',(31.5,-116.792893,1.545));
#643 = VECTOR('',#644,1.);
#644 = DIRECTION('',(0.,1.,0.));
#645 = ORIENTED_EDGE('',*,*,#646,.F.);
#646 = EDGE_CURVE('',#647,#639,#649,.T.);
#647 = VERTEX_POINT('',#648);
#648 = CARTESIAN_POINT('',(31.5,-85.707107,1.51));
#649 = LINE('',#650,#651);
#650 = CARTESIAN_POINT('',(31.5,-85.707107,1.51));
#651 = VECTOR('',#652,1.);
#652 = DIRECTION('',(0.,0.,1.));
#653 = ORIENTED_EDGE('',*,*,#654,.F.);
#654 = EDGE_CURVE('',#616,#647,#655,.T.);
#655 = LINE('',#656,#657);
#656 = CARTESIAN_POINT('',(31.5,-116.792893,1.51));
#657 = VECTOR('',#658,1.);
#658 = DIRECTION('',(0.,1.,0.));
#659 = PLANE('',#660);
#660 = AXIS2_PLACEMENT_3D('',#661,#662,#663);
#661 = CARTESIAN_POINT('',(31.5,-116.792893,1.51));
#662 = DIRECTION('',(-1.,0.,0.));
#663 = DIRECTION('',(0.,1.,0.));
#664 = ADVANCED_FACE('',(#665),#690,.T.);
#665 = FACE_BOUND('',#666,.T.);
#666 = EDGE_LOOP('',(#667,#668,#676,#684));
#667 = ORIENTED_EDGE('',*,*,#646,.T.);
#668 = ORIENTED_EDGE('',*,*,#669,.T.);
#669 = EDGE_CURVE('',#639,#670,#672,.T.);
#670 = VERTEX_POINT('',#671);
#671 = CARTESIAN_POINT('',(28.292893,-82.5,1.545));
#672 = LINE('',#673,#674);
#673 = CARTESIAN_POINT('',(31.5,-85.707107,1.545));
#674 = VECTOR('',#675,1.);
#675 = DIRECTION('',(-0.707106781187,0.707106781187,0.));
#676 = ORIENTED_EDGE('',*,*,#677,.F.);
#677 = EDGE_CURVE('',#678,#670,#680,.T.);
#678 = VERTEX_POINT('',#679);
#679 = CARTESIAN_POINT('',(28.292893,-82.5,1.51));
#680 = LINE('',#681,#682);
#681 = CARTESIAN_POINT('',(28.292893,-82.5,1.51));
#682 = VECTOR('',#683,1.);
#683 = DIRECTION('',(0.,0.,1.));
#684 = ORIENTED_EDGE('',*,*,#685,.F.);
#685 = EDGE_CURVE('',#647,#678,#686,.T.);
#686 = LINE('',#687,#688);
#687 = CARTESIAN_POINT('',(31.5,-85.707107,1.51));
#688 = VECTOR('',#689,1.);
#689 = DIRECTION('',(-0.707106781187,0.707106781187,0.));
#690 = PLANE('',#691);
#691 = AXIS2_PLACEMENT_3D('',#692,#693,#694);
#692 = CARTESIAN_POINT('',(31.5,-85.707107,1.51));
#693 = DIRECTION('',(-0.707106781187,-0.707106781187,0.));
#694 = DIRECTION('',(-0.707106781187,0.707106781187,0.));
#695 = ADVANCED_FACE('',(#696),#712,.T.);
#696 = FACE_BOUND('',#697,.T.);
#697 = EDGE_LOOP('',(#698,#699,#705,#706));
#698 = ORIENTED_EDGE('',*,*,#677,.T.);
#699 = ORIENTED_EDGE('',*,*,#700,.T.);
#700 = EDGE_CURVE('',#670,#216,#701,.T.);
#701 = LINE('',#702,#703);
#702 = CARTESIAN_POINT('',(28.292893,-82.5,1.545));
#703 = VECTOR('',#704,1.);
#704 = DIRECTION('',(-1.,0.,0.));
#705 = ORIENTED_EDGE('',*,*,#213,.F.);
#706 = ORIENTED_EDGE('',*,*,#707,.F.);
#707 = EDGE_CURVE('',#678,#214,#708,.T.);
#708 = LINE('',#709,#710);
#709 = CARTESIAN_POINT('',(28.292893,-82.5,1.51));
#710 = VECTOR('',#711,1.);
#711 = DIRECTION('',(-1.,0.,0.));
#712 = PLANE('',#713);
#713 = AXIS2_PLACEMENT_3D('',#714,#715,#716);
#714 = CARTESIAN_POINT('',(28.292893,-82.5,1.51));
#715 = DIRECTION('',(0.,-1.,0.));
#716 = DIRECTION('',(-1.,0.,0.));
#717 = ADVANCED_FACE('',(#718),#736,.F.);
#718 = FACE_BOUND('',#719,.T.);
#719 = EDGE_LOOP('',(#720,#721,#722,#723,#724,#725,#726,#727,#728,#729,
    #730,#731,#732,#733,#734,#735));
#720 = ORIENTED_EDGE('',*,*,#240,.T.);
#721 = ORIENTED_EDGE('',*,*,#272,.T.);
#722 = ORIENTED_EDGE('',*,*,#304,.T.);
#723 = ORIENTED_EDGE('',*,*,#336,.T.);
#724 = ORIENTED_EDGE('',*,*,#368,.T.);
#725 = ORIENTED_EDGE('',*,*,#400,.T.);
#726 = ORIENTED_EDGE('',*,*,#432,.T.);
#727 = ORIENTED_EDGE('',*,*,#464,.T.);
#728 = ORIENTED_EDGE('',*,*,#496,.T.);
#729 = ORIENTED_EDGE('',*,*,#528,.T.);
#730 = ORIENTED_EDGE('',*,*,#560,.T.);
#731 = ORIENTED_EDGE('',*,*,#592,.T.);
#732 = ORIENTED_EDGE('',*,*,#623,.T.);
#733 = ORIENTED_EDGE('',*,*,#654,.T.);
#734 = ORIENTED_EDGE('',*,*,#685,.T.);
#735 = ORIENTED_EDGE('',*,*,#707,.T.);
#736 = PLANE('',#737);
#737 = AXIS2_PLACEMENT_3D('',#738,#739,#740);
#738 = CARTESIAN_POINT('',(0.,0.,1.51));
#739 = DIRECTION('',(0.,0.,1.));
#740 = DIRECTION('',(1.,0.,-0.));
#741 = ADVANCED_FACE('',(#742),#760,.T.);
#742 = FACE_BOUND('',#743,.F.);
#743 = EDGE_LOOP('',(#744,#745,#746,#747,#748,#749,#750,#751,#752,#753,
    #754,#755,#756,#757,#758,#759));
#744 = ORIENTED_EDGE('',*,*,#223,.T.);
#745 = ORIENTED_EDGE('',*,*,#256,.T.);
#746 = ORIENTED_EDGE('',*,*,#287,.T.);
#747 = ORIENTED_EDGE('',*,*,#320,.T.);
#748 = ORIENTED_EDGE('',*,*,#351,.T.);
#749 = ORIENTED_EDGE('',*,*,#384,.T.);
#750 = ORIENTED_EDGE('',*,*,#415,.T.);
#751 = ORIENTED_EDGE('',*,*,#448,.T.);
#752 = ORIENTED_EDGE('',*,*,#479,.T.);
#753 = ORIENTED_EDGE('',*,*,#512,.T.);
#754 = ORIENTED_EDGE('',*,*,#543,.T.);
#755 = ORIENTED_EDGE('',*,*,#576,.T.);
#756 = ORIENTED_EDGE('',*,*,#607,.T.);
#757 = ORIENTED_EDGE('',*,*,#638,.T.);
#758 = ORIENTED_EDGE('',*,*,#669,.T.);
#759 = ORIENTED_EDGE('',*,*,#700,.T.);
#760 = PLANE('',#761);
#761 = AXIS2_PLACEMENT_3D('',#762,#763,#764);
#762 = CARTESIAN_POINT('',(0.,0.,1.545));
#763 = DIRECTION('',(0.,0.,1.));
#764 = DIRECTION('',(1.,0.,-0.));
#765 = ( GEOMETRIC_REPRESENTATION_CONTEXT(3) 
GLOBAL_UNCERTAINTY_ASSIGNED_CONTEXT((#769)) GLOBAL_UNIT_ASSIGNED_CONTEXT
((#766,#767,#768)) REPRESENTATION_CONTEXT('Context #1',
  '3D Context with UNIT and UNCERTAINTY') );
#766 = ( LENGTH_UNIT() NAMED_UNIT(*) SI_UNIT(.MILLI.,.METRE.) );
#767 = ( NAMED_UNIT(*) PLANE_ANGLE_UNIT() SI_UNIT($,.RADIAN.) );
#768 = ( NAMED_UNIT(*) SI_UNIT($,.STERADIAN.) SOLID_ANGLE_UNIT() );
#769 = UNCERTAINTY_MEASURE_WITH_UNIT(LENGTH_MEASURE(1.E-07),#766,
  'distance_accuracy_value','confusion accuracy');
#770 = CONTEXT_DEPENDENT_SHAPE_REPRESENTATION(#771,#773);
#771 = ( REPRESENTATION_RELATIONSHIP('','',#52,#10) 
REPRESENTATION_RELATIONSHIP_WITH_TRANSFORMATION(#772) 
SHAPE_REPRESENTATION_RELATIONSHIP() );
#772 = ITEM_DEFINED_TRANSFORMATION('','',#11,#15);
#773 = PRODUCT_DEFINITION_SHAPE('Placement','Placement of an item',#774
  );
#774 = NEXT_ASSEMBLY_USAGE_OCCURRENCE('1','=>[0:1:1:2]','',#5,#47,$);
#775 = PRODUCT_RELATED_PRODUCT_CATEGORY('part',$,(#49));
#776 = SHAPE_DEFINITION_REPRESENTATION(#777,#783);
#777 = PRODUCT_DEFINITION_SHAPE('','',#778);
#778 = PRODUCT_DEFINITION('design','',#779,#782);
#779 = PRODUCT_DEFINITION_FORMATION('','',#780);
#780 = PRODUCT('endcap_pad','endcap_pad','',(#781));
#781 = PRODUCT_CONTEXT('',#2,'mechanical');
#782 = PRODUCT_DEFINITION_CONTEXT('part definition',#2,'design');
#783 = SHAPE_REPRESENTATION('',(#11,#784,#876,#968,#1060,#1152,#1244,
    #1336,#1626,#1916,#2206,#2496,#2786,#3076,#3366,#3656,#3946,#4236,
    #4526,#4816,#5106,#5396),#5686);
#784 = MANIFOLD_SOLID_BREP('',#785);
#785 = CLOSED_SHELL('',(#786,#819,#839,#859));
#786 = ADVANCED_FACE('',(#787),#814,.T.);
#787 = FACE_BOUND('',#788,.F.);
#788 = EDGE_LOOP('',(#789,#799,#806,#807));
#789 = ORIENTED_EDGE('',*,*,#790,.T.);
#790 = EDGE_CURVE('',#791,#793,#795,.T.);
#791 = VERTEX_POINT('',#792);
#792 = CARTESIAN_POINT('',(33.199999,-171.,1.51));
#793 = VERTEX_POINT('',#794);
#794 = CARTESIAN_POINT('',(33.199999,-171.,1.55));
#795 = LINE('',#796,#797);
#796 = CARTESIAN_POINT('',(33.199999,-171.,1.51));
#797 = VECTOR('',#798,1.);
#798 = DIRECTION('',(0.,0.,1.));
#799 = ORIENTED_EDGE('',*,*,#800,.T.);
#800 = EDGE_CURVE('',#793,#793,#801,.T.);
#801 = CIRCLE('',#802,3.199999);
#802 = AXIS2_PLACEMENT_3D('',#803,#804,#805);
#803 = CARTESIAN_POINT('',(30.,-171.,1.55));
#804 = DIRECTION('',(0.,0.,1.));
#805 = DIRECTION('',(1.,0.,-0.));
#806 = ORIENTED_EDGE('',*,*,#790,.F.);
#807 = ORIENTED_EDGE('',*,*,#808,.F.);
#808 = EDGE_CURVE('',#791,#791,#809,.T.);
#809 = CIRCLE('',#810,3.199999);
#810 = AXIS2_PLACEMENT_3D('',#811,#812,#813);
#811 = CARTESIAN_POINT('',(30.,-171.,1.51));
#812 = DIRECTION('',(0.,0.,1.));
#813 = DIRECTION('',(1.,0.,-0.));
#814 = CYLINDRICAL_SURFACE('',#815,3.199999);
#815 = AXIS2_PLACEMENT_3D('',#816,#817,#818);
#816 = CARTESIAN_POINT('',(30.,-171.,1.51));
#817 = DIRECTION('',(-0.,-0.,-1.));
#818 = DIRECTION('',(1.,0.,-0.));
#819 = ADVANCED_FACE('',(#820,#823),#834,.F.);
#820 = FACE_BOUND('',#821,.F.);
#821 = EDGE_LOOP('',(#822));
#822 = ORIENTED_EDGE('',*,*,#808,.T.);
#823 = FACE_BOUND('',#824,.F.);
#824 = EDGE_LOOP('',(#825));
#825 = ORIENTED_EDGE('',*,*,#826,.T.);
#826 = EDGE_CURVE('',#827,#827,#829,.T.);
#827 = VERTEX_POINT('',#828);
#828 = CARTESIAN_POINT('',(30.,-172.575,1.51));
#829 = CIRCLE('',#830,1.575);
#830 = AXIS2_PLACEMENT_3D('',#831,#832,#833);
#831 = CARTESIAN_POINT('',(30.,-171.,1.51));
#832 = DIRECTION('',(-0.,0.,-1.));
#833 = DIRECTION('',(-0.,-1.,0.));
#834 = PLANE('',#835);
#835 = AXIS2_PLACEMENT_3D('',#836,#837,#838);
#836 = CARTESIAN_POINT('',(0.,0.,1.51));
#837 = DIRECTION('',(0.,0.,1.));
#838 = DIRECTION('',(1.,0.,-0.));
#839 = ADVANCED_FACE('',(#840,#843),#854,.T.);
#840 = FACE_BOUND('',#841,.T.);
#841 = EDGE_LOOP('',(#842));
#842 = ORIENTED_EDGE('',*,*,#800,.T.);
#843 = FACE_BOUND('',#844,.T.);
#844 = EDGE_LOOP('',(#845));
#845 = ORIENTED_EDGE('',*,*,#846,.T.);
#846 = EDGE_CURVE('',#847,#847,#849,.T.);
#847 = VERTEX_POINT('',#848);
#848 = CARTESIAN_POINT('',(30.,-172.575,1.55));
#849 = CIRCLE('',#850,1.575);
#850 = AXIS2_PLACEMENT_3D('',#851,#852,#853);
#851 = CARTESIAN_POINT('',(30.,-171.,1.55));
#852 = DIRECTION('',(-0.,0.,-1.));
#853 = DIRECTION('',(-0.,-1.,0.));
#854 = PLANE('',#855);
#855 = AXIS2_PLACEMENT_3D('',#856,#857,#858);
#856 = CARTESIAN_POINT('',(0.,0.,1.55));
#857 = DIRECTION('',(0.,0.,1.));
#858 = DIRECTION('',(1.,0.,-0.));
#859 = ADVANCED_FACE('',(#860),#871,.F.);
#860 = FACE_BOUND('',#861,.T.);
#861 = EDGE_LOOP('',(#862,#863,#869,#870));
#862 = ORIENTED_EDGE('',*,*,#826,.T.);
#863 = ORIENTED_EDGE('',*,*,#864,.T.);
#864 = EDGE_CURVE('',#827,#847,#865,.T.);
#865 = LINE('',#866,#867);
#866 = CARTESIAN_POINT('',(30.,-172.575,-4.6E-02));
#867 = VECTOR('',#868,1.);
#868 = DIRECTION('',(0.,0.,1.));
#869 = ORIENTED_EDGE('',*,*,#846,.F.);
#870 = ORIENTED_EDGE('',*,*,#864,.F.);
#871 = CYLINDRICAL_SURFACE('',#872,1.575);
#872 = AXIS2_PLACEMENT_3D('',#873,#874,#875);
#873 = CARTESIAN_POINT('',(30.,-171.,-4.6E-02));
#874 = DIRECTION('',(-0.,-0.,-1.));
#875 = DIRECTION('',(-0.,-1.,0.));
#876 = MANIFOLD_SOLID_BREP('',#877);
#877 = CLOSED_SHELL('',(#878,#911,#931,#951));
#878 = ADVANCED_FACE('',(#879),#906,.T.);
#879 = FACE_BOUND('',#880,.T.);
#880 = EDGE_LOOP('',(#881,#891,#898,#899));
#881 = ORIENTED_EDGE('',*,*,#882,.T.);
#882 = EDGE_CURVE('',#883,#885,#887,.T.);
#883 = VERTEX_POINT('',#884);
#884 = CARTESIAN_POINT('',(33.199999,-171.,0.));
#885 = VERTEX_POINT('',#886);
#886 = CARTESIAN_POINT('',(33.199999,-171.,-4.E-02));
#887 = LINE('',#888,#889);
#888 = CARTESIAN_POINT('',(33.199999,-171.,0.));
#889 = VECTOR('',#890,1.);
#890 = DIRECTION('',(0.,0.,-1.));
#891 = ORIENTED_EDGE('',*,*,#892,.T.);
#892 = EDGE_CURVE('',#885,#885,#893,.T.);
#893 = CIRCLE('',#894,3.199999);
#894 = AXIS2_PLACEMENT_3D('',#895,#896,#897);
#895 = CARTESIAN_POINT('',(30.,-171.,-4.E-02));
#896 = DIRECTION('',(0.,0.,1.));
#897 = DIRECTION('',(1.,0.,-0.));
#898 = ORIENTED_EDGE('',*,*,#882,.F.);
#899 = ORIENTED_EDGE('',*,*,#900,.F.);
#900 = EDGE_CURVE('',#883,#883,#901,.T.);
#901 = CIRCLE('',#902,3.199999);
#902 = AXIS2_PLACEMENT_3D('',#903,#904,#905);
#903 = CARTESIAN_POINT('',(30.,-171.,0.));
#904 = DIRECTION('',(0.,0.,1.));
#905 = DIRECTION('',(1.,0.,-0.));
#906 = CYLINDRICAL_SURFACE('',#907,3.199999);
#907 = AXIS2_PLACEMENT_3D('',#908,#909,#910);
#908 = CARTESIAN_POINT('',(30.,-171.,0.));
#909 = DIRECTION('',(0.,0.,1.));
#910 = DIRECTION('',(1.,0.,-0.));
#911 = ADVANCED_FACE('',(#912,#915),#926,.F.);
#912 = FACE_BOUND('',#913,.F.);
#913 = EDGE_LOOP('',(#914));
#914 = ORIENTED_EDGE('',*,*,#900,.F.);
#915 = FACE_BOUND('',#916,.F.);
#916 = EDGE_LOOP('',(#917));
#917 = ORIENTED_EDGE('',*,*,#918,.F.);
#918 = EDGE_CURVE('',#919,#919,#921,.T.);
#919 = VERTEX_POINT('',#920);
#920 = CARTESIAN_POINT('',(30.,-172.575,0.));
#921 = CIRCLE('',#922,1.575);
#922 = AXIS2_PLACEMENT_3D('',#923,#924,#925);
#923 = CARTESIAN_POINT('',(30.,-171.,0.));
#924 = DIRECTION('',(-0.,0.,-1.));
#925 = DIRECTION('',(-0.,-1.,0.));
#926 = PLANE('',#927);
#927 = AXIS2_PLACEMENT_3D('',#928,#929,#930);
#928 = CARTESIAN_POINT('',(0.,0.,0.));
#929 = DIRECTION('',(-0.,-0.,-1.));
#930 = DIRECTION('',(-1.,0.,0.));
#931 = ADVANCED_FACE('',(#932,#935),#946,.T.);
#932 = FACE_BOUND('',#933,.T.);
#933 = EDGE_LOOP('',(#934));
#934 = ORIENTED_EDGE('',*,*,#892,.F.);
#935 = FACE_BOUND('',#936,.T.);
#936 = EDGE_LOOP('',(#937));
#937 = ORIENTED_EDGE('',*,*,#938,.F.);
#938 = EDGE_CURVE('',#939,#939,#941,.T.);
#939 = VERTEX_POINT('',#940);
#940 = CARTESIAN_POINT('',(30.,-172.575,-4.E-02));
#941 = CIRCLE('',#942,1.575);
#942 = AXIS2_PLACEMENT_3D('',#943,#944,#945);
#943 = CARTESIAN_POINT('',(30.,-171.,-4.E-02));
#944 = DIRECTION('',(-0.,0.,-1.));
#945 = DIRECTION('',(-0.,-1.,0.));
#946 = PLANE('',#947);
#947 = AXIS2_PLACEMENT_3D('',#948,#949,#950);
#948 = CARTESIAN_POINT('',(0.,0.,-4.E-02));
#949 = DIRECTION('',(-0.,-0.,-1.));
#950 = DIRECTION('',(-1.,0.,0.));
#951 = ADVANCED_FACE('',(#952),#963,.F.);
#952 = FACE_BOUND('',#953,.T.);
#953 = EDGE_LOOP('',(#954,#955,#961,#962));
#954 = ORIENTED_EDGE('',*,*,#938,.T.);
#955 = ORIENTED_EDGE('',*,*,#956,.T.);
#956 = EDGE_CURVE('',#939,#919,#957,.T.);
#957 = LINE('',#958,#959);
#958 = CARTESIAN_POINT('',(30.,-172.575,-4.6E-02));
#959 = VECTOR('',#960,1.);
#960 = DIRECTION('',(0.,0.,1.));
#961 = ORIENTED_EDGE('',*,*,#918,.F.);
#962 = ORIENTED_EDGE('',*,*,#956,.F.);
#963 = CYLINDRICAL_SURFACE('',#964,1.575);
#964 = AXIS2_PLACEMENT_3D('',#965,#966,#967);
#965 = CARTESIAN_POINT('',(30.,-171.,-4.6E-02));
#966 = DIRECTION('',(-0.,-0.,-1.));
#967 = DIRECTION('',(-0.,-1.,0.));
#968 = MANIFOLD_SOLID_BREP('',#969);
#969 = CLOSED_SHELL('',(#970,#1003,#1023,#1043));
#970 = ADVANCED_FACE('',(#971),#998,.T.);
#971 = FACE_BOUND('',#972,.F.);
#972 = EDGE_LOOP('',(#973,#983,#990,#991));
#973 = ORIENTED_EDGE('',*,*,#974,.T.);
#974 = EDGE_CURVE('',#975,#977,#979,.T.);
#975 = VERTEX_POINT('',#976);
#976 = CARTESIAN_POINT('',(30.,-172.6,-4.E-02));
#977 = VERTEX_POINT('',#978);
#978 = CARTESIAN_POINT('',(30.,-172.6,1.55));
#979 = LINE('',#980,#981);
#980 = CARTESIAN_POINT('',(30.,-172.6,-4.E-02));
#981 = VECTOR('',#982,1.);
#982 = DIRECTION('',(0.,0.,1.));
#983 = ORIENTED_EDGE('',*,*,#984,.T.);
#984 = EDGE_CURVE('',#977,#977,#985,.T.);
#985 = CIRCLE('',#986,1.6);
#986 = AXIS2_PLACEMENT_3D('',#987,#988,#989);
#987 = CARTESIAN_POINT('',(30.,-171.,1.55));
#988 = DIRECTION('',(0.,0.,1.));
#989 = DIRECTION('',(-0.,-1.,0.));
#990 = ORIENTED_EDGE('',*,*,#974,.F.);
#991 = ORIENTED_EDGE('',*,*,#992,.F.);
#992 = EDGE_CURVE('',#975,#975,#993,.T.);
#993 = CIRCLE('',#994,1.6);
#994 = AXIS2_PLACEMENT_3D('',#995,#996,#997);
#995 = CARTESIAN_POINT('',(30.,-171.,-4.E-02));
#996 = DIRECTION('',(0.,0.,1.));
#997 = DIRECTION('',(-0.,-1.,0.));
#998 = CYLINDRICAL_SURFACE('',#999,1.6);
#999 = AXIS2_PLACEMENT_3D('',#1000,#1001,#1002);
#1000 = CARTESIAN_POINT('',(30.,-171.,-4.E-02));
#1001 = DIRECTION('',(-0.,-0.,-1.));
#1002 = DIRECTION('',(-0.,-1.,0.));
#1003 = ADVANCED_FACE('',(#1004,#1007),#1018,.F.);
#1004 = FACE_BOUND('',#1005,.F.);
#1005 = EDGE_LOOP('',(#1006));
#1006 = ORIENTED_EDGE('',*,*,#992,.T.);
#1007 = FACE_BOUND('',#1008,.F.);
#1008 = EDGE_LOOP('',(#1009));
#1009 = ORIENTED_EDGE('',*,*,#1010,.T.);
#1010 = EDGE_CURVE('',#1011,#1011,#1013,.T.);
#1011 = VERTEX_POINT('',#1012);
#1012 = CARTESIAN_POINT('',(30.,-172.575,-4.E-02));
#1013 = CIRCLE('',#1014,1.575);
#1014 = AXIS2_PLACEMENT_3D('',#1015,#1016,#1017);
#1015 = CARTESIAN_POINT('',(30.,-171.,-4.E-02));
#1016 = DIRECTION('',(-0.,0.,-1.));
#1017 = DIRECTION('',(-0.,-1.,0.));
#1018 = PLANE('',#1019);
#1019 = AXIS2_PLACEMENT_3D('',#1020,#1021,#1022);
#1020 = CARTESIAN_POINT('',(30.,-172.6,-4.E-02));
#1021 = DIRECTION('',(0.,0.,1.));
#1022 = DIRECTION('',(1.,0.,-0.));
#1023 = ADVANCED_FACE('',(#1024,#1027),#1038,.T.);
#1024 = FACE_BOUND('',#1025,.T.);
#1025 = EDGE_LOOP('',(#1026));
#1026 = ORIENTED_EDGE('',*,*,#984,.T.);
#1027 = FACE_BOUND('',#1028,.T.);
#1028 = EDGE_LOOP('',(#1029));
#1029 = ORIENTED_EDGE('',*,*,#1030,.T.);
#1030 = EDGE_CURVE('',#1031,#1031,#1033,.T.);
#1031 = VERTEX_POINT('',#1032);
#1032 = CARTESIAN_POINT('',(30.,-172.575,1.55));
#1033 = CIRCLE('',#1034,1.575);
#1034 = AXIS2_PLACEMENT_3D('',#1035,#1036,#1037);
#1035 = CARTESIAN_POINT('',(30.,-171.,1.55));
#1036 = DIRECTION('',(-0.,0.,-1.));
#1037 = DIRECTION('',(-0.,-1.,0.));
#1038 = PLANE('',#1039);
#1039 = AXIS2_PLACEMENT_3D('',#1040,#1041,#1042);
#1040 = CARTESIAN_POINT('',(30.,-172.6,1.55));
#1041 = DIRECTION('',(0.,0.,1.));
#1042 = DIRECTION('',(1.,0.,-0.));
#1043 = ADVANCED_FACE('',(#1044),#1055,.F.);
#1044 = FACE_BOUND('',#1045,.T.);
#1045 = EDGE_LOOP('',(#1046,#1047,#1053,#1054));
#1046 = ORIENTED_EDGE('',*,*,#1010,.T.);
#1047 = ORIENTED_EDGE('',*,*,#1048,.T.);
#1048 = EDGE_CURVE('',#1011,#1031,#1049,.T.);
#1049 = LINE('',#1050,#1051);
#1050 = CARTESIAN_POINT('',(30.,-172.575,-4.6E-02));
#1051 = VECTOR('',#1052,1.);
#1052 = DIRECTION('',(0.,0.,1.));
#1053 = ORIENTED_EDGE('',*,*,#1030,.F.);
#1054 = ORIENTED_EDGE('',*,*,#1048,.F.);
#1055 = CYLINDRICAL_SURFACE('',#1056,1.575);
#1056 = AXIS2_PLACEMENT_3D('',#1057,#1058,#1059);
#1057 = CARTESIAN_POINT('',(30.,-171.,-4.6E-02));
#1058 = DIRECTION('',(-0.,-0.,-1.));
#1059 = DIRECTION('',(-0.,-1.,0.));
#1060 = MANIFOLD_SOLID_BREP('',#1061);
#1061 = CLOSED_SHELL('',(#1062,#1095,#1115,#1135));
#1062 = ADVANCED_FACE('',(#1063),#1090,.T.);
#1063 = FACE_BOUND('',#1064,.F.);
#1064 = EDGE_LOOP('',(#1065,#1075,#1082,#1083));
#1065 = ORIENTED_EDGE('',*,*,#1066,.T.);
#1066 = EDGE_CURVE('',#1067,#1069,#1071,.T.);
#1067 = VERTEX_POINT('',#1068);
#1068 = CARTESIAN_POINT('',(33.199999,-29.,1.51));
#1069 = VERTEX_POINT('',#1070);
#1070 = CARTESIAN_POINT('',(33.199999,-29.,1.55));
#1071 = LINE('',#1072,#1073);
#1072 = CARTESIAN_POINT('',(33.199999,-29.,1.51));
#1073 = VECTOR('',#1074,1.);
#1074 = DIRECTION('',(0.,0.,1.));
#1075 = ORIENTED_EDGE('',*,*,#1076,.T.);
#1076 = EDGE_CURVE('',#1069,#1069,#1077,.T.);
#1077 = CIRCLE('',#1078,3.199999);
#1078 = AXIS2_PLACEMENT_3D('',#1079,#1080,#1081);
#1079 = CARTESIAN_POINT('',(30.,-29.,1.55));
#1080 = DIRECTION('',(0.,0.,1.));
#1081 = DIRECTION('',(1.,0.,-0.));
#1082 = ORIENTED_EDGE('',*,*,#1066,.F.);
#1083 = ORIENTED_EDGE('',*,*,#1084,.F.);
#1084 = EDGE_CURVE('',#1067,#1067,#1085,.T.);
#1085 = CIRCLE('',#1086,3.199999);
#1086 = AXIS2_PLACEMENT_3D('',#1087,#1088,#1089);
#1087 = CARTESIAN_POINT('',(30.,-29.,1.51));
#1088 = DIRECTION('',(0.,0.,1.));
#1089 = DIRECTION('',(1.,0.,-0.));
#1090 = CYLINDRICAL_SURFACE('',#1091,3.199999);
#1091 = AXIS2_PLACEMENT_3D('',#1092,#1093,#1094);
#1092 = CARTESIAN_POINT('',(30.,-29.,1.51));
#1093 = DIRECTION('',(-0.,-0.,-1.));
#1094 = DIRECTION('',(1.,0.,-0.));
#1095 = ADVANCED_FACE('',(#1096,#1099),#1110,.F.);
#1096 = FACE_BOUND('',#1097,.F.);
#1097 = EDGE_LOOP('',(#1098));
#1098 = ORIENTED_EDGE('',*,*,#1084,.T.);
#1099 = FACE_BOUND('',#1100,.F.);
#1100 = EDGE_LOOP('',(#1101));
#1101 = ORIENTED_EDGE('',*,*,#1102,.T.);
#1102 = EDGE_CURVE('',#1103,#1103,#1105,.T.);
#1103 = VERTEX_POINT('',#1104);
#1104 = CARTESIAN_POINT('',(30.,-30.575,1.51));
#1105 = CIRCLE('',#1106,1.575);
#1106 = AXIS2_PLACEMENT_3D('',#1107,#1108,#1109);
#1107 = CARTESIAN_POINT('',(30.,-29.,1.51));
#1108 = DIRECTION('',(-0.,0.,-1.));
#1109 = DIRECTION('',(-0.,-1.,0.));
#1110 = PLANE('',#1111);
#1111 = AXIS2_PLACEMENT_3D('',#1112,#1113,#1114);
#1112 = CARTESIAN_POINT('',(0.,0.,1.51));
#1113 = DIRECTION('',(0.,0.,1.));
#1114 = DIRECTION('',(1.,0.,-0.));
#1115 = ADVANCED_FACE('',(#1116,#1119),#1130,.T.);
#1116 = FACE_BOUND('',#1117,.T.);
#1117 = EDGE_LOOP('',(#1118));
#1118 = ORIENTED_EDGE('',*,*,#1076,.T.);
#1119 = FACE_BOUND('',#1120,.T.);
#1120 = EDGE_LOOP('',(#1121));
#1121 = ORIENTED_EDGE('',*,*,#1122,.T.);
#1122 = EDGE_CURVE('',#1123,#1123,#1125,.T.);
#1123 = VERTEX_POINT('',#1124);
#1124 = CARTESIAN_POINT('',(30.,-30.575,1.55));
#1125 = CIRCLE('',#1126,1.575);
#1126 = AXIS2_PLACEMENT_3D('',#1127,#1128,#1129);
#1127 = CARTESIAN_POINT('',(30.,-29.,1.55));
#1128 = DIRECTION('',(-0.,0.,-1.));
#1129 = DIRECTION('',(-0.,-1.,0.));
#1130 = PLANE('',#1131);
#1131 = AXIS2_PLACEMENT_3D('',#1132,#1133,#1134);
#1132 = CARTESIAN_POINT('',(0.,0.,1.55));
#1133 = DIRECTION('',(0.,0.,1.));
#1134 = DIRECTION('',(1.,0.,-0.));
#1135 = ADVANCED_FACE('',(#1136),#1147,.F.);
#1136 = FACE_BOUND('',#1137,.T.);
#1137 = EDGE_LOOP('',(#1138,#1139,#1145,#1146));
#1138 = ORIENTED_EDGE('',*,*,#1102,.T.);
#1139 = ORIENTED_EDGE('',*,*,#1140,.T.);
#1140 = EDGE_CURVE('',#1103,#1123,#1141,.T.);
#1141 = LINE('',#1142,#1143);
#1142 = CARTESIAN_POINT('',(30.,-30.575,-4.6E-02));
#1143 = VECTOR('',#1144,1.);
#1144 = DIRECTION('',(0.,0.,1.));
#1145 = ORIENTED_EDGE('',*,*,#1122,.F.);
#1146 = ORIENTED_EDGE('',*,*,#1140,.F.);
#1147 = CYLINDRICAL_SURFACE('',#1148,1.575);
#1148 = AXIS2_PLACEMENT_3D('',#1149,#1150,#1151);
#1149 = CARTESIAN_POINT('',(30.,-29.,-4.6E-02));
#1150 = DIRECTION('',(-0.,-0.,-1.));
#1151 = DIRECTION('',(-0.,-1.,0.));
#1152 = MANIFOLD_SOLID_BREP('',#1153);
#1153 = CLOSED_SHELL('',(#1154,#1187,#1207,#1227));
#1154 = ADVANCED_FACE('',(#1155),#1182,.T.);
#1155 = FACE_BOUND('',#1156,.T.);
#1156 = EDGE_LOOP('',(#1157,#1167,#1174,#1175));
#1157 = ORIENTED_EDGE('',*,*,#1158,.T.);
#1158 = EDGE_CURVE('',#1159,#1161,#1163,.T.);
#1159 = VERTEX_POINT('',#1160);
#1160 = CARTESIAN_POINT('',(33.199999,-29.,0.));
#1161 = VERTEX_POINT('',#1162);
#1162 = CARTESIAN_POINT('',(33.199999,-29.,-4.E-02));
#1163 = LINE('',#1164,#1165);
#1164 = CARTESIAN_POINT('',(33.199999,-29.,0.));
#1165 = VECTOR('',#1166,1.);
#1166 = DIRECTION('',(0.,0.,-1.));
#1167 = ORIENTED_EDGE('',*,*,#1168,.T.);
#1168 = EDGE_CURVE('',#1161,#1161,#1169,.T.);
#1169 = CIRCLE('',#1170,3.199999);
#1170 = AXIS2_PLACEMENT_3D('',#1171,#1172,#1173);
#1171 = CARTESIAN_POINT('',(30.,-29.,-4.E-02));
#1172 = DIRECTION('',(0.,0.,1.));
#1173 = DIRECTION('',(1.,0.,-0.));
#1174 = ORIENTED_EDGE('',*,*,#1158,.F.);
#1175 = ORIENTED_EDGE('',*,*,#1176,.F.);
#1176 = EDGE_CURVE('',#1159,#1159,#1177,.T.);
#1177 = CIRCLE('',#1178,3.199999);
#1178 = AXIS2_PLACEMENT_3D('',#1179,#1180,#1181);
#1179 = CARTESIAN_POINT('',(30.,-29.,0.));
#1180 = DIRECTION('',(0.,0.,1.));
#1181 = DIRECTION('',(1.,0.,-0.));
#1182 = CYLINDRICAL_SURFACE('',#1183,3.199999);
#1183 = AXIS2_PLACEMENT_3D('',#1184,#1185,#1186);
#1184 = CARTESIAN_POINT('',(30.,-29.,0.));
#1185 = DIRECTION('',(0.,0.,1.));
#1186 = DIRECTION('',(1.,0.,-0.));
#1187 = ADVANCED_FACE('',(#1188,#1191),#1202,.F.);
#1188 = FACE_BOUND('',#1189,.F.);
#1189 = EDGE_LOOP('',(#1190));
#1190 = ORIENTED_EDGE('',*,*,#1176,.F.);
#1191 = FACE_BOUND('',#1192,.F.);
#1192 = EDGE_LOOP('',(#1193));
#1193 = ORIENTED_EDGE('',*,*,#1194,.F.);
#1194 = EDGE_CURVE('',#1195,#1195,#1197,.T.);
#1195 = VERTEX_POINT('',#1196);
#1196 = CARTESIAN_POINT('',(30.,-30.575,0.));
#1197 = CIRCLE('',#1198,1.575);
#1198 = AXIS2_PLACEMENT_3D('',#1199,#1200,#1201);
#1199 = CARTESIAN_POINT('',(30.,-29.,0.));
#1200 = DIRECTION('',(-0.,0.,-1.));
#1201 = DIRECTION('',(-0.,-1.,0.));
#1202 = PLANE('',#1203);
#1203 = AXIS2_PLACEMENT_3D('',#1204,#1205,#1206);
#1204 = CARTESIAN_POINT('',(0.,0.,0.));
#1205 = DIRECTION('',(-0.,-0.,-1.));
#1206 = DIRECTION('',(-1.,0.,0.));
#1207 = ADVANCED_FACE('',(#1208,#1211),#1222,.T.);
#1208 = FACE_BOUND('',#1209,.T.);
#1209 = EDGE_LOOP('',(#1210));
#1210 = ORIENTED_EDGE('',*,*,#1168,.F.);
#1211 = FACE_BOUND('',#1212,.T.);
#1212 = EDGE_LOOP('',(#1213));
#1213 = ORIENTED_EDGE('',*,*,#1214,.F.);
#1214 = EDGE_CURVE('',#1215,#1215,#1217,.T.);
#1215 = VERTEX_POINT('',#1216);
#1216 = CARTESIAN_POINT('',(30.,-30.575,-4.E-02));
#1217 = CIRCLE('',#1218,1.575);
#1218 = AXIS2_PLACEMENT_3D('',#1219,#1220,#1221);
#1219 = CARTESIAN_POINT('',(30.,-29.,-4.E-02));
#1220 = DIRECTION('',(-0.,0.,-1.));
#1221 = DIRECTION('',(-0.,-1.,0.));
#1222 = PLANE('',#1223);
#1223 = AXIS2_PLACEMENT_3D('',#1224,#1225,#1226);
#1224 = CARTESIAN_POINT('',(0.,0.,-4.E-02));
#1225 = DIRECTION('',(-0.,-0.,-1.));
#1226 = DIRECTION('',(-1.,0.,0.));
#1227 = ADVANCED_FACE('',(#1228),#1239,.F.);
#1228 = FACE_BOUND('',#1229,.T.);
#1229 = EDGE_LOOP('',(#1230,#1231,#1237,#1238));
#1230 = ORIENTED_EDGE('',*,*,#1214,.T.);
#1231 = ORIENTED_EDGE('',*,*,#1232,.T.);
#1232 = EDGE_CURVE('',#1215,#1195,#1233,.T.);
#1233 = LINE('',#1234,#1235);
#1234 = CARTESIAN_POINT('',(30.,-30.575,-4.6E-02));
#1235 = VECTOR('',#1236,1.);
#1236 = DIRECTION('',(0.,0.,1.));
#1237 = ORIENTED_EDGE('',*,*,#1194,.F.);
#1238 = ORIENTED_EDGE('',*,*,#1232,.F.);
#1239 = CYLINDRICAL_SURFACE('',#1240,1.575);
#1240 = AXIS2_PLACEMENT_3D('',#1241,#1242,#1243);
#1241 = CARTESIAN_POINT('',(30.,-29.,-4.6E-02));
#1242 = DIRECTION('',(-0.,-0.,-1.));
#1243 = DIRECTION('',(-0.,-1.,0.));
#1244 = MANIFOLD_SOLID_BREP('',#1245);
#1245 = CLOSED_SHELL('',(#1246,#1279,#1299,#1319));
#1246 = ADVANCED_FACE('',(#1247),#1274,.T.);
#1247 = FACE_BOUND('',#1248,.F.);
#1248 = EDGE_LOOP('',(#1249,#1259,#1266,#1267));
#1249 = ORIENTED_EDGE('',*,*,#1250,.T.);
#1250 = EDGE_CURVE('',#1251,#1253,#1255,.T.);
#1251 = VERTEX_POINT('',#1252);
#1252 = CARTESIAN_POINT('',(30.,-30.6,-4.E-02));
#1253 = VERTEX_POINT('',#1254);
#1254 = CARTESIAN_POINT('',(30.,-30.6,1.55));
#1255 = LINE('',#1256,#1257);
#1256 = CARTESIAN_POINT('',(30.,-30.6,-4.E-02));
#1257 = VECTOR('',#1258,1.);
#1258 = DIRECTION('',(0.,0.,1.));
#1259 = ORIENTED_EDGE('',*,*,#1260,.T.);
#1260 = EDGE_CURVE('',#1253,#1253,#1261,.T.);
#1261 = CIRCLE('',#1262,1.6);
#1262 = AXIS2_PLACEMENT_3D('',#1263,#1264,#1265);
#1263 = CARTESIAN_POINT('',(30.,-29.,1.55));
#1264 = DIRECTION('',(0.,0.,1.));
#1265 = DIRECTION('',(-0.,-1.,0.));
#1266 = ORIENTED_EDGE('',*,*,#1250,.F.);
#1267 = ORIENTED_EDGE('',*,*,#1268,.F.);
#1268 = EDGE_CURVE('',#1251,#1251,#1269,.T.);
#1269 = CIRCLE('',#1270,1.6);
#1270 = AXIS2_PLACEMENT_3D('',#1271,#1272,#1273);
#1271 = CARTESIAN_POINT('',(30.,-29.,-4.E-02));
#1272 = DIRECTION('',(0.,0.,1.));
#1273 = DIRECTION('',(-0.,-1.,0.));
#1274 = CYLINDRICAL_SURFACE('',#1275,1.6);
#1275 = AXIS2_PLACEMENT_3D('',#1276,#1277,#1278);
#1276 = CARTESIAN_POINT('',(30.,-29.,-4.E-02));
#1277 = DIRECTION('',(-0.,-0.,-1.));
#1278 = DIRECTION('',(-0.,-1.,0.));
#1279 = ADVANCED_FACE('',(#1280,#1283),#1294,.F.);
#1280 = FACE_BOUND('',#1281,.F.);
#1281 = EDGE_LOOP('',(#1282));
#1282 = ORIENTED_EDGE('',*,*,#1268,.T.);
#1283 = FACE_BOUND('',#1284,.F.);
#1284 = EDGE_LOOP('',(#1285));
#1285 = ORIENTED_EDGE('',*,*,#1286,.T.);
#1286 = EDGE_CURVE('',#1287,#1287,#1289,.T.);
#1287 = VERTEX_POINT('',#1288);
#1288 = CARTESIAN_POINT('',(30.,-30.575,-4.E-02));
#1289 = CIRCLE('',#1290,1.575);
#1290 = AXIS2_PLACEMENT_3D('',#1291,#1292,#1293);
#1291 = CARTESIAN_POINT('',(30.,-29.,-4.E-02));
#1292 = DIRECTION('',(-0.,0.,-1.));
#1293 = DIRECTION('',(-0.,-1.,0.));
#1294 = PLANE('',#1295);
#1295 = AXIS2_PLACEMENT_3D('',#1296,#1297,#1298);
#1296 = CARTESIAN_POINT('',(30.,-30.6,-4.E-02));
#1297 = DIRECTION('',(0.,0.,1.));
#1298 = DIRECTION('',(1.,0.,-0.));
#1299 = ADVANCED_FACE('',(#1300,#1303),#1314,.T.);
#1300 = FACE_BOUND('',#1301,.T.);
#1301 = EDGE_LOOP('',(#1302));
#1302 = ORIENTED_EDGE('',*,*,#1260,.T.);
#1303 = FACE_BOUND('',#1304,.T.);
#1304 = EDGE_LOOP('',(#1305));
#1305 = ORIENTED_EDGE('',*,*,#1306,.T.);
#1306 = EDGE_CURVE('',#1307,#1307,#1309,.T.);
#1307 = VERTEX_POINT('',#1308);
#1308 = CARTESIAN_POINT('',(30.,-30.575,1.55));
#1309 = CIRCLE('',#1310,1.575);
#1310 = AXIS2_PLACEMENT_3D('',#1311,#1312,#1313);
#1311 = CARTESIAN_POINT('',(30.,-29.,1.55));
#1312 = DIRECTION('',(-0.,0.,-1.));
#1313 = DIRECTION('',(-0.,-1.,0.));
#1314 = PLANE('',#1315);
#1315 = AXIS2_PLACEMENT_3D('',#1316,#1317,#1318);
#1316 = CARTESIAN_POINT('',(30.,-30.6,1.55));
#1317 = DIRECTION('',(0.,0.,1.));
#1318 = DIRECTION('',(1.,0.,-0.));
#1319 = ADVANCED_FACE('',(#1320),#1331,.F.);
#1320 = FACE_BOUND('',#1321,.T.);
#1321 = EDGE_LOOP('',(#1322,#1323,#1329,#1330));
#1322 = ORIENTED_EDGE('',*,*,#1286,.T.);
#1323 = ORIENTED_EDGE('',*,*,#1324,.T.);
#1324 = EDGE_CURVE('',#1287,#1307,#1325,.T.);
#1325 = LINE('',#1326,#1327);
#1326 = CARTESIAN_POINT('',(30.,-30.575,-4.6E-02));
#1327 = VECTOR('',#1328,1.);
#1328 = DIRECTION('',(0.,0.,1.));
#1329 = ORIENTED_EDGE('',*,*,#1306,.F.);
#1330 = ORIENTED_EDGE('',*,*,#1324,.F.);
#1331 = CYLINDRICAL_SURFACE('',#1332,1.575);
#1332 = AXIS2_PLACEMENT_3D('',#1333,#1334,#1335);
#1333 = CARTESIAN_POINT('',(30.,-29.,-4.6E-02));
#1334 = DIRECTION('',(-0.,-0.,-1.));
#1335 = DIRECTION('',(-0.,-1.,0.));
#1336 = MANIFOLD_SOLID_BREP('',#1337);
#1337 = CLOSED_SHELL('',(#1338,#1380,#1411,#1444,#1475,#1508,#1539,#1572
    ,#1594,#1610));
#1338 = ADVANCED_FACE('',(#1339),#1375,.T.);
#1339 = FACE_BOUND('',#1340,.T.);
#1340 = EDGE_LOOP('',(#1341,#1351,#1360,#1368));
#1341 = ORIENTED_EDGE('',*,*,#1342,.T.);
#1342 = EDGE_CURVE('',#1343,#1345,#1347,.T.);
#1343 = VERTEX_POINT('',#1344);
#1344 = CARTESIAN_POINT('',(26.,-115.37,1.51));
#1345 = VERTEX_POINT('',#1346);
#1346 = CARTESIAN_POINT('',(26.,-115.37,1.55));
#1347 = LINE('',#1348,#1349);
#1348 = CARTESIAN_POINT('',(26.,-115.37,1.51));
#1349 = VECTOR('',#1350,1.);
#1350 = DIRECTION('',(0.,0.,1.));
#1351 = ORIENTED_EDGE('',*,*,#1352,.T.);
#1352 = EDGE_CURVE('',#1345,#1353,#1355,.T.);
#1353 = VERTEX_POINT('',#1354);
#1354 = CARTESIAN_POINT('',(26.27,-115.1,1.55));
#1355 = CIRCLE('',#1356,0.269999422728);
#1356 = AXIS2_PLACEMENT_3D('',#1357,#1358,#1359);
#1357 = CARTESIAN_POINT('',(26.269999422728,-115.3699994227,1.55));
#1358 = DIRECTION('',(0.,0.,-1.));
#1359 = DIRECTION('',(-0.999999999998,-2.138050821579E-06,-0.));
#1360 = ORIENTED_EDGE('',*,*,#1361,.F.);
#1361 = EDGE_CURVE('',#1362,#1353,#1364,.T.);
#1362 = VERTEX_POINT('',#1363);
#1363 = CARTESIAN_POINT('',(26.27,-115.1,1.51));
#1364 = LINE('',#1365,#1366);
#1365 = CARTESIAN_POINT('',(26.27,-115.1,1.51));
#1366 = VECTOR('',#1367,1.);
#1367 = DIRECTION('',(0.,0.,1.));
#1368 = ORIENTED_EDGE('',*,*,#1369,.F.);
#1369 = EDGE_CURVE('',#1343,#1362,#1370,.T.);
#1370 = CIRCLE('',#1371,0.269999422728);
#1371 = AXIS2_PLACEMENT_3D('',#1372,#1373,#1374);
#1372 = CARTESIAN_POINT('',(26.269999422728,-115.3699994227,1.51));
#1373 = DIRECTION('',(0.,0.,-1.));
#1374 = DIRECTION('',(-0.999999999998,-2.138050821579E-06,-0.));
#1375 = CYLINDRICAL_SURFACE('',#1376,0.269999422728);
#1376 = AXIS2_PLACEMENT_3D('',#1377,#1378,#1379);
#1377 = CARTESIAN_POINT('',(26.269999422728,-115.3699994227,1.51));
#1378 = DIRECTION('',(0.,0.,-1.));
#1379 = DIRECTION('',(-0.999999999998,-2.138050821579E-06,-0.));
#1380 = ADVANCED_FACE('',(#1381),#1406,.T.);
#1381 = FACE_BOUND('',#1382,.T.);
#1382 = EDGE_LOOP('',(#1383,#1384,#1392,#1400));
#1383 = ORIENTED_EDGE('',*,*,#1361,.T.);
#1384 = ORIENTED_EDGE('',*,*,#1385,.T.);
#1385 = EDGE_CURVE('',#1353,#1386,#1388,.T.);
#1386 = VERTEX_POINT('',#1387);
#1387 = CARTESIAN_POINT('',(28.23,-115.1,1.55));
#1388 = LINE('',#1389,#1390);
#1389 = CARTESIAN_POINT('',(26.27,-115.1,1.55));
#1390 = VECTOR('',#1391,1.);
#1391 = DIRECTION('',(1.,0.,0.));
#1392 = ORIENTED_EDGE('',*,*,#1393,.F.);
#1393 = EDGE_CURVE('',#1394,#1386,#1396,.T.);
#1394 = VERTEX_POINT('',#1395);
#1395 = CARTESIAN_POINT('',(28.23,-115.1,1.51));
#1396 = LINE('',#1397,#1398);
#1397 = CARTESIAN_POINT('',(28.23,-115.1,1.51));
#1398 = VECTOR('',#1399,1.);
#1399 = DIRECTION('',(0.,0.,1.));
#1400 = ORIENTED_EDGE('',*,*,#1401,.F.);
#1401 = EDGE_CURVE('',#1362,#1394,#1402,.T.);
#1402 = LINE('',#1403,#1404);
#1403 = CARTESIAN_POINT('',(26.27,-115.1,1.51));
#1404 = VECTOR('',#1405,1.);
#1405 = DIRECTION('',(1.,0.,0.));
#1406 = PLANE('',#1407);
#1407 = AXIS2_PLACEMENT_3D('',#1408,#1409,#1410);
#1408 = CARTESIAN_POINT('',(26.27,-115.1,1.51));
#1409 = DIRECTION('',(0.,1.,0.));
#1410 = DIRECTION('',(1.,0.,0.));
#1411 = ADVANCED_FACE('',(#1412),#1439,.T.);
#1412 = FACE_BOUND('',#1413,.T.);
#1413 = EDGE_LOOP('',(#1414,#1415,#1424,#1432));
#1414 = ORIENTED_EDGE('',*,*,#1393,.T.);
#1415 = ORIENTED_EDGE('',*,*,#1416,.T.);
#1416 = EDGE_CURVE('',#1386,#1417,#1419,.T.);
#1417 = VERTEX_POINT('',#1418);
#1418 = CARTESIAN_POINT('',(28.5,-115.37,1.55));
#1419 = CIRCLE('',#1420,0.269999422728);
#1420 = AXIS2_PLACEMENT_3D('',#1421,#1422,#1423);
#1421 = CARTESIAN_POINT('',(28.230000577272,-115.3699994227,1.55));
#1422 = DIRECTION('',(0.,0.,-1.));
#1423 = DIRECTION('',(-2.138050795262E-06,0.999999999998,0.));
#1424 = ORIENTED_EDGE('',*,*,#1425,.F.);
#1425 = EDGE_CURVE('',#1426,#1417,#1428,.T.);
#1426 = VERTEX_POINT('',#1427);
#1427 = CARTESIAN_POINT('',(28.5,-115.37,1.51));
#1428 = LINE('',#1429,#1430);
#1429 = CARTESIAN_POINT('',(28.5,-115.37,1.51));
#1430 = VECTOR('',#1431,1.);
#1431 = DIRECTION('',(0.,0.,1.));
#1432 = ORIENTED_EDGE('',*,*,#1433,.F.);
#1433 = EDGE_CURVE('',#1394,#1426,#1434,.T.);
#1434 = CIRCLE('',#1435,0.269999422728);
#1435 = AXIS2_PLACEMENT_3D('',#1436,#1437,#1438);
#1436 = CARTESIAN_POINT('',(28.230000577272,-115.3699994227,1.51));
#1437 = DIRECTION('',(0.,0.,-1.));
#1438 = DIRECTION('',(-2.138050795262E-06,0.999999999998,0.));
#1439 = CYLINDRICAL_SURFACE('',#1440,0.269999422728);
#1440 = AXIS2_PLACEMENT_3D('',#1441,#1442,#1443);
#1441 = CARTESIAN_POINT('',(28.230000577272,-115.3699994227,1.51));
#1442 = DIRECTION('',(0.,0.,-1.));
#1443 = DIRECTION('',(-2.138050795262E-06,0.999999999998,0.));
#1444 = ADVANCED_FACE('',(#1445),#1470,.T.);
#1445 = FACE_BOUND('',#1446,.T.);
#1446 = EDGE_LOOP('',(#1447,#1448,#1456,#1464));
#1447 = ORIENTED_EDGE('',*,*,#1425,.T.);
#1448 = ORIENTED_EDGE('',*,*,#1449,.T.);
#1449 = EDGE_CURVE('',#1417,#1450,#1452,.T.);
#1450 = VERTEX_POINT('',#1451);
#1451 = CARTESIAN_POINT('',(28.5,-116.63,1.55));
#1452 = LINE('',#1453,#1454);
#1453 = CARTESIAN_POINT('',(28.5,-115.37,1.55));
#1454 = VECTOR('',#1455,1.);
#1455 = DIRECTION('',(0.,-1.,0.));
#1456 = ORIENTED_EDGE('',*,*,#1457,.F.);
#1457 = EDGE_CURVE('',#1458,#1450,#1460,.T.);
#1458 = VERTEX_POINT('',#1459);
#1459 = CARTESIAN_POINT('',(28.5,-116.63,1.51));
#1460 = LINE('',#1461,#1462);
#1461 = CARTESIAN_POINT('',(28.5,-116.63,1.51));
#1462 = VECTOR('',#1463,1.);
#1463 = DIRECTION('',(0.,0.,1.));
#1464 = ORIENTED_EDGE('',*,*,#1465,.F.);
#1465 = EDGE_CURVE('',#1426,#1458,#1466,.T.);
#1466 = LINE('',#1467,#1468);
#1467 = CARTESIAN_POINT('',(28.5,-115.37,1.51));
#1468 = VECTOR('',#1469,1.);
#1469 = DIRECTION('',(0.,-1.,0.));
#1470 = PLANE('',#1471);
#1471 = AXIS2_PLACEMENT_3D('',#1472,#1473,#1474);
#1472 = CARTESIAN_POINT('',(28.5,-115.37,1.51));
#1473 = DIRECTION('',(1.,0.,-0.));
#1474 = DIRECTION('',(0.,-1.,0.));
#1475 = ADVANCED_FACE('',(#1476),#1503,.T.);
#1476 = FACE_BOUND('',#1477,.T.);
#1477 = EDGE_LOOP('',(#1478,#1479,#1488,#1496));
#1478 = ORIENTED_EDGE('',*,*,#1457,.T.);
#1479 = ORIENTED_EDGE('',*,*,#1480,.T.);
#1480 = EDGE_CURVE('',#1450,#1481,#1483,.T.);
#1481 = VERTEX_POINT('',#1482);
#1482 = CARTESIAN_POINT('',(28.23,-116.9,1.55));
#1483 = CIRCLE('',#1484,0.269999422728);
#1484 = AXIS2_PLACEMENT_3D('',#1485,#1486,#1487);
#1485 = CARTESIAN_POINT('',(28.230000577272,-116.6300005772,1.55));
#1486 = DIRECTION('',(0.,0.,-1.));
#1487 = DIRECTION('',(0.999999999998,2.138050821579E-06,0.));
#1488 = ORIENTED_EDGE('',*,*,#1489,.F.);
#1489 = EDGE_CURVE('',#1490,#1481,#1492,.T.);
#1490 = VERTEX_POINT('',#1491);
#1491 = CARTESIAN_POINT('',(28.23,-116.9,1.51));
#1492 = LINE('',#1493,#1494);
#1493 = CARTESIAN_POINT('',(28.23,-116.9,1.51));
#1494 = VECTOR('',#1495,1.);
#1495 = DIRECTION('',(0.,0.,1.));
#1496 = ORIENTED_EDGE('',*,*,#1497,.F.);
#1497 = EDGE_CURVE('',#1458,#1490,#1498,.T.);
#1498 = CIRCLE('',#1499,0.269999422728);
#1499 = AXIS2_PLACEMENT_3D('',#1500,#1501,#1502);
#1500 = CARTESIAN_POINT('',(28.230000577272,-116.6300005772,1.51));
#1501 = DIRECTION('',(0.,0.,-1.));
#1502 = DIRECTION('',(0.999999999998,2.138050821579E-06,0.));
#1503 = CYLINDRICAL_SURFACE('',#1504,0.269999422728);
#1504 = AXIS2_PLACEMENT_3D('',#1505,#1506,#1507);
#1505 = CARTESIAN_POINT('',(28.230000577272,-116.6300005772,1.51));
#1506 = DIRECTION('',(0.,0.,-1.));
#1507 = DIRECTION('',(0.999999999998,2.138050821579E-06,0.));
#1508 = ADVANCED_FACE('',(#1509),#1534,.T.);
#1509 = FACE_BOUND('',#1510,.T.);
#1510 = EDGE_LOOP('',(#1511,#1512,#1520,#1528));
#1511 = ORIENTED_EDGE('',*,*,#1489,.T.);
#1512 = ORIENTED_EDGE('',*,*,#1513,.T.);
#1513 = EDGE_CURVE('',#1481,#1514,#1516,.T.);
#1514 = VERTEX_POINT('',#1515);
#1515 = CARTESIAN_POINT('',(26.27,-116.9,1.55));
#1516 = LINE('',#1517,#1518);
#1517 = CARTESIAN_POINT('',(28.23,-116.9,1.55));
#1518 = VECTOR('',#1519,1.);
#1519 = DIRECTION('',(-1.,0.,0.));
#1520 = ORIENTED_EDGE('',*,*,#1521,.F.);
#1521 = EDGE_CURVE('',#1522,#1514,#1524,.T.);
#1522 = VERTEX_POINT('',#1523);
#1523 = CARTESIAN_POINT('',(26.27,-116.9,1.51));
#1524 = LINE('',#1525,#1526);
#1525 = CARTESIAN_POINT('',(26.27,-116.9,1.51));
#1526 = VECTOR('',#1527,1.);
#1527 = DIRECTION('',(0.,0.,1.));
#1528 = ORIENTED_EDGE('',*,*,#1529,.F.);
#1529 = EDGE_CURVE('',#1490,#1522,#1530,.T.);
#1530 = LINE('',#1531,#1532);
#1531 = CARTESIAN_POINT('',(28.23,-116.9,1.51));
#1532 = VECTOR('',#1533,1.);
#1533 = DIRECTION('',(-1.,0.,0.));
#1534 = PLANE('',#1535);
#1535 = AXIS2_PLACEMENT_3D('',#1536,#1537,#1538);
#1536 = CARTESIAN_POINT('',(28.23,-116.9,1.51));
#1537 = DIRECTION('',(0.,-1.,0.));
#1538 = DIRECTION('',(-1.,0.,0.));
#1539 = ADVANCED_FACE('',(#1540),#1567,.T.);
#1540 = FACE_BOUND('',#1541,.T.);
#1541 = EDGE_LOOP('',(#1542,#1543,#1552,#1560));
#1542 = ORIENTED_EDGE('',*,*,#1521,.T.);
#1543 = ORIENTED_EDGE('',*,*,#1544,.T.);
#1544 = EDGE_CURVE('',#1514,#1545,#1547,.T.);
#1545 = VERTEX_POINT('',#1546);
#1546 = CARTESIAN_POINT('',(26.,-116.63,1.55));
#1547 = CIRCLE('',#1548,0.269999422728);
#1548 = AXIS2_PLACEMENT_3D('',#1549,#1550,#1551);
#1549 = CARTESIAN_POINT('',(26.269999422728,-116.6300005772,1.55));
#1550 = DIRECTION('',(0.,0.,-1.));
#1551 = DIRECTION('',(2.138050795262E-06,-0.999999999998,0.));
#1552 = ORIENTED_EDGE('',*,*,#1553,.F.);
#1553 = EDGE_CURVE('',#1554,#1545,#1556,.T.);
#1554 = VERTEX_POINT('',#1555);
#1555 = CARTESIAN_POINT('',(26.,-116.63,1.51));
#1556 = LINE('',#1557,#1558);
#1557 = CARTESIAN_POINT('',(26.,-116.63,1.51));
#1558 = VECTOR('',#1559,1.);
#1559 = DIRECTION('',(0.,0.,1.));
#1560 = ORIENTED_EDGE('',*,*,#1561,.F.);
#1561 = EDGE_CURVE('',#1522,#1554,#1562,.T.);
#1562 = CIRCLE('',#1563,0.269999422728);
#1563 = AXIS2_PLACEMENT_3D('',#1564,#1565,#1566);
#1564 = CARTESIAN_POINT('',(26.269999422728,-116.6300005772,1.51));
#1565 = DIRECTION('',(0.,0.,-1.));
#1566 = DIRECTION('',(2.138050795262E-06,-0.999999999998,0.));
#1567 = CYLINDRICAL_SURFACE('',#1568,0.269999422728);
#1568 = AXIS2_PLACEMENT_3D('',#1569,#1570,#1571);
#1569 = CARTESIAN_POINT('',(26.269999422728,-116.6300005772,1.51));
#1570 = DIRECTION('',(0.,0.,-1.));
#1571 = DIRECTION('',(2.138050795262E-06,-0.999999999998,0.));
#1572 = ADVANCED_FACE('',(#1573),#1589,.T.);
#1573 = FACE_BOUND('',#1574,.T.);
#1574 = EDGE_LOOP('',(#1575,#1576,#1582,#1583));
#1575 = ORIENTED_EDGE('',*,*,#1553,.T.);
#1576 = ORIENTED_EDGE('',*,*,#1577,.T.);
#1577 = EDGE_CURVE('',#1545,#1345,#1578,.T.);
#1578 = LINE('',#1579,#1580);
#1579 = CARTESIAN_POINT('',(26.,-116.63,1.55));
#1580 = VECTOR('',#1581,1.);
#1581 = DIRECTION('',(0.,1.,0.));
#1582 = ORIENTED_EDGE('',*,*,#1342,.F.);
#1583 = ORIENTED_EDGE('',*,*,#1584,.F.);
#1584 = EDGE_CURVE('',#1554,#1343,#1585,.T.);
#1585 = LINE('',#1586,#1587);
#1586 = CARTESIAN_POINT('',(26.,-116.63,1.51));
#1587 = VECTOR('',#1588,1.);
#1588 = DIRECTION('',(0.,1.,0.));
#1589 = PLANE('',#1590);
#1590 = AXIS2_PLACEMENT_3D('',#1591,#1592,#1593);
#1591 = CARTESIAN_POINT('',(26.,-116.63,1.51));
#1592 = DIRECTION('',(-1.,0.,0.));
#1593 = DIRECTION('',(0.,1.,0.));
#1594 = ADVANCED_FACE('',(#1595),#1605,.F.);
#1595 = FACE_BOUND('',#1596,.T.);
#1596 = EDGE_LOOP('',(#1597,#1598,#1599,#1600,#1601,#1602,#1603,#1604));
#1597 = ORIENTED_EDGE('',*,*,#1369,.T.);
#1598 = ORIENTED_EDGE('',*,*,#1401,.T.);
#1599 = ORIENTED_EDGE('',*,*,#1433,.T.);
#1600 = ORIENTED_EDGE('',*,*,#1465,.T.);
#1601 = ORIENTED_EDGE('',*,*,#1497,.T.);
#1602 = ORIENTED_EDGE('',*,*,#1529,.T.);
#1603 = ORIENTED_EDGE('',*,*,#1561,.T.);
#1604 = ORIENTED_EDGE('',*,*,#1584,.T.);
#1605 = PLANE('',#1606);
#1606 = AXIS2_PLACEMENT_3D('',#1607,#1608,#1609);
#1607 = CARTESIAN_POINT('',(0.,0.,1.51));
#1608 = DIRECTION('',(0.,0.,1.));
#1609 = DIRECTION('',(1.,0.,-0.));
#1610 = ADVANCED_FACE('',(#1611),#1621,.T.);
#1611 = FACE_BOUND('',#1612,.F.);
#1612 = EDGE_LOOP('',(#1613,#1614,#1615,#1616,#1617,#1618,#1619,#1620));
#1613 = ORIENTED_EDGE('',*,*,#1352,.T.);
#1614 = ORIENTED_EDGE('',*,*,#1385,.T.);
#1615 = ORIENTED_EDGE('',*,*,#1416,.T.);
#1616 = ORIENTED_EDGE('',*,*,#1449,.T.);
#1617 = ORIENTED_EDGE('',*,*,#1480,.T.);
#1618 = ORIENTED_EDGE('',*,*,#1513,.T.);
#1619 = ORIENTED_EDGE('',*,*,#1544,.T.);
#1620 = ORIENTED_EDGE('',*,*,#1577,.T.);
#1621 = PLANE('',#1622);
#1622 = AXIS2_PLACEMENT_3D('',#1623,#1624,#1625);
#1623 = CARTESIAN_POINT('',(0.,0.,1.55));
#1624 = DIRECTION('',(0.,0.,1.));
#1625 = DIRECTION('',(1.,0.,-0.));
#1626 = MANIFOLD_SOLID_BREP('',#1627);
#1627 = CLOSED_SHELL('',(#1628,#1670,#1701,#1734,#1765,#1798,#1829,#1862
    ,#1884,#1900));
#1628 = ADVANCED_FACE('',(#1629),#1665,.T.);
#1629 = FACE_BOUND('',#1630,.T.);
#1630 = EDGE_LOOP('',(#1631,#1641,#1650,#1658));
#1631 = ORIENTED_EDGE('',*,*,#1632,.T.);
#1632 = EDGE_CURVE('',#1633,#1635,#1637,.T.);
#1633 = VERTEX_POINT('',#1634);
#1634 = CARTESIAN_POINT('',(26.,-112.87,1.51));
#1635 = VERTEX_POINT('',#1636);
#1636 = CARTESIAN_POINT('',(26.,-112.87,1.55));
#1637 = LINE('',#1638,#1639);
#1638 = CARTESIAN_POINT('',(26.,-112.87,1.51));
#1639 = VECTOR('',#1640,1.);
#1640 = DIRECTION('',(0.,0.,1.));
#1641 = ORIENTED_EDGE('',*,*,#1642,.T.);
#1642 = EDGE_CURVE('',#1635,#1643,#1645,.T.);
#1643 = VERTEX_POINT('',#1644);
#1644 = CARTESIAN_POINT('',(26.27,-112.6,1.55));
#1645 = CIRCLE('',#1646,0.269999422728);
#1646 = AXIS2_PLACEMENT_3D('',#1647,#1648,#1649);
#1647 = CARTESIAN_POINT('',(26.269999422728,-112.8699994227,1.55));
#1648 = DIRECTION('',(0.,0.,-1.));
#1649 = DIRECTION('',(-0.999999999998,-2.138050821579E-06,-0.));
#1650 = ORIENTED_EDGE('',*,*,#1651,.F.);
#1651 = EDGE_CURVE('',#1652,#1643,#1654,.T.);
#1652 = VERTEX_POINT('',#1653);
#1653 = CARTESIAN_POINT('',(26.27,-112.6,1.51));
#1654 = LINE('',#1655,#1656);
#1655 = CARTESIAN_POINT('',(26.27,-112.6,1.51));
#1656 = VECTOR('',#1657,1.);
#1657 = DIRECTION('',(0.,0.,1.));
#1658 = ORIENTED_EDGE('',*,*,#1659,.F.);
#1659 = EDGE_CURVE('',#1633,#1652,#1660,.T.);
#1660 = CIRCLE('',#1661,0.269999422728);
#1661 = AXIS2_PLACEMENT_3D('',#1662,#1663,#1664);
#1662 = CARTESIAN_POINT('',(26.269999422728,-112.8699994227,1.51));
#1663 = DIRECTION('',(0.,0.,-1.));
#1664 = DIRECTION('',(-0.999999999998,-2.138050821579E-06,-0.));
#1665 = CYLINDRICAL_SURFACE('',#1666,0.269999422728);
#1666 = AXIS2_PLACEMENT_3D('',#1667,#1668,#1669);
#1667 = CARTESIAN_POINT('',(26.269999422728,-112.8699994227,1.51));
#1668 = DIRECTION('',(0.,0.,-1.));
#1669 = DIRECTION('',(-0.999999999998,-2.138050821579E-06,-0.));
#1670 = ADVANCED_FACE('',(#1671),#1696,.T.);
#1671 = FACE_BOUND('',#1672,.T.);
#1672 = EDGE_LOOP('',(#1673,#1674,#1682,#1690));
#1673 = ORIENTED_EDGE('',*,*,#1651,.T.);
#1674 = ORIENTED_EDGE('',*,*,#1675,.T.);
#1675 = EDGE_CURVE('',#1643,#1676,#1678,.T.);
#1676 = VERTEX_POINT('',#1677);
#1677 = CARTESIAN_POINT('',(28.23,-112.6,1.55));
#1678 = LINE('',#1679,#1680);
#1679 = CARTESIAN_POINT('',(26.27,-112.6,1.55));
#1680 = VECTOR('',#1681,1.);
#1681 = DIRECTION('',(1.,0.,0.));
#1682 = ORIENTED_EDGE('',*,*,#1683,.F.);
#1683 = EDGE_CURVE('',#1684,#1676,#1686,.T.);
#1684 = VERTEX_POINT('',#1685);
#1685 = CARTESIAN_POINT('',(28.23,-112.6,1.51));
#1686 = LINE('',#1687,#1688);
#1687 = CARTESIAN_POINT('',(28.23,-112.6,1.51));
#1688 = VECTOR('',#1689,1.);
#1689 = DIRECTION('',(0.,0.,1.));
#1690 = ORIENTED_EDGE('',*,*,#1691,.F.);
#1691 = EDGE_CURVE('',#1652,#1684,#1692,.T.);
#1692 = LINE('',#1693,#1694);
#1693 = CARTESIAN_POINT('',(26.27,-112.6,1.51));
#1694 = VECTOR('',#1695,1.);
#1695 = DIRECTION('',(1.,0.,0.));
#1696 = PLANE('',#1697);
#1697 = AXIS2_PLACEMENT_3D('',#1698,#1699,#1700);
#1698 = CARTESIAN_POINT('',(26.27,-112.6,1.51));
#1699 = DIRECTION('',(0.,1.,0.));
#1700 = DIRECTION('',(1.,0.,0.));
#1701 = ADVANCED_FACE('',(#1702),#1729,.T.);
#1702 = FACE_BOUND('',#1703,.T.);
#1703 = EDGE_LOOP('',(#1704,#1705,#1714,#1722));
#1704 = ORIENTED_EDGE('',*,*,#1683,.T.);
#1705 = ORIENTED_EDGE('',*,*,#1706,.T.);
#1706 = EDGE_CURVE('',#1676,#1707,#1709,.T.);
#1707 = VERTEX_POINT('',#1708);
#1708 = CARTESIAN_POINT('',(28.5,-112.87,1.55));
#1709 = CIRCLE('',#1710,0.269999422728);
#1710 = AXIS2_PLACEMENT_3D('',#1711,#1712,#1713);
#1711 = CARTESIAN_POINT('',(28.230000577272,-112.8699994227,1.55));
#1712 = DIRECTION('',(0.,0.,-1.));
#1713 = DIRECTION('',(-2.138050795262E-06,0.999999999998,0.));
#1714 = ORIENTED_EDGE('',*,*,#1715,.F.);
#1715 = EDGE_CURVE('',#1716,#1707,#1718,.T.);
#1716 = VERTEX_POINT('',#1717);
#1717 = CARTESIAN_POINT('',(28.5,-112.87,1.51));
#1718 = LINE('',#1719,#1720);
#1719 = CARTESIAN_POINT('',(28.5,-112.87,1.51));
#1720 = VECTOR('',#1721,1.);
#1721 = DIRECTION('',(0.,0.,1.));
#1722 = ORIENTED_EDGE('',*,*,#1723,.F.);
#1723 = EDGE_CURVE('',#1684,#1716,#1724,.T.);
#1724 = CIRCLE('',#1725,0.269999422728);
#1725 = AXIS2_PLACEMENT_3D('',#1726,#1727,#1728);
#1726 = CARTESIAN_POINT('',(28.230000577272,-112.8699994227,1.51));
#1727 = DIRECTION('',(0.,0.,-1.));
#1728 = DIRECTION('',(-2.138050795262E-06,0.999999999998,0.));
#1729 = CYLINDRICAL_SURFACE('',#1730,0.269999422728);
#1730 = AXIS2_PLACEMENT_3D('',#1731,#1732,#1733);
#1731 = CARTESIAN_POINT('',(28.230000577272,-112.8699994227,1.51));
#1732 = DIRECTION('',(0.,0.,-1.));
#1733 = DIRECTION('',(-2.138050795262E-06,0.999999999998,0.));
#1734 = ADVANCED_FACE('',(#1735),#1760,.T.);
#1735 = FACE_BOUND('',#1736,.T.);
#1736 = EDGE_LOOP('',(#1737,#1738,#1746,#1754));
#1737 = ORIENTED_EDGE('',*,*,#1715,.T.);
#1738 = ORIENTED_EDGE('',*,*,#1739,.T.);
#1739 = EDGE_CURVE('',#1707,#1740,#1742,.T.);
#1740 = VERTEX_POINT('',#1741);
#1741 = CARTESIAN_POINT('',(28.5,-114.13,1.55));
#1742 = LINE('',#1743,#1744);
#1743 = CARTESIAN_POINT('',(28.5,-112.87,1.55));
#1744 = VECTOR('',#1745,1.);
#1745 = DIRECTION('',(0.,-1.,0.));
#1746 = ORIENTED_EDGE('',*,*,#1747,.F.);
#1747 = EDGE_CURVE('',#1748,#1740,#1750,.T.);
#1748 = VERTEX_POINT('',#1749);
#1749 = CARTESIAN_POINT('',(28.5,-114.13,1.51));
#1750 = LINE('',#1751,#1752);
#1751 = CARTESIAN_POINT('',(28.5,-114.13,1.51));
#1752 = VECTOR('',#1753,1.);
#1753 = DIRECTION('',(0.,0.,1.));
#1754 = ORIENTED_EDGE('',*,*,#1755,.F.);
#1755 = EDGE_CURVE('',#1716,#1748,#1756,.T.);
#1756 = LINE('',#1757,#1758);
#1757 = CARTESIAN_POINT('',(28.5,-112.87,1.51));
#1758 = VECTOR('',#1759,1.);
#1759 = DIRECTION('',(0.,-1.,0.));
#1760 = PLANE('',#1761);
#1761 = AXIS2_PLACEMENT_3D('',#1762,#1763,#1764);
#1762 = CARTESIAN_POINT('',(28.5,-112.87,1.51));
#1763 = DIRECTION('',(1.,0.,-0.));
#1764 = DIRECTION('',(0.,-1.,0.));
#1765 = ADVANCED_FACE('',(#1766),#1793,.T.);
#1766 = FACE_BOUND('',#1767,.T.);
#1767 = EDGE_LOOP('',(#1768,#1769,#1778,#1786));
#1768 = ORIENTED_EDGE('',*,*,#1747,.T.);
#1769 = ORIENTED_EDGE('',*,*,#1770,.T.);
#1770 = EDGE_CURVE('',#1740,#1771,#1773,.T.);
#1771 = VERTEX_POINT('',#1772);
#1772 = CARTESIAN_POINT('',(28.23,-114.4,1.55));
#1773 = CIRCLE('',#1774,0.269999422728);
#1774 = AXIS2_PLACEMENT_3D('',#1775,#1776,#1777);
#1775 = CARTESIAN_POINT('',(28.230000577272,-114.1300005772,1.55));
#1776 = DIRECTION('',(0.,0.,-1.));
#1777 = DIRECTION('',(0.999999999998,2.138050821579E-06,0.));
#1778 = ORIENTED_EDGE('',*,*,#1779,.F.);
#1779 = EDGE_CURVE('',#1780,#1771,#1782,.T.);
#1780 = VERTEX_POINT('',#1781);
#1781 = CARTESIAN_POINT('',(28.23,-114.4,1.51));
#1782 = LINE('',#1783,#1784);
#1783 = CARTESIAN_POINT('',(28.23,-114.4,1.51));
#1784 = VECTOR('',#1785,1.);
#1785 = DIRECTION('',(0.,0.,1.));
#1786 = ORIENTED_EDGE('',*,*,#1787,.F.);
#1787 = EDGE_CURVE('',#1748,#1780,#1788,.T.);
#1788 = CIRCLE('',#1789,0.269999422728);
#1789 = AXIS2_PLACEMENT_3D('',#1790,#1791,#1792);
#1790 = CARTESIAN_POINT('',(28.230000577272,-114.1300005772,1.51));
#1791 = DIRECTION('',(0.,0.,-1.));
#1792 = DIRECTION('',(0.999999999998,2.138050821579E-06,0.));
#1793 = CYLINDRICAL_SURFACE('',#1794,0.269999422728);
#1794 = AXIS2_PLACEMENT_3D('',#1795,#1796,#1797);
#1795 = CARTESIAN_POINT('',(28.230000577272,-114.1300005772,1.51));
#1796 = DIRECTION('',(0.,0.,-1.));
#1797 = DIRECTION('',(0.999999999998,2.138050821579E-06,0.));
#1798 = ADVANCED_FACE('',(#1799),#1824,.T.);
#1799 = FACE_BOUND('',#1800,.T.);
#1800 = EDGE_LOOP('',(#1801,#1802,#1810,#1818));
#1801 = ORIENTED_EDGE('',*,*,#1779,.T.);
#1802 = ORIENTED_EDGE('',*,*,#1803,.T.);
#1803 = EDGE_CURVE('',#1771,#1804,#1806,.T.);
#1804 = VERTEX_POINT('',#1805);
#1805 = CARTESIAN_POINT('',(26.27,-114.4,1.55));
#1806 = LINE('',#1807,#1808);
#1807 = CARTESIAN_POINT('',(28.23,-114.4,1.55));
#1808 = VECTOR('',#1809,1.);
#1809 = DIRECTION('',(-1.,0.,0.));
#1810 = ORIENTED_EDGE('',*,*,#1811,.F.);
#1811 = EDGE_CURVE('',#1812,#1804,#1814,.T.);
#1812 = VERTEX_POINT('',#1813);
#1813 = CARTESIAN_POINT('',(26.27,-114.4,1.51));
#1814 = LINE('',#1815,#1816);
#1815 = CARTESIAN_POINT('',(26.27,-114.4,1.51));
#1816 = VECTOR('',#1817,1.);
#1817 = DIRECTION('',(0.,0.,1.));
#1818 = ORIENTED_EDGE('',*,*,#1819,.F.);
#1819 = EDGE_CURVE('',#1780,#1812,#1820,.T.);
#1820 = LINE('',#1821,#1822);
#1821 = CARTESIAN_POINT('',(28.23,-114.4,1.51));
#1822 = VECTOR('',#1823,1.);
#1823 = DIRECTION('',(-1.,0.,0.));
#1824 = PLANE('',#1825);
#1825 = AXIS2_PLACEMENT_3D('',#1826,#1827,#1828);
#1826 = CARTESIAN_POINT('',(28.23,-114.4,1.51));
#1827 = DIRECTION('',(0.,-1.,0.));
#1828 = DIRECTION('',(-1.,0.,0.));
#1829 = ADVANCED_FACE('',(#1830),#1857,.T.);
#1830 = FACE_BOUND('',#1831,.T.);
#1831 = EDGE_LOOP('',(#1832,#1833,#1842,#1850));
#1832 = ORIENTED_EDGE('',*,*,#1811,.T.);
#1833 = ORIENTED_EDGE('',*,*,#1834,.T.);
#1834 = EDGE_CURVE('',#1804,#1835,#1837,.T.);
#1835 = VERTEX_POINT('',#1836);
#1836 = CARTESIAN_POINT('',(26.,-114.13,1.55));
#1837 = CIRCLE('',#1838,0.269999422728);
#1838 = AXIS2_PLACEMENT_3D('',#1839,#1840,#1841);
#1839 = CARTESIAN_POINT('',(26.269999422728,-114.1300005772,1.55));
#1840 = DIRECTION('',(0.,0.,-1.));
#1841 = DIRECTION('',(2.138050795262E-06,-0.999999999998,0.));
#1842 = ORIENTED_EDGE('',*,*,#1843,.F.);
#1843 = EDGE_CURVE('',#1844,#1835,#1846,.T.);
#1844 = VERTEX_POINT('',#1845);
#1845 = CARTESIAN_POINT('',(26.,-114.13,1.51));
#1846 = LINE('',#1847,#1848);
#1847 = CARTESIAN_POINT('',(26.,-114.13,1.51));
#1848 = VECTOR('',#1849,1.);
#1849 = DIRECTION('',(0.,0.,1.));
#1850 = ORIENTED_EDGE('',*,*,#1851,.F.);
#1851 = EDGE_CURVE('',#1812,#1844,#1852,.T.);
#1852 = CIRCLE('',#1853,0.269999422728);
#1853 = AXIS2_PLACEMENT_3D('',#1854,#1855,#1856);
#1854 = CARTESIAN_POINT('',(26.269999422728,-114.1300005772,1.51));
#1855 = DIRECTION('',(0.,0.,-1.));
#1856 = DIRECTION('',(2.138050795262E-06,-0.999999999998,0.));
#1857 = CYLINDRICAL_SURFACE('',#1858,0.269999422728);
#1858 = AXIS2_PLACEMENT_3D('',#1859,#1860,#1861);
#1859 = CARTESIAN_POINT('',(26.269999422728,-114.1300005772,1.51));
#1860 = DIRECTION('',(0.,0.,-1.));
#1861 = DIRECTION('',(2.138050795262E-06,-0.999999999998,0.));
#1862 = ADVANCED_FACE('',(#1863),#1879,.T.);
#1863 = FACE_BOUND('',#1864,.T.);
#1864 = EDGE_LOOP('',(#1865,#1866,#1872,#1873));
#1865 = ORIENTED_EDGE('',*,*,#1843,.T.);
#1866 = ORIENTED_EDGE('',*,*,#1867,.T.);
#1867 = EDGE_CURVE('',#1835,#1635,#1868,.T.);
#1868 = LINE('',#1869,#1870);
#1869 = CARTESIAN_POINT('',(26.,-114.13,1.55));
#1870 = VECTOR('',#1871,1.);
#1871 = DIRECTION('',(0.,1.,0.));
#1872 = ORIENTED_EDGE('',*,*,#1632,.F.);
#1873 = ORIENTED_EDGE('',*,*,#1874,.F.);
#1874 = EDGE_CURVE('',#1844,#1633,#1875,.T.);
#1875 = LINE('',#1876,#1877);
#1876 = CARTESIAN_POINT('',(26.,-114.13,1.51));
#1877 = VECTOR('',#1878,1.);
#1878 = DIRECTION('',(0.,1.,0.));
#1879 = PLANE('',#1880);
#1880 = AXIS2_PLACEMENT_3D('',#1881,#1882,#1883);
#1881 = CARTESIAN_POINT('',(26.,-114.13,1.51));
#1882 = DIRECTION('',(-1.,0.,0.));
#1883 = DIRECTION('',(0.,1.,0.));
#1884 = ADVANCED_FACE('',(#1885),#1895,.F.);
#1885 = FACE_BOUND('',#1886,.T.);
#1886 = EDGE_LOOP('',(#1887,#1888,#1889,#1890,#1891,#1892,#1893,#1894));
#1887 = ORIENTED_EDGE('',*,*,#1659,.T.);
#1888 = ORIENTED_EDGE('',*,*,#1691,.T.);
#1889 = ORIENTED_EDGE('',*,*,#1723,.T.);
#1890 = ORIENTED_EDGE('',*,*,#1755,.T.);
#1891 = ORIENTED_EDGE('',*,*,#1787,.T.);
#1892 = ORIENTED_EDGE('',*,*,#1819,.T.);
#1893 = ORIENTED_EDGE('',*,*,#1851,.T.);
#1894 = ORIENTED_EDGE('',*,*,#1874,.T.);
#1895 = PLANE('',#1896);
#1896 = AXIS2_PLACEMENT_3D('',#1897,#1898,#1899);
#1897 = CARTESIAN_POINT('',(0.,0.,1.51));
#1898 = DIRECTION('',(0.,0.,1.));
#1899 = DIRECTION('',(1.,0.,-0.));
#1900 = ADVANCED_FACE('',(#1901),#1911,.T.);
#1901 = FACE_BOUND('',#1902,.F.);
#1902 = EDGE_LOOP('',(#1903,#1904,#1905,#1906,#1907,#1908,#1909,#1910));
#1903 = ORIENTED_EDGE('',*,*,#1642,.T.);
#1904 = ORIENTED_EDGE('',*,*,#1675,.T.);
#1905 = ORIENTED_EDGE('',*,*,#1706,.T.);
#1906 = ORIENTED_EDGE('',*,*,#1739,.T.);
#1907 = ORIENTED_EDGE('',*,*,#1770,.T.);
#1908 = ORIENTED_EDGE('',*,*,#1803,.T.);
#1909 = ORIENTED_EDGE('',*,*,#1834,.T.);
#1910 = ORIENTED_EDGE('',*,*,#1867,.T.);
#1911 = PLANE('',#1912);
#1912 = AXIS2_PLACEMENT_3D('',#1913,#1914,#1915);
#1913 = CARTESIAN_POINT('',(0.,0.,1.55));
#1914 = DIRECTION('',(0.,0.,1.));
#1915 = DIRECTION('',(1.,0.,-0.));
#1916 = MANIFOLD_SOLID_BREP('',#1917);
#1917 = CLOSED_SHELL('',(#1918,#1960,#1991,#2024,#2055,#2088,#2119,#2152
    ,#2174,#2190));
#1918 = ADVANCED_FACE('',(#1919),#1955,.T.);
#1919 = FACE_BOUND('',#1920,.T.);
#1920 = EDGE_LOOP('',(#1921,#1931,#1940,#1948));
#1921 = ORIENTED_EDGE('',*,*,#1922,.T.);
#1922 = EDGE_CURVE('',#1923,#1925,#1927,.T.);
#1923 = VERTEX_POINT('',#1924);
#1924 = CARTESIAN_POINT('',(26.,-117.87,1.51));
#1925 = VERTEX_POINT('',#1926);
#1926 = CARTESIAN_POINT('',(26.,-117.87,1.55));
#1927 = LINE('',#1928,#1929);
#1928 = CARTESIAN_POINT('',(26.,-117.87,1.51));
#1929 = VECTOR('',#1930,1.);
#1930 = DIRECTION('',(0.,0.,1.));
#1931 = ORIENTED_EDGE('',*,*,#1932,.T.);
#1932 = EDGE_CURVE('',#1925,#1933,#1935,.T.);
#1933 = VERTEX_POINT('',#1934);
#1934 = CARTESIAN_POINT('',(26.27,-117.6,1.55));
#1935 = CIRCLE('',#1936,0.269999422728);
#1936 = AXIS2_PLACEMENT_3D('',#1937,#1938,#1939);
#1937 = CARTESIAN_POINT('',(26.269999422728,-117.8699994227,1.55));
#1938 = DIRECTION('',(0.,0.,-1.));
#1939 = DIRECTION('',(-0.999999999998,-2.138050821579E-06,-0.));
#1940 = ORIENTED_EDGE('',*,*,#1941,.F.);
#1941 = EDGE_CURVE('',#1942,#1933,#1944,.T.);
#1942 = VERTEX_POINT('',#1943);
#1943 = CARTESIAN_POINT('',(26.27,-117.6,1.51));
#1944 = LINE('',#1945,#1946);
#1945 = CARTESIAN_POINT('',(26.27,-117.6,1.51));
#1946 = VECTOR('',#1947,1.);
#1947 = DIRECTION('',(0.,0.,1.));
#1948 = ORIENTED_EDGE('',*,*,#1949,.F.);
#1949 = EDGE_CURVE('',#1923,#1942,#1950,.T.);
#1950 = CIRCLE('',#1951,0.269999422728);
#1951 = AXIS2_PLACEMENT_3D('',#1952,#1953,#1954);
#1952 = CARTESIAN_POINT('',(26.269999422728,-117.8699994227,1.51));
#1953 = DIRECTION('',(0.,0.,-1.));
#1954 = DIRECTION('',(-0.999999999998,-2.138050821579E-06,-0.));
#1955 = CYLINDRICAL_SURFACE('',#1956,0.269999422728);
#1956 = AXIS2_PLACEMENT_3D('',#1957,#1958,#1959);
#1957 = CARTESIAN_POINT('',(26.269999422728,-117.8699994227,1.51));
#1958 = DIRECTION('',(0.,0.,-1.));
#1959 = DIRECTION('',(-0.999999999998,-2.138050821579E-06,-0.));
#1960 = ADVANCED_FACE('',(#1961),#1986,.T.);
#1961 = FACE_BOUND('',#1962,.T.);
#1962 = EDGE_LOOP('',(#1963,#1964,#1972,#1980));
#1963 = ORIENTED_EDGE('',*,*,#1941,.T.);
#1964 = ORIENTED_EDGE('',*,*,#1965,.T.);
#1965 = EDGE_CURVE('',#1933,#1966,#1968,.T.);
#1966 = VERTEX_POINT('',#1967);
#1967 = CARTESIAN_POINT('',(28.23,-117.6,1.55));
#1968 = LINE('',#1969,#1970);
#1969 = CARTESIAN_POINT('',(26.27,-117.6,1.55));
#1970 = VECTOR('',#1971,1.);
#1971 = DIRECTION('',(1.,0.,0.));
#1972 = ORIENTED_EDGE('',*,*,#1973,.F.);
#1973 = EDGE_CURVE('',#1974,#1966,#1976,.T.);
#1974 = VERTEX_POINT('',#1975);
#1975 = CARTESIAN_POINT('',(28.23,-117.6,1.51));
#1976 = LINE('',#1977,#1978);
#1977 = CARTESIAN_POINT('',(28.23,-117.6,1.51));
#1978 = VECTOR('',#1979,1.);
#1979 = DIRECTION('',(0.,0.,1.));
#1980 = ORIENTED_EDGE('',*,*,#1981,.F.);
#1981 = EDGE_CURVE('',#1942,#1974,#1982,.T.);
#1982 = LINE('',#1983,#1984);
#1983 = CARTESIAN_POINT('',(26.27,-117.6,1.51));
#1984 = VECTOR('',#1985,1.);
#1985 = DIRECTION('',(1.,0.,0.));
#1986 = PLANE('',#1987);
#1987 = AXIS2_PLACEMENT_3D('',#1988,#1989,#1990);
#1988 = CARTESIAN_POINT('',(26.27,-117.6,1.51));
#1989 = DIRECTION('',(0.,1.,0.));
#1990 = DIRECTION('',(1.,0.,0.));
#1991 = ADVANCED_FACE('',(#1992),#2019,.T.);
#1992 = FACE_BOUND('',#1993,.T.);
#1993 = EDGE_LOOP('',(#1994,#1995,#2004,#2012));
#1994 = ORIENTED_EDGE('',*,*,#1973,.T.);
#1995 = ORIENTED_EDGE('',*,*,#1996,.T.);
#1996 = EDGE_CURVE('',#1966,#1997,#1999,.T.);
#1997 = VERTEX_POINT('',#1998);
#1998 = CARTESIAN_POINT('',(28.5,-117.87,1.55));
#1999 = CIRCLE('',#2000,0.269999422728);
#2000 = AXIS2_PLACEMENT_3D('',#2001,#2002,#2003);
#2001 = CARTESIAN_POINT('',(28.230000577272,-117.8699994227,1.55));
#2002 = DIRECTION('',(0.,0.,-1.));
#2003 = DIRECTION('',(-2.138050795262E-06,0.999999999998,0.));
#2004 = ORIENTED_EDGE('',*,*,#2005,.F.);
#2005 = EDGE_CURVE('',#2006,#1997,#2008,.T.);
#2006 = VERTEX_POINT('',#2007);
#2007 = CARTESIAN_POINT('',(28.5,-117.87,1.51));
#2008 = LINE('',#2009,#2010);
#2009 = CARTESIAN_POINT('',(28.5,-117.87,1.51));
#2010 = VECTOR('',#2011,1.);
#2011 = DIRECTION('',(0.,0.,1.));
#2012 = ORIENTED_EDGE('',*,*,#2013,.F.);
#2013 = EDGE_CURVE('',#1974,#2006,#2014,.T.);
#2014 = CIRCLE('',#2015,0.269999422728);
#2015 = AXIS2_PLACEMENT_3D('',#2016,#2017,#2018);
#2016 = CARTESIAN_POINT('',(28.230000577272,-117.8699994227,1.51));
#2017 = DIRECTION('',(0.,0.,-1.));
#2018 = DIRECTION('',(-2.138050795262E-06,0.999999999998,0.));
#2019 = CYLINDRICAL_SURFACE('',#2020,0.269999422728);
#2020 = AXIS2_PLACEMENT_3D('',#2021,#2022,#2023);
#2021 = CARTESIAN_POINT('',(28.230000577272,-117.8699994227,1.51));
#2022 = DIRECTION('',(0.,0.,-1.));
#2023 = DIRECTION('',(-2.138050795262E-06,0.999999999998,0.));
#2024 = ADVANCED_FACE('',(#2025),#2050,.T.);
#2025 = FACE_BOUND('',#2026,.T.);
#2026 = EDGE_LOOP('',(#2027,#2028,#2036,#2044));
#2027 = ORIENTED_EDGE('',*,*,#2005,.T.);
#2028 = ORIENTED_EDGE('',*,*,#2029,.T.);
#2029 = EDGE_CURVE('',#1997,#2030,#2032,.T.);
#2030 = VERTEX_POINT('',#2031);
#2031 = CARTESIAN_POINT('',(28.5,-119.13,1.55));
#2032 = LINE('',#2033,#2034);
#2033 = CARTESIAN_POINT('',(28.5,-117.87,1.55));
#2034 = VECTOR('',#2035,1.);
#2035 = DIRECTION('',(0.,-1.,0.));
#2036 = ORIENTED_EDGE('',*,*,#2037,.F.);
#2037 = EDGE_CURVE('',#2038,#2030,#2040,.T.);
#2038 = VERTEX_POINT('',#2039);
#2039 = CARTESIAN_POINT('',(28.5,-119.13,1.51));
#2040 = LINE('',#2041,#2042);
#2041 = CARTESIAN_POINT('',(28.5,-119.13,1.51));
#2042 = VECTOR('',#2043,1.);
#2043 = DIRECTION('',(0.,0.,1.));
#2044 = ORIENTED_EDGE('',*,*,#2045,.F.);
#2045 = EDGE_CURVE('',#2006,#2038,#2046,.T.);
#2046 = LINE('',#2047,#2048);
#2047 = CARTESIAN_POINT('',(28.5,-117.87,1.51));
#2048 = VECTOR('',#2049,1.);
#2049 = DIRECTION('',(0.,-1.,0.));
#2050 = PLANE('',#2051);
#2051 = AXIS2_PLACEMENT_3D('',#2052,#2053,#2054);
#2052 = CARTESIAN_POINT('',(28.5,-117.87,1.51));
#2053 = DIRECTION('',(1.,0.,-0.));
#2054 = DIRECTION('',(0.,-1.,0.));
#2055 = ADVANCED_FACE('',(#2056),#2083,.T.);
#2056 = FACE_BOUND('',#2057,.T.);
#2057 = EDGE_LOOP('',(#2058,#2059,#2068,#2076));
#2058 = ORIENTED_EDGE('',*,*,#2037,.T.);
#2059 = ORIENTED_EDGE('',*,*,#2060,.T.);
#2060 = EDGE_CURVE('',#2030,#2061,#2063,.T.);
#2061 = VERTEX_POINT('',#2062);
#2062 = CARTESIAN_POINT('',(28.23,-119.4,1.55));
#2063 = CIRCLE('',#2064,0.269999422728);
#2064 = AXIS2_PLACEMENT_3D('',#2065,#2066,#2067);
#2065 = CARTESIAN_POINT('',(28.230000577272,-119.1300005772,1.55));
#2066 = DIRECTION('',(0.,0.,-1.));
#2067 = DIRECTION('',(0.999999999998,2.138050821579E-06,0.));
#2068 = ORIENTED_EDGE('',*,*,#2069,.F.);
#2069 = EDGE_CURVE('',#2070,#2061,#2072,.T.);
#2070 = VERTEX_POINT('',#2071);
#2071 = CARTESIAN_POINT('',(28.23,-119.4,1.51));
#2072 = LINE('',#2073,#2074);
#2073 = CARTESIAN_POINT('',(28.23,-119.4,1.51));
#2074 = VECTOR('',#2075,1.);
#2075 = DIRECTION('',(0.,0.,1.));
#2076 = ORIENTED_EDGE('',*,*,#2077,.F.);
#2077 = EDGE_CURVE('',#2038,#2070,#2078,.T.);
#2078 = CIRCLE('',#2079,0.269999422728);
#2079 = AXIS2_PLACEMENT_3D('',#2080,#2081,#2082);
#2080 = CARTESIAN_POINT('',(28.230000577272,-119.1300005772,1.51));
#2081 = DIRECTION('',(0.,0.,-1.));
#2082 = DIRECTION('',(0.999999999998,2.138050821579E-06,0.));
#2083 = CYLINDRICAL_SURFACE('',#2084,0.269999422728);
#2084 = AXIS2_PLACEMENT_3D('',#2085,#2086,#2087);
#2085 = CARTESIAN_POINT('',(28.230000577272,-119.1300005772,1.51));
#2086 = DIRECTION('',(0.,0.,-1.));
#2087 = DIRECTION('',(0.999999999998,2.138050821579E-06,0.));
#2088 = ADVANCED_FACE('',(#2089),#2114,.T.);
#2089 = FACE_BOUND('',#2090,.T.);
#2090 = EDGE_LOOP('',(#2091,#2092,#2100,#2108));
#2091 = ORIENTED_EDGE('',*,*,#2069,.T.);
#2092 = ORIENTED_EDGE('',*,*,#2093,.T.);
#2093 = EDGE_CURVE('',#2061,#2094,#2096,.T.);
#2094 = VERTEX_POINT('',#2095);
#2095 = CARTESIAN_POINT('',(26.27,-119.4,1.55));
#2096 = LINE('',#2097,#2098);
#2097 = CARTESIAN_POINT('',(28.23,-119.4,1.55));
#2098 = VECTOR('',#2099,1.);
#2099 = DIRECTION('',(-1.,0.,0.));
#2100 = ORIENTED_EDGE('',*,*,#2101,.F.);
#2101 = EDGE_CURVE('',#2102,#2094,#2104,.T.);
#2102 = VERTEX_POINT('',#2103);
#2103 = CARTESIAN_POINT('',(26.27,-119.4,1.51));
#2104 = LINE('',#2105,#2106);
#2105 = CARTESIAN_POINT('',(26.27,-119.4,1.51));
#2106 = VECTOR('',#2107,1.);
#2107 = DIRECTION('',(0.,0.,1.));
#2108 = ORIENTED_EDGE('',*,*,#2109,.F.);
#2109 = EDGE_CURVE('',#2070,#2102,#2110,.T.);
#2110 = LINE('',#2111,#2112);
#2111 = CARTESIAN_POINT('',(28.23,-119.4,1.51));
#2112 = VECTOR('',#2113,1.);
#2113 = DIRECTION('',(-1.,0.,0.));
#2114 = PLANE('',#2115);
#2115 = AXIS2_PLACEMENT_3D('',#2116,#2117,#2118);
#2116 = CARTESIAN_POINT('',(28.23,-119.4,1.51));
#2117 = DIRECTION('',(0.,-1.,0.));
#2118 = DIRECTION('',(-1.,0.,0.));
#2119 = ADVANCED_FACE('',(#2120),#2147,.T.);
#2120 = FACE_BOUND('',#2121,.T.);
#2121 = EDGE_LOOP('',(#2122,#2123,#2132,#2140));
#2122 = ORIENTED_EDGE('',*,*,#2101,.T.);
#2123 = ORIENTED_EDGE('',*,*,#2124,.T.);
#2124 = EDGE_CURVE('',#2094,#2125,#2127,.T.);
#2125 = VERTEX_POINT('',#2126);
#2126 = CARTESIAN_POINT('',(26.,-119.13,1.55));
#2127 = CIRCLE('',#2128,0.269999422728);
#2128 = AXIS2_PLACEMENT_3D('',#2129,#2130,#2131);
#2129 = CARTESIAN_POINT('',(26.269999422728,-119.1300005772,1.55));
#2130 = DIRECTION('',(0.,0.,-1.));
#2131 = DIRECTION('',(2.138050795262E-06,-0.999999999998,0.));
#2132 = ORIENTED_EDGE('',*,*,#2133,.F.);
#2133 = EDGE_CURVE('',#2134,#2125,#2136,.T.);
#2134 = VERTEX_POINT('',#2135);
#2135 = CARTESIAN_POINT('',(26.,-119.13,1.51));
#2136 = LINE('',#2137,#2138);
#2137 = CARTESIAN_POINT('',(26.,-119.13,1.51));
#2138 = VECTOR('',#2139,1.);
#2139 = DIRECTION('',(0.,0.,1.));
#2140 = ORIENTED_EDGE('',*,*,#2141,.F.);
#2141 = EDGE_CURVE('',#2102,#2134,#2142,.T.);
#2142 = CIRCLE('',#2143,0.269999422728);
#2143 = AXIS2_PLACEMENT_3D('',#2144,#2145,#2146);
#2144 = CARTESIAN_POINT('',(26.269999422728,-119.1300005772,1.51));
#2145 = DIRECTION('',(0.,0.,-1.));
#2146 = DIRECTION('',(2.138050795262E-06,-0.999999999998,0.));
#2147 = CYLINDRICAL_SURFACE('',#2148,0.269999422728);
#2148 = AXIS2_PLACEMENT_3D('',#2149,#2150,#2151);
#2149 = CARTESIAN_POINT('',(26.269999422728,-119.1300005772,1.51));
#2150 = DIRECTION('',(0.,0.,-1.));
#2151 = DIRECTION('',(2.138050795262E-06,-0.999999999998,0.));
#2152 = ADVANCED_FACE('',(#2153),#2169,.T.);
#2153 = FACE_BOUND('',#2154,.T.);
#2154 = EDGE_LOOP('',(#2155,#2156,#2162,#2163));
#2155 = ORIENTED_EDGE('',*,*,#2133,.T.);
#2156 = ORIENTED_EDGE('',*,*,#2157,.T.);
#2157 = EDGE_CURVE('',#2125,#1925,#2158,.T.);
#2158 = LINE('',#2159,#2160);
#2159 = CARTESIAN_POINT('',(26.,-119.13,1.55));
#2160 = VECTOR('',#2161,1.);
#2161 = DIRECTION('',(0.,1.,0.));
#2162 = ORIENTED_EDGE('',*,*,#1922,.F.);
#2163 = ORIENTED_EDGE('',*,*,#2164,.F.);
#2164 = EDGE_CURVE('',#2134,#1923,#2165,.T.);
#2165 = LINE('',#2166,#2167);
#2166 = CARTESIAN_POINT('',(26.,-119.13,1.51));
#2167 = VECTOR('',#2168,1.);
#2168 = DIRECTION('',(0.,1.,0.));
#2169 = PLANE('',#2170);
#2170 = AXIS2_PLACEMENT_3D('',#2171,#2172,#2173);
#2171 = CARTESIAN_POINT('',(26.,-119.13,1.51));
#2172 = DIRECTION('',(-1.,0.,0.));
#2173 = DIRECTION('',(0.,1.,0.));
#2174 = ADVANCED_FACE('',(#2175),#2185,.F.);
#2175 = FACE_BOUND('',#2176,.T.);
#2176 = EDGE_LOOP('',(#2177,#2178,#2179,#2180,#2181,#2182,#2183,#2184));
#2177 = ORIENTED_EDGE('',*,*,#1949,.T.);
#2178 = ORIENTED_EDGE('',*,*,#1981,.T.);
#2179 = ORIENTED_EDGE('',*,*,#2013,.T.);
#2180 = ORIENTED_EDGE('',*,*,#2045,.T.);
#2181 = ORIENTED_EDGE('',*,*,#2077,.T.);
#2182 = ORIENTED_EDGE('',*,*,#2109,.T.);
#2183 = ORIENTED_EDGE('',*,*,#2141,.T.);
#2184 = ORIENTED_EDGE('',*,*,#2164,.T.);
#2185 = PLANE('',#2186);
#2186 = AXIS2_PLACEMENT_3D('',#2187,#2188,#2189);
#2187 = CARTESIAN_POINT('',(0.,0.,1.51));
#2188 = DIRECTION('',(0.,0.,1.));
#2189 = DIRECTION('',(1.,0.,-0.));
#2190 = ADVANCED_FACE('',(#2191),#2201,.T.);
#2191 = FACE_BOUND('',#2192,.F.);
#2192 = EDGE_LOOP('',(#2193,#2194,#2195,#2196,#2197,#2198,#2199,#2200));
#2193 = ORIENTED_EDGE('',*,*,#1932,.T.);
#2194 = ORIENTED_EDGE('',*,*,#1965,.T.);
#2195 = ORIENTED_EDGE('',*,*,#1996,.T.);
#2196 = ORIENTED_EDGE('',*,*,#2029,.T.);
#2197 = ORIENTED_EDGE('',*,*,#2060,.T.);
#2198 = ORIENTED_EDGE('',*,*,#2093,.T.);
#2199 = ORIENTED_EDGE('',*,*,#2124,.T.);
#2200 = ORIENTED_EDGE('',*,*,#2157,.T.);
#2201 = PLANE('',#2202);
#2202 = AXIS2_PLACEMENT_3D('',#2203,#2204,#2205);
#2203 = CARTESIAN_POINT('',(0.,0.,1.55));
#2204 = DIRECTION('',(0.,0.,1.));
#2205 = DIRECTION('',(1.,0.,-0.));
#2206 = MANIFOLD_SOLID_BREP('',#2207);
#2207 = CLOSED_SHELL('',(#2208,#2250,#2281,#2314,#2345,#2378,#2409,#2442
    ,#2464,#2480));
#2208 = ADVANCED_FACE('',(#2209),#2245,.T.);
#2209 = FACE_BOUND('',#2210,.T.);
#2210 = EDGE_LOOP('',(#2211,#2221,#2230,#2238));
#2211 = ORIENTED_EDGE('',*,*,#2212,.T.);
#2212 = EDGE_CURVE('',#2213,#2215,#2217,.T.);
#2213 = VERTEX_POINT('',#2214);
#2214 = CARTESIAN_POINT('',(26.,-81.37,1.51));
#2215 = VERTEX_POINT('',#2216);
#2216 = CARTESIAN_POINT('',(26.,-81.37,1.55));
#2217 = LINE('',#2218,#2219);
#2218 = CARTESIAN_POINT('',(26.,-81.37,1.51));
#2219 = VECTOR('',#2220,1.);
#2220 = DIRECTION('',(0.,0.,1.));
#2221 = ORIENTED_EDGE('',*,*,#2222,.T.);
#2222 = EDGE_CURVE('',#2215,#2223,#2225,.T.);
#2223 = VERTEX_POINT('',#2224);
#2224 = CARTESIAN_POINT('',(26.27,-81.1,1.55));
#2225 = CIRCLE('',#2226,0.269999422728);
#2226 = AXIS2_PLACEMENT_3D('',#2227,#2228,#2229);
#2227 = CARTESIAN_POINT('',(26.269999422728,-81.36999942272,1.55));
#2228 = DIRECTION('',(0.,0.,-1.));
#2229 = DIRECTION('',(-0.999999999998,-2.138050821579E-06,-0.));
#2230 = ORIENTED_EDGE('',*,*,#2231,.F.);
#2231 = EDGE_CURVE('',#2232,#2223,#2234,.T.);
#2232 = VERTEX_POINT('',#2233);
#2233 = CARTESIAN_POINT('',(26.27,-81.1,1.51));
#2234 = LINE('',#2235,#2236);
#2235 = CARTESIAN_POINT('',(26.27,-81.1,1.51));
#2236 = VECTOR('',#2237,1.);
#2237 = DIRECTION('',(0.,0.,1.));
#2238 = ORIENTED_EDGE('',*,*,#2239,.F.);
#2239 = EDGE_CURVE('',#2213,#2232,#2240,.T.);
#2240 = CIRCLE('',#2241,0.269999422728);
#2241 = AXIS2_PLACEMENT_3D('',#2242,#2243,#2244);
#2242 = CARTESIAN_POINT('',(26.269999422728,-81.36999942272,1.51));
#2243 = DIRECTION('',(0.,0.,-1.));
#2244 = DIRECTION('',(-0.999999999998,-2.138050821579E-06,-0.));
#2245 = CYLINDRICAL_SURFACE('',#2246,0.269999422728);
#2246 = AXIS2_PLACEMENT_3D('',#2247,#2248,#2249);
#2247 = CARTESIAN_POINT('',(26.269999422728,-81.36999942272,1.51));
#2248 = DIRECTION('',(0.,0.,-1.));
#2249 = DIRECTION('',(-0.999999999998,-2.138050821579E-06,-0.));
#2250 = ADVANCED_FACE('',(#2251),#2276,.T.);
#2251 = FACE_BOUND('',#2252,.T.);
#2252 = EDGE_LOOP('',(#2253,#2254,#2262,#2270));
#2253 = ORIENTED_EDGE('',*,*,#2231,.T.);
#2254 = ORIENTED_EDGE('',*,*,#2255,.T.);
#2255 = EDGE_CURVE('',#2223,#2256,#2258,.T.);
#2256 = VERTEX_POINT('',#2257);
#2257 = CARTESIAN_POINT('',(28.23,-81.1,1.55));
#2258 = LINE('',#2259,#2260);
#2259 = CARTESIAN_POINT('',(26.27,-81.1,1.55));
#2260 = VECTOR('',#2261,1.);
#2261 = DIRECTION('',(1.,0.,0.));
#2262 = ORIENTED_EDGE('',*,*,#2263,.F.);
#2263 = EDGE_CURVE('',#2264,#2256,#2266,.T.);
#2264 = VERTEX_POINT('',#2265);
#2265 = CARTESIAN_POINT('',(28.23,-81.1,1.51));
#2266 = LINE('',#2267,#2268);
#2267 = CARTESIAN_POINT('',(28.23,-81.1,1.51));
#2268 = VECTOR('',#2269,1.);
#2269 = DIRECTION('',(0.,0.,1.));
#2270 = ORIENTED_EDGE('',*,*,#2271,.F.);
#2271 = EDGE_CURVE('',#2232,#2264,#2272,.T.);
#2272 = LINE('',#2273,#2274);
#2273 = CARTESIAN_POINT('',(26.27,-81.1,1.51));
#2274 = VECTOR('',#2275,1.);
#2275 = DIRECTION('',(1.,0.,0.));
#2276 = PLANE('',#2277);
#2277 = AXIS2_PLACEMENT_3D('',#2278,#2279,#2280);
#2278 = CARTESIAN_POINT('',(26.27,-81.1,1.51));
#2279 = DIRECTION('',(0.,1.,0.));
#2280 = DIRECTION('',(1.,0.,0.));
#2281 = ADVANCED_FACE('',(#2282),#2309,.T.);
#2282 = FACE_BOUND('',#2283,.T.);
#2283 = EDGE_LOOP('',(#2284,#2285,#2294,#2302));
#2284 = ORIENTED_EDGE('',*,*,#2263,.T.);
#2285 = ORIENTED_EDGE('',*,*,#2286,.T.);
#2286 = EDGE_CURVE('',#2256,#2287,#2289,.T.);
#2287 = VERTEX_POINT('',#2288);
#2288 = CARTESIAN_POINT('',(28.5,-81.37,1.55));
#2289 = CIRCLE('',#2290,0.269999422728);
#2290 = AXIS2_PLACEMENT_3D('',#2291,#2292,#2293);
#2291 = CARTESIAN_POINT('',(28.230000577272,-81.36999942272,1.55));
#2292 = DIRECTION('',(0.,0.,-1.));
#2293 = DIRECTION('',(-2.138050795262E-06,0.999999999998,0.));
#2294 = ORIENTED_EDGE('',*,*,#2295,.F.);
#2295 = EDGE_CURVE('',#2296,#2287,#2298,.T.);
#2296 = VERTEX_POINT('',#2297);
#2297 = CARTESIAN_POINT('',(28.5,-81.37,1.51));
#2298 = LINE('',#2299,#2300);
#2299 = CARTESIAN_POINT('',(28.5,-81.37,1.51));
#2300 = VECTOR('',#2301,1.);
#2301 = DIRECTION('',(0.,0.,1.));
#2302 = ORIENTED_EDGE('',*,*,#2303,.F.);
#2303 = EDGE_CURVE('',#2264,#2296,#2304,.T.);
#2304 = CIRCLE('',#2305,0.269999422728);
#2305 = AXIS2_PLACEMENT_3D('',#2306,#2307,#2308);
#2306 = CARTESIAN_POINT('',(28.230000577272,-81.36999942272,1.51));
#2307 = DIRECTION('',(0.,0.,-1.));
#2308 = DIRECTION('',(-2.138050795262E-06,0.999999999998,0.));
#2309 = CYLINDRICAL_SURFACE('',#2310,0.269999422728);
#2310 = AXIS2_PLACEMENT_3D('',#2311,#2312,#2313);
#2311 = CARTESIAN_POINT('',(28.230000577272,-81.36999942272,1.51));
#2312 = DIRECTION('',(0.,0.,-1.));
#2313 = DIRECTION('',(-2.138050795262E-06,0.999999999998,0.));
#2314 = ADVANCED_FACE('',(#2315),#2340,.T.);
#2315 = FACE_BOUND('',#2316,.T.);
#2316 = EDGE_LOOP('',(#2317,#2318,#2326,#2334));
#2317 = ORIENTED_EDGE('',*,*,#2295,.T.);
#2318 = ORIENTED_EDGE('',*,*,#2319,.T.);
#2319 = EDGE_CURVE('',#2287,#2320,#2322,.T.);
#2320 = VERTEX_POINT('',#2321);
#2321 = CARTESIAN_POINT('',(28.5,-82.63,1.55));
#2322 = LINE('',#2323,#2324);
#2323 = CARTESIAN_POINT('',(28.5,-81.37,1.55));
#2324 = VECTOR('',#2325,1.);
#2325 = DIRECTION('',(0.,-1.,0.));
#2326 = ORIENTED_EDGE('',*,*,#2327,.F.);
#2327 = EDGE_CURVE('',#2328,#2320,#2330,.T.);
#2328 = VERTEX_POINT('',#2329);
#2329 = CARTESIAN_POINT('',(28.5,-82.63,1.51));
#2330 = LINE('',#2331,#2332);
#2331 = CARTESIAN_POINT('',(28.5,-82.63,1.51));
#2332 = VECTOR('',#2333,1.);
#2333 = DIRECTION('',(0.,0.,1.));
#2334 = ORIENTED_EDGE('',*,*,#2335,.F.);
#2335 = EDGE_CURVE('',#2296,#2328,#2336,.T.);
#2336 = LINE('',#2337,#2338);
#2337 = CARTESIAN_POINT('',(28.5,-81.37,1.51));
#2338 = VECTOR('',#2339,1.);
#2339 = DIRECTION('',(0.,-1.,0.));
#2340 = PLANE('',#2341);
#2341 = AXIS2_PLACEMENT_3D('',#2342,#2343,#2344);
#2342 = CARTESIAN_POINT('',(28.5,-81.37,1.51));
#2343 = DIRECTION('',(1.,0.,-0.));
#2344 = DIRECTION('',(0.,-1.,0.));
#2345 = ADVANCED_FACE('',(#2346),#2373,.T.);
#2346 = FACE_BOUND('',#2347,.T.);
#2347 = EDGE_LOOP('',(#2348,#2349,#2358,#2366));
#2348 = ORIENTED_EDGE('',*,*,#2327,.T.);
#2349 = ORIENTED_EDGE('',*,*,#2350,.T.);
#2350 = EDGE_CURVE('',#2320,#2351,#2353,.T.);
#2351 = VERTEX_POINT('',#2352);
#2352 = CARTESIAN_POINT('',(28.23,-82.9,1.55));
#2353 = CIRCLE('',#2354,0.269999422728);
#2354 = AXIS2_PLACEMENT_3D('',#2355,#2356,#2357);
#2355 = CARTESIAN_POINT('',(28.230000577272,-82.63000057727,1.55));
#2356 = DIRECTION('',(0.,0.,-1.));
#2357 = DIRECTION('',(0.999999999998,2.138050821579E-06,0.));
#2358 = ORIENTED_EDGE('',*,*,#2359,.F.);
#2359 = EDGE_CURVE('',#2360,#2351,#2362,.T.);
#2360 = VERTEX_POINT('',#2361);
#2361 = CARTESIAN_POINT('',(28.23,-82.9,1.51));
#2362 = LINE('',#2363,#2364);
#2363 = CARTESIAN_POINT('',(28.23,-82.9,1.51));
#2364 = VECTOR('',#2365,1.);
#2365 = DIRECTION('',(0.,0.,1.));
#2366 = ORIENTED_EDGE('',*,*,#2367,.F.);
#2367 = EDGE_CURVE('',#2328,#2360,#2368,.T.);
#2368 = CIRCLE('',#2369,0.269999422728);
#2369 = AXIS2_PLACEMENT_3D('',#2370,#2371,#2372);
#2370 = CARTESIAN_POINT('',(28.230000577272,-82.63000057727,1.51));
#2371 = DIRECTION('',(0.,0.,-1.));
#2372 = DIRECTION('',(0.999999999998,2.138050821579E-06,0.));
#2373 = CYLINDRICAL_SURFACE('',#2374,0.269999422728);
#2374 = AXIS2_PLACEMENT_3D('',#2375,#2376,#2377);
#2375 = CARTESIAN_POINT('',(28.230000577272,-82.63000057727,1.51));
#2376 = DIRECTION('',(0.,0.,-1.));
#2377 = DIRECTION('',(0.999999999998,2.138050821579E-06,0.));
#2378 = ADVANCED_FACE('',(#2379),#2404,.T.);
#2379 = FACE_BOUND('',#2380,.T.);
#2380 = EDGE_LOOP('',(#2381,#2382,#2390,#2398));
#2381 = ORIENTED_EDGE('',*,*,#2359,.T.);
#2382 = ORIENTED_EDGE('',*,*,#2383,.T.);
#2383 = EDGE_CURVE('',#2351,#2384,#2386,.T.);
#2384 = VERTEX_POINT('',#2385);
#2385 = CARTESIAN_POINT('',(26.27,-82.9,1.55));
#2386 = LINE('',#2387,#2388);
#2387 = CARTESIAN_POINT('',(28.23,-82.9,1.55));
#2388 = VECTOR('',#2389,1.);
#2389 = DIRECTION('',(-1.,0.,0.));
#2390 = ORIENTED_EDGE('',*,*,#2391,.F.);
#2391 = EDGE_CURVE('',#2392,#2384,#2394,.T.);
#2392 = VERTEX_POINT('',#2393);
#2393 = CARTESIAN_POINT('',(26.27,-82.9,1.51));
#2394 = LINE('',#2395,#2396);
#2395 = CARTESIAN_POINT('',(26.27,-82.9,1.51));
#2396 = VECTOR('',#2397,1.);
#2397 = DIRECTION('',(0.,0.,1.));
#2398 = ORIENTED_EDGE('',*,*,#2399,.F.);
#2399 = EDGE_CURVE('',#2360,#2392,#2400,.T.);
#2400 = LINE('',#2401,#2402);
#2401 = CARTESIAN_POINT('',(28.23,-82.9,1.51));
#2402 = VECTOR('',#2403,1.);
#2403 = DIRECTION('',(-1.,0.,0.));
#2404 = PLANE('',#2405);
#2405 = AXIS2_PLACEMENT_3D('',#2406,#2407,#2408);
#2406 = CARTESIAN_POINT('',(28.23,-82.9,1.51));
#2407 = DIRECTION('',(0.,-1.,0.));
#2408 = DIRECTION('',(-1.,0.,0.));
#2409 = ADVANCED_FACE('',(#2410),#2437,.T.);
#2410 = FACE_BOUND('',#2411,.T.);
#2411 = EDGE_LOOP('',(#2412,#2413,#2422,#2430));
#2412 = ORIENTED_EDGE('',*,*,#2391,.T.);
#2413 = ORIENTED_EDGE('',*,*,#2414,.T.);
#2414 = EDGE_CURVE('',#2384,#2415,#2417,.T.);
#2415 = VERTEX_POINT('',#2416);
#2416 = CARTESIAN_POINT('',(26.,-82.63,1.55));
#2417 = CIRCLE('',#2418,0.269999422728);
#2418 = AXIS2_PLACEMENT_3D('',#2419,#2420,#2421);
#2419 = CARTESIAN_POINT('',(26.269999422728,-82.63000057727,1.55));
#2420 = DIRECTION('',(0.,0.,-1.));
#2421 = DIRECTION('',(2.138050795262E-06,-0.999999999998,0.));
#2422 = ORIENTED_EDGE('',*,*,#2423,.F.);
#2423 = EDGE_CURVE('',#2424,#2415,#2426,.T.);
#2424 = VERTEX_POINT('',#2425);
#2425 = CARTESIAN_POINT('',(26.,-82.63,1.51));
#2426 = LINE('',#2427,#2428);
#2427 = CARTESIAN_POINT('',(26.,-82.63,1.51));
#2428 = VECTOR('',#2429,1.);
#2429 = DIRECTION('',(0.,0.,1.));
#2430 = ORIENTED_EDGE('',*,*,#2431,.F.);
#2431 = EDGE_CURVE('',#2392,#2424,#2432,.T.);
#2432 = CIRCLE('',#2433,0.269999422728);
#2433 = AXIS2_PLACEMENT_3D('',#2434,#2435,#2436);
#2434 = CARTESIAN_POINT('',(26.269999422728,-82.63000057727,1.51));
#2435 = DIRECTION('',(0.,0.,-1.));
#2436 = DIRECTION('',(2.138050795262E-06,-0.999999999998,0.));
#2437 = CYLINDRICAL_SURFACE('',#2438,0.269999422728);
#2438 = AXIS2_PLACEMENT_3D('',#2439,#2440,#2441);
#2439 = CARTESIAN_POINT('',(26.269999422728,-82.63000057727,1.51));
#2440 = DIRECTION('',(0.,0.,-1.));
#2441 = DIRECTION('',(2.138050795262E-06,-0.999999999998,0.));
#2442 = ADVANCED_FACE('',(#2443),#2459,.T.);
#2443 = FACE_BOUND('',#2444,.T.);
#2444 = EDGE_LOOP('',(#2445,#2446,#2452,#2453));
#2445 = ORIENTED_EDGE('',*,*,#2423,.T.);
#2446 = ORIENTED_EDGE('',*,*,#2447,.T.);
#2447 = EDGE_CURVE('',#2415,#2215,#2448,.T.);
#2448 = LINE('',#2449,#2450);
#2449 = CARTESIAN_POINT('',(26.,-82.63,1.55));
#2450 = VECTOR('',#2451,1.);
#2451 = DIRECTION('',(0.,1.,0.));
#2452 = ORIENTED_EDGE('',*,*,#2212,.F.);
#2453 = ORIENTED_EDGE('',*,*,#2454,.F.);
#2454 = EDGE_CURVE('',#2424,#2213,#2455,.T.);
#2455 = LINE('',#2456,#2457);
#2456 = CARTESIAN_POINT('',(26.,-82.63,1.51));
#2457 = VECTOR('',#2458,1.);
#2458 = DIRECTION('',(0.,1.,0.));
#2459 = PLANE('',#2460);
#2460 = AXIS2_PLACEMENT_3D('',#2461,#2462,#2463);
#2461 = CARTESIAN_POINT('',(26.,-82.63,1.51));
#2462 = DIRECTION('',(-1.,0.,0.));
#2463 = DIRECTION('',(0.,1.,0.));
#2464 = ADVANCED_FACE('',(#2465),#2475,.F.);
#2465 = FACE_BOUND('',#2466,.T.);
#2466 = EDGE_LOOP('',(#2467,#2468,#2469,#2470,#2471,#2472,#2473,#2474));
#2467 = ORIENTED_EDGE('',*,*,#2239,.T.);
#2468 = ORIENTED_EDGE('',*,*,#2271,.T.);
#2469 = ORIENTED_EDGE('',*,*,#2303,.T.);
#2470 = ORIENTED_EDGE('',*,*,#2335,.T.);
#2471 = ORIENTED_EDGE('',*,*,#2367,.T.);
#2472 = ORIENTED_EDGE('',*,*,#2399,.T.);
#2473 = ORIENTED_EDGE('',*,*,#2431,.T.);
#2474 = ORIENTED_EDGE('',*,*,#2454,.T.);
#2475 = PLANE('',#2476);
#2476 = AXIS2_PLACEMENT_3D('',#2477,#2478,#2479);
#2477 = CARTESIAN_POINT('',(0.,0.,1.51));
#2478 = DIRECTION('',(0.,0.,1.));
#2479 = DIRECTION('',(1.,0.,-0.));
#2480 = ADVANCED_FACE('',(#2481),#2491,.T.);
#2481 = FACE_BOUND('',#2482,.F.);
#2482 = EDGE_LOOP('',(#2483,#2484,#2485,#2486,#2487,#2488,#2489,#2490));
#2483 = ORIENTED_EDGE('',*,*,#2222,.T.);
#2484 = ORIENTED_EDGE('',*,*,#2255,.T.);
#2485 = ORIENTED_EDGE('',*,*,#2286,.T.);
#2486 = ORIENTED_EDGE('',*,*,#2319,.T.);
#2487 = ORIENTED_EDGE('',*,*,#2350,.T.);
#2488 = ORIENTED_EDGE('',*,*,#2383,.T.);
#2489 = ORIENTED_EDGE('',*,*,#2414,.T.);
#2490 = ORIENTED_EDGE('',*,*,#2447,.T.);
#2491 = PLANE('',#2492);
#2492 = AXIS2_PLACEMENT_3D('',#2493,#2494,#2495);
#2493 = CARTESIAN_POINT('',(0.,0.,1.55));
#2494 = DIRECTION('',(0.,0.,1.));
#2495 = DIRECTION('',(1.,0.,-0.));
#2496 = MANIFOLD_SOLID_BREP('',#2497);
#2497 = CLOSED_SHELL('',(#2498,#2540,#2571,#2604,#2635,#2668,#2699,#2732
    ,#2754,#2770));
#2498 = ADVANCED_FACE('',(#2499),#2535,.T.);
#2499 = FACE_BOUND('',#2500,.T.);
#2500 = EDGE_LOOP('',(#2501,#2511,#2520,#2528));
#2501 = ORIENTED_EDGE('',*,*,#2502,.T.);
#2502 = EDGE_CURVE('',#2503,#2505,#2507,.T.);
#2503 = VERTEX_POINT('',#2504);
#2504 = CARTESIAN_POINT('',(26.,-120.37,1.51));
#2505 = VERTEX_POINT('',#2506);
#2506 = CARTESIAN_POINT('',(26.,-120.37,1.55));
#2507 = LINE('',#2508,#2509);
#2508 = CARTESIAN_POINT('',(26.,-120.37,1.51));
#2509 = VECTOR('',#2510,1.);
#2510 = DIRECTION('',(0.,0.,1.));
#2511 = ORIENTED_EDGE('',*,*,#2512,.T.);
#2512 = EDGE_CURVE('',#2505,#2513,#2515,.T.);
#2513 = VERTEX_POINT('',#2514);
#2514 = CARTESIAN_POINT('',(26.27,-120.1,1.55));
#2515 = CIRCLE('',#2516,0.269999422728);
#2516 = AXIS2_PLACEMENT_3D('',#2517,#2518,#2519);
#2517 = CARTESIAN_POINT('',(26.269999422728,-120.3699994227,1.55));
#2518 = DIRECTION('',(0.,0.,-1.));
#2519 = DIRECTION('',(-0.999999999998,-2.138050821579E-06,-0.));
#2520 = ORIENTED_EDGE('',*,*,#2521,.F.);
#2521 = EDGE_CURVE('',#2522,#2513,#2524,.T.);
#2522 = VERTEX_POINT('',#2523);
#2523 = CARTESIAN_POINT('',(26.27,-120.1,1.51));
#2524 = LINE('',#2525,#2526);
#2525 = CARTESIAN_POINT('',(26.27,-120.1,1.51));
#2526 = VECTOR('',#2527,1.);
#2527 = DIRECTION('',(0.,0.,1.));
#2528 = ORIENTED_EDGE('',*,*,#2529,.F.);
#2529 = EDGE_CURVE('',#2503,#2522,#2530,.T.);
#2530 = CIRCLE('',#2531,0.269999422728);
#2531 = AXIS2_PLACEMENT_3D('',#2532,#2533,#2534);
#2532 = CARTESIAN_POINT('',(26.269999422728,-120.3699994227,1.51));
#2533 = DIRECTION('',(0.,0.,-1.));
#2534 = DIRECTION('',(-0.999999999998,-2.138050821579E-06,-0.));
#2535 = CYLINDRICAL_SURFACE('',#2536,0.269999422728);
#2536 = AXIS2_PLACEMENT_3D('',#2537,#2538,#2539);
#2537 = CARTESIAN_POINT('',(26.269999422728,-120.3699994227,1.51));
#2538 = DIRECTION('',(0.,0.,-1.));
#2539 = DIRECTION('',(-0.999999999998,-2.138050821579E-06,-0.));
#2540 = ADVANCED_FACE('',(#2541),#2566,.T.);
#2541 = FACE_BOUND('',#2542,.T.);
#2542 = EDGE_LOOP('',(#2543,#2544,#2552,#2560));
#2543 = ORIENTED_EDGE('',*,*,#2521,.T.);
#2544 = ORIENTED_EDGE('',*,*,#2545,.T.);
#2545 = EDGE_CURVE('',#2513,#2546,#2548,.T.);
#2546 = VERTEX_POINT('',#2547);
#2547 = CARTESIAN_POINT('',(28.23,-120.1,1.55));
#2548 = LINE('',#2549,#2550);
#2549 = CARTESIAN_POINT('',(26.27,-120.1,1.55));
#2550 = VECTOR('',#2551,1.);
#2551 = DIRECTION('',(1.,0.,0.));
#2552 = ORIENTED_EDGE('',*,*,#2553,.F.);
#2553 = EDGE_CURVE('',#2554,#2546,#2556,.T.);
#2554 = VERTEX_POINT('',#2555);
#2555 = CARTESIAN_POINT('',(28.23,-120.1,1.51));
#2556 = LINE('',#2557,#2558);
#2557 = CARTESIAN_POINT('',(28.23,-120.1,1.51));
#2558 = VECTOR('',#2559,1.);
#2559 = DIRECTION('',(0.,0.,1.));
#2560 = ORIENTED_EDGE('',*,*,#2561,.F.);
#2561 = EDGE_CURVE('',#2522,#2554,#2562,.T.);
#2562 = LINE('',#2563,#2564);
#2563 = CARTESIAN_POINT('',(26.27,-120.1,1.51));
#2564 = VECTOR('',#2565,1.);
#2565 = DIRECTION('',(1.,0.,0.));
#2566 = PLANE('',#2567);
#2567 = AXIS2_PLACEMENT_3D('',#2568,#2569,#2570);
#2568 = CARTESIAN_POINT('',(26.27,-120.1,1.51));
#2569 = DIRECTION('',(0.,1.,0.));
#2570 = DIRECTION('',(1.,0.,0.));
#2571 = ADVANCED_FACE('',(#2572),#2599,.T.);
#2572 = FACE_BOUND('',#2573,.T.);
#2573 = EDGE_LOOP('',(#2574,#2575,#2584,#2592));
#2574 = ORIENTED_EDGE('',*,*,#2553,.T.);
#2575 = ORIENTED_EDGE('',*,*,#2576,.T.);
#2576 = EDGE_CURVE('',#2546,#2577,#2579,.T.);
#2577 = VERTEX_POINT('',#2578);
#2578 = CARTESIAN_POINT('',(28.5,-120.37,1.55));
#2579 = CIRCLE('',#2580,0.269999422728);
#2580 = AXIS2_PLACEMENT_3D('',#2581,#2582,#2583);
#2581 = CARTESIAN_POINT('',(28.230000577272,-120.3699994227,1.55));
#2582 = DIRECTION('',(0.,0.,-1.));
#2583 = DIRECTION('',(-2.138050795262E-06,0.999999999998,0.));
#2584 = ORIENTED_EDGE('',*,*,#2585,.F.);
#2585 = EDGE_CURVE('',#2586,#2577,#2588,.T.);
#2586 = VERTEX_POINT('',#2587);
#2587 = CARTESIAN_POINT('',(28.5,-120.37,1.51));
#2588 = LINE('',#2589,#2590);
#2589 = CARTESIAN_POINT('',(28.5,-120.37,1.51));
#2590 = VECTOR('',#2591,1.);
#2591 = DIRECTION('',(0.,0.,1.));
#2592 = ORIENTED_EDGE('',*,*,#2593,.F.);
#2593 = EDGE_CURVE('',#2554,#2586,#2594,.T.);
#2594 = CIRCLE('',#2595,0.269999422728);
#2595 = AXIS2_PLACEMENT_3D('',#2596,#2597,#2598);
#2596 = CARTESIAN_POINT('',(28.230000577272,-120.3699994227,1.51));
#2597 = DIRECTION('',(0.,0.,-1.));
#2598 = DIRECTION('',(-2.138050795262E-06,0.999999999998,0.));
#2599 = CYLINDRICAL_SURFACE('',#2600,0.269999422728);
#2600 = AXIS2_PLACEMENT_3D('',#2601,#2602,#2603);
#2601 = CARTESIAN_POINT('',(28.230000577272,-120.3699994227,1.51));
#2602 = DIRECTION('',(0.,0.,-1.));
#2603 = DIRECTION('',(-2.138050795262E-06,0.999999999998,0.));
#2604 = ADVANCED_FACE('',(#2605),#2630,.T.);
#2605 = FACE_BOUND('',#2606,.T.);
#2606 = EDGE_LOOP('',(#2607,#2608,#2616,#2624));
#2607 = ORIENTED_EDGE('',*,*,#2585,.T.);
#2608 = ORIENTED_EDGE('',*,*,#2609,.T.);
#2609 = EDGE_CURVE('',#2577,#2610,#2612,.T.);
#2610 = VERTEX_POINT('',#2611);
#2611 = CARTESIAN_POINT('',(28.5,-121.63,1.55));
#2612 = LINE('',#2613,#2614);
#2613 = CARTESIAN_POINT('',(28.5,-120.37,1.55));
#2614 = VECTOR('',#2615,1.);
#2615 = DIRECTION('',(0.,-1.,0.));
#2616 = ORIENTED_EDGE('',*,*,#2617,.F.);
#2617 = EDGE_CURVE('',#2618,#2610,#2620,.T.);
#2618 = VERTEX_POINT('',#2619);
#2619 = CARTESIAN_POINT('',(28.5,-121.63,1.51));
#2620 = LINE('',#2621,#2622);
#2621 = CARTESIAN_POINT('',(28.5,-121.63,1.51));
#2622 = VECTOR('',#2623,1.);
#2623 = DIRECTION('',(0.,0.,1.));
#2624 = ORIENTED_EDGE('',*,*,#2625,.F.);
#2625 = EDGE_CURVE('',#2586,#2618,#2626,.T.);
#2626 = LINE('',#2627,#2628);
#2627 = CARTESIAN_POINT('',(28.5,-120.37,1.51));
#2628 = VECTOR('',#2629,1.);
#2629 = DIRECTION('',(0.,-1.,0.));
#2630 = PLANE('',#2631);
#2631 = AXIS2_PLACEMENT_3D('',#2632,#2633,#2634);
#2632 = CARTESIAN_POINT('',(28.5,-120.37,1.51));
#2633 = DIRECTION('',(1.,0.,-0.));
#2634 = DIRECTION('',(0.,-1.,0.));
#2635 = ADVANCED_FACE('',(#2636),#2663,.T.);
#2636 = FACE_BOUND('',#2637,.T.);
#2637 = EDGE_LOOP('',(#2638,#2639,#2648,#2656));
#2638 = ORIENTED_EDGE('',*,*,#2617,.T.);
#2639 = ORIENTED_EDGE('',*,*,#2640,.T.);
#2640 = EDGE_CURVE('',#2610,#2641,#2643,.T.);
#2641 = VERTEX_POINT('',#2642);
#2642 = CARTESIAN_POINT('',(28.23,-121.9,1.55));
#2643 = CIRCLE('',#2644,0.269999422728);
#2644 = AXIS2_PLACEMENT_3D('',#2645,#2646,#2647);
#2645 = CARTESIAN_POINT('',(28.230000577272,-121.6300005772,1.55));
#2646 = DIRECTION('',(0.,0.,-1.));
#2647 = DIRECTION('',(0.999999999998,2.138050821579E-06,0.));
#2648 = ORIENTED_EDGE('',*,*,#2649,.F.);
#2649 = EDGE_CURVE('',#2650,#2641,#2652,.T.);
#2650 = VERTEX_POINT('',#2651);
#2651 = CARTESIAN_POINT('',(28.23,-121.9,1.51));
#2652 = LINE('',#2653,#2654);
#2653 = CARTESIAN_POINT('',(28.23,-121.9,1.51));
#2654 = VECTOR('',#2655,1.);
#2655 = DIRECTION('',(0.,0.,1.));
#2656 = ORIENTED_EDGE('',*,*,#2657,.F.);
#2657 = EDGE_CURVE('',#2618,#2650,#2658,.T.);
#2658 = CIRCLE('',#2659,0.269999422728);
#2659 = AXIS2_PLACEMENT_3D('',#2660,#2661,#2662);
#2660 = CARTESIAN_POINT('',(28.230000577272,-121.6300005772,1.51));
#2661 = DIRECTION('',(0.,0.,-1.));
#2662 = DIRECTION('',(0.999999999998,2.138050821579E-06,0.));
#2663 = CYLINDRICAL_SURFACE('',#2664,0.269999422728);
#2664 = AXIS2_PLACEMENT_3D('',#2665,#2666,#2667);
#2665 = CARTESIAN_POINT('',(28.230000577272,-121.6300005772,1.51));
#2666 = DIRECTION('',(0.,0.,-1.));
#2667 = DIRECTION('',(0.999999999998,2.138050821579E-06,0.));
#2668 = ADVANCED_FACE('',(#2669),#2694,.T.);
#2669 = FACE_BOUND('',#2670,.T.);
#2670 = EDGE_LOOP('',(#2671,#2672,#2680,#2688));
#2671 = ORIENTED_EDGE('',*,*,#2649,.T.);
#2672 = ORIENTED_EDGE('',*,*,#2673,.T.);
#2673 = EDGE_CURVE('',#2641,#2674,#2676,.T.);
#2674 = VERTEX_POINT('',#2675);
#2675 = CARTESIAN_POINT('',(26.27,-121.9,1.55));
#2676 = LINE('',#2677,#2678);
#2677 = CARTESIAN_POINT('',(28.23,-121.9,1.55));
#2678 = VECTOR('',#2679,1.);
#2679 = DIRECTION('',(-1.,0.,0.));
#2680 = ORIENTED_EDGE('',*,*,#2681,.F.);
#2681 = EDGE_CURVE('',#2682,#2674,#2684,.T.);
#2682 = VERTEX_POINT('',#2683);
#2683 = CARTESIAN_POINT('',(26.27,-121.9,1.51));
#2684 = LINE('',#2685,#2686);
#2685 = CARTESIAN_POINT('',(26.27,-121.9,1.51));
#2686 = VECTOR('',#2687,1.);
#2687 = DIRECTION('',(0.,0.,1.));
#2688 = ORIENTED_EDGE('',*,*,#2689,.F.);
#2689 = EDGE_CURVE('',#2650,#2682,#2690,.T.);
#2690 = LINE('',#2691,#2692);
#2691 = CARTESIAN_POINT('',(28.23,-121.9,1.51));
#2692 = VECTOR('',#2693,1.);
#2693 = DIRECTION('',(-1.,0.,0.));
#2694 = PLANE('',#2695);
#2695 = AXIS2_PLACEMENT_3D('',#2696,#2697,#2698);
#2696 = CARTESIAN_POINT('',(28.23,-121.9,1.51));
#2697 = DIRECTION('',(0.,-1.,0.));
#2698 = DIRECTION('',(-1.,0.,0.));
#2699 = ADVANCED_FACE('',(#2700),#2727,.T.);
#2700 = FACE_BOUND('',#2701,.T.);
#2701 = EDGE_LOOP('',(#2702,#2703,#2712,#2720));
#2702 = ORIENTED_EDGE('',*,*,#2681,.T.);
#2703 = ORIENTED_EDGE('',*,*,#2704,.T.);
#2704 = EDGE_CURVE('',#2674,#2705,#2707,.T.);
#2705 = VERTEX_POINT('',#2706);
#2706 = CARTESIAN_POINT('',(26.,-121.63,1.55));
#2707 = CIRCLE('',#2708,0.269999422728);
#2708 = AXIS2_PLACEMENT_3D('',#2709,#2710,#2711);
#2709 = CARTESIAN_POINT('',(26.269999422728,-121.6300005772,1.55));
#2710 = DIRECTION('',(0.,0.,-1.));
#2711 = DIRECTION('',(2.138050795262E-06,-0.999999999998,0.));
#2712 = ORIENTED_EDGE('',*,*,#2713,.F.);
#2713 = EDGE_CURVE('',#2714,#2705,#2716,.T.);
#2714 = VERTEX_POINT('',#2715);
#2715 = CARTESIAN_POINT('',(26.,-121.63,1.51));
#2716 = LINE('',#2717,#2718);
#2717 = CARTESIAN_POINT('',(26.,-121.63,1.51));
#2718 = VECTOR('',#2719,1.);
#2719 = DIRECTION('',(0.,0.,1.));
#2720 = ORIENTED_EDGE('',*,*,#2721,.F.);
#2721 = EDGE_CURVE('',#2682,#2714,#2722,.T.);
#2722 = CIRCLE('',#2723,0.269999422728);
#2723 = AXIS2_PLACEMENT_3D('',#2724,#2725,#2726);
#2724 = CARTESIAN_POINT('',(26.269999422728,-121.6300005772,1.51));
#2725 = DIRECTION('',(0.,0.,-1.));
#2726 = DIRECTION('',(2.138050795262E-06,-0.999999999998,0.));
#2727 = CYLINDRICAL_SURFACE('',#2728,0.269999422728);
#2728 = AXIS2_PLACEMENT_3D('',#2729,#2730,#2731);
#2729 = CARTESIAN_POINT('',(26.269999422728,-121.6300005772,1.51));
#2730 = DIRECTION('',(0.,0.,-1.));
#2731 = DIRECTION('',(2.138050795262E-06,-0.999999999998,0.));
#2732 = ADVANCED_FACE('',(#2733),#2749,.T.);
#2733 = FACE_BOUND('',#2734,.T.);
#2734 = EDGE_LOOP('',(#2735,#2736,#2742,#2743));
#2735 = ORIENTED_EDGE('',*,*,#2713,.T.);
#2736 = ORIENTED_EDGE('',*,*,#2737,.T.);
#2737 = EDGE_CURVE('',#2705,#2505,#2738,.T.);
#2738 = LINE('',#2739,#2740);
#2739 = CARTESIAN_POINT('',(26.,-121.63,1.55));
#2740 = VECTOR('',#2741,1.);
#2741 = DIRECTION('',(0.,1.,0.));
#2742 = ORIENTED_EDGE('',*,*,#2502,.F.);
#2743 = ORIENTED_EDGE('',*,*,#2744,.F.);
#2744 = EDGE_CURVE('',#2714,#2503,#2745,.T.);
#2745 = LINE('',#2746,#2747);
#2746 = CARTESIAN_POINT('',(26.,-121.63,1.51));
#2747 = VECTOR('',#2748,1.);
#2748 = DIRECTION('',(0.,1.,0.));
#2749 = PLANE('',#2750);
#2750 = AXIS2_PLACEMENT_3D('',#2751,#2752,#2753);
#2751 = CARTESIAN_POINT('',(26.,-121.63,1.51));
#2752 = DIRECTION('',(-1.,0.,0.));
#2753 = DIRECTION('',(0.,1.,0.));
#2754 = ADVANCED_FACE('',(#2755),#2765,.F.);
#2755 = FACE_BOUND('',#2756,.T.);
#2756 = EDGE_LOOP('',(#2757,#2758,#2759,#2760,#2761,#2762,#2763,#2764));
#2757 = ORIENTED_EDGE('',*,*,#2529,.T.);
#2758 = ORIENTED_EDGE('',*,*,#2561,.T.);
#2759 = ORIENTED_EDGE('',*,*,#2593,.T.);
#2760 = ORIENTED_EDGE('',*,*,#2625,.T.);
#2761 = ORIENTED_EDGE('',*,*,#2657,.T.);
#2762 = ORIENTED_EDGE('',*,*,#2689,.T.);
#2763 = ORIENTED_EDGE('',*,*,#2721,.T.);
#2764 = ORIENTED_EDGE('',*,*,#2744,.T.);
#2765 = PLANE('',#2766);
#2766 = AXIS2_PLACEMENT_3D('',#2767,#2768,#2769);
#2767 = CARTESIAN_POINT('',(0.,0.,1.51));
#2768 = DIRECTION('',(0.,0.,1.));
#2769 = DIRECTION('',(1.,0.,-0.));
#2770 = ADVANCED_FACE('',(#2771),#2781,.T.);
#2771 = FACE_BOUND('',#2772,.F.);
#2772 = EDGE_LOOP('',(#2773,#2774,#2775,#2776,#2777,#2778,#2779,#2780));
#2773 = ORIENTED_EDGE('',*,*,#2512,.T.);
#2774 = ORIENTED_EDGE('',*,*,#2545,.T.);
#2775 = ORIENTED_EDGE('',*,*,#2576,.T.);
#2776 = ORIENTED_EDGE('',*,*,#2609,.T.);
#2777 = ORIENTED_EDGE('',*,*,#2640,.T.);
#2778 = ORIENTED_EDGE('',*,*,#2673,.T.);
#2779 = ORIENTED_EDGE('',*,*,#2704,.T.);
#2780 = ORIENTED_EDGE('',*,*,#2737,.T.);
#2781 = PLANE('',#2782);
#2782 = AXIS2_PLACEMENT_3D('',#2783,#2784,#2785);
#2783 = CARTESIAN_POINT('',(0.,0.,1.55));
#2784 = DIRECTION('',(0.,0.,1.));
#2785 = DIRECTION('',(1.,0.,-0.));
#2786 = MANIFOLD_SOLID_BREP('',#2787);
#2787 = CLOSED_SHELL('',(#2788,#2830,#2861,#2894,#2925,#2958,#2989,#3022
    ,#3044,#3060));
#2788 = ADVANCED_FACE('',(#2789),#2825,.T.);
#2789 = FACE_BOUND('',#2790,.T.);
#2790 = EDGE_LOOP('',(#2791,#2801,#2810,#2818));
#2791 = ORIENTED_EDGE('',*,*,#2792,.T.);
#2792 = EDGE_CURVE('',#2793,#2795,#2797,.T.);
#2793 = VERTEX_POINT('',#2794);
#2794 = CARTESIAN_POINT('',(26.,-95.87,1.51));
#2795 = VERTEX_POINT('',#2796);
#2796 = CARTESIAN_POINT('',(26.,-95.87,1.55));
#2797 = LINE('',#2798,#2799);
#2798 = CARTESIAN_POINT('',(26.,-95.87,1.51));
#2799 = VECTOR('',#2800,1.);
#2800 = DIRECTION('',(0.,0.,1.));
#2801 = ORIENTED_EDGE('',*,*,#2802,.T.);
#2802 = EDGE_CURVE('',#2795,#2803,#2805,.T.);
#2803 = VERTEX_POINT('',#2804);
#2804 = CARTESIAN_POINT('',(26.27,-95.6,1.55));
#2805 = CIRCLE('',#2806,0.269999422728);
#2806 = AXIS2_PLACEMENT_3D('',#2807,#2808,#2809);
#2807 = CARTESIAN_POINT('',(26.269999422728,-95.86999942272,1.55));
#2808 = DIRECTION('',(0.,0.,-1.));
#2809 = DIRECTION('',(-0.999999999998,-2.138050821579E-06,-0.));
#2810 = ORIENTED_EDGE('',*,*,#2811,.F.);
#2811 = EDGE_CURVE('',#2812,#2803,#2814,.T.);
#2812 = VERTEX_POINT('',#2813);
#2813 = CARTESIAN_POINT('',(26.27,-95.6,1.51));
#2814 = LINE('',#2815,#2816);
#2815 = CARTESIAN_POINT('',(26.27,-95.6,1.51));
#2816 = VECTOR('',#2817,1.);
#2817 = DIRECTION('',(0.,0.,1.));
#2818 = ORIENTED_EDGE('',*,*,#2819,.F.);
#2819 = EDGE_CURVE('',#2793,#2812,#2820,.T.);
#2820 = CIRCLE('',#2821,0.269999422728);
#2821 = AXIS2_PLACEMENT_3D('',#2822,#2823,#2824);
#2822 = CARTESIAN_POINT('',(26.269999422728,-95.86999942272,1.51));
#2823 = DIRECTION('',(0.,0.,-1.));
#2824 = DIRECTION('',(-0.999999999998,-2.138050821579E-06,-0.));
#2825 = CYLINDRICAL_SURFACE('',#2826,0.269999422728);
#2826 = AXIS2_PLACEMENT_3D('',#2827,#2828,#2829);
#2827 = CARTESIAN_POINT('',(26.269999422728,-95.86999942272,1.51));
#2828 = DIRECTION('',(0.,0.,-1.));
#2829 = DIRECTION('',(-0.999999999998,-2.138050821579E-06,-0.));
#2830 = ADVANCED_FACE('',(#2831),#2856,.T.);
#2831 = FACE_BOUND('',#2832,.T.);
#2832 = EDGE_LOOP('',(#2833,#2834,#2842,#2850));
#2833 = ORIENTED_EDGE('',*,*,#2811,.T.);
#2834 = ORIENTED_EDGE('',*,*,#2835,.T.);
#2835 = EDGE_CURVE('',#2803,#2836,#2838,.T.);
#2836 = VERTEX_POINT('',#2837);
#2837 = CARTESIAN_POINT('',(28.23,-95.6,1.55));
#2838 = LINE('',#2839,#2840);
#2839 = CARTESIAN_POINT('',(26.27,-95.6,1.55));
#2840 = VECTOR('',#2841,1.);
#2841 = DIRECTION('',(1.,0.,0.));
#2842 = ORIENTED_EDGE('',*,*,#2843,.F.);
#2843 = EDGE_CURVE('',#2844,#2836,#2846,.T.);
#2844 = VERTEX_POINT('',#2845);
#2845 = CARTESIAN_POINT('',(28.23,-95.6,1.51));
#2846 = LINE('',#2847,#2848);
#2847 = CARTESIAN_POINT('',(28.23,-95.6,1.51));
#2848 = VECTOR('',#2849,1.);
#2849 = DIRECTION('',(0.,0.,1.));
#2850 = ORIENTED_EDGE('',*,*,#2851,.F.);
#2851 = EDGE_CURVE('',#2812,#2844,#2852,.T.);
#2852 = LINE('',#2853,#2854);
#2853 = CARTESIAN_POINT('',(26.27,-95.6,1.51));
#2854 = VECTOR('',#2855,1.);
#2855 = DIRECTION('',(1.,0.,0.));
#2856 = PLANE('',#2857);
#2857 = AXIS2_PLACEMENT_3D('',#2858,#2859,#2860);
#2858 = CARTESIAN_POINT('',(26.27,-95.6,1.51));
#2859 = DIRECTION('',(0.,1.,0.));
#2860 = DIRECTION('',(1.,0.,0.));
#2861 = ADVANCED_FACE('',(#2862),#2889,.T.);
#2862 = FACE_BOUND('',#2863,.T.);
#2863 = EDGE_LOOP('',(#2864,#2865,#2874,#2882));
#2864 = ORIENTED_EDGE('',*,*,#2843,.T.);
#2865 = ORIENTED_EDGE('',*,*,#2866,.T.);
#2866 = EDGE_CURVE('',#2836,#2867,#2869,.T.);
#2867 = VERTEX_POINT('',#2868);
#2868 = CARTESIAN_POINT('',(28.5,-95.87,1.55));
#2869 = CIRCLE('',#2870,0.269999422728);
#2870 = AXIS2_PLACEMENT_3D('',#2871,#2872,#2873);
#2871 = CARTESIAN_POINT('',(28.230000577272,-95.86999942272,1.55));
#2872 = DIRECTION('',(0.,0.,-1.));
#2873 = DIRECTION('',(-2.138050795262E-06,0.999999999998,0.));
#2874 = ORIENTED_EDGE('',*,*,#2875,.F.);
#2875 = EDGE_CURVE('',#2876,#2867,#2878,.T.);
#2876 = VERTEX_POINT('',#2877);
#2877 = CARTESIAN_POINT('',(28.5,-95.87,1.51));
#2878 = LINE('',#2879,#2880);
#2879 = CARTESIAN_POINT('',(28.5,-95.87,1.51));
#2880 = VECTOR('',#2881,1.);
#2881 = DIRECTION('',(0.,0.,1.));
#2882 = ORIENTED_EDGE('',*,*,#2883,.F.);
#2883 = EDGE_CURVE('',#2844,#2876,#2884,.T.);
#2884 = CIRCLE('',#2885,0.269999422728);
#2885 = AXIS2_PLACEMENT_3D('',#2886,#2887,#2888);
#2886 = CARTESIAN_POINT('',(28.230000577272,-95.86999942272,1.51));
#2887 = DIRECTION('',(0.,0.,-1.));
#2888 = DIRECTION('',(-2.138050795262E-06,0.999999999998,0.));
#2889 = CYLINDRICAL_SURFACE('',#2890,0.269999422728);
#2890 = AXIS2_PLACEMENT_3D('',#2891,#2892,#2893);
#2891 = CARTESIAN_POINT('',(28.230000577272,-95.86999942272,1.51));
#2892 = DIRECTION('',(0.,0.,-1.));
#2893 = DIRECTION('',(-2.138050795262E-06,0.999999999998,0.));
#2894 = ADVANCED_FACE('',(#2895),#2920,.T.);
#2895 = FACE_BOUND('',#2896,.T.);
#2896 = EDGE_LOOP('',(#2897,#2898,#2906,#2914));
#2897 = ORIENTED_EDGE('',*,*,#2875,.T.);
#2898 = ORIENTED_EDGE('',*,*,#2899,.T.);
#2899 = EDGE_CURVE('',#2867,#2900,#2902,.T.);
#2900 = VERTEX_POINT('',#2901);
#2901 = CARTESIAN_POINT('',(28.5,-97.13,1.55));
#2902 = LINE('',#2903,#2904);
#2903 = CARTESIAN_POINT('',(28.5,-95.87,1.55));
#2904 = VECTOR('',#2905,1.);
#2905 = DIRECTION('',(0.,-1.,0.));
#2906 = ORIENTED_EDGE('',*,*,#2907,.F.);
#2907 = EDGE_CURVE('',#2908,#2900,#2910,.T.);
#2908 = VERTEX_POINT('',#2909);
#2909 = CARTESIAN_POINT('',(28.5,-97.13,1.51));
#2910 = LINE('',#2911,#2912);
#2911 = CARTESIAN_POINT('',(28.5,-97.13,1.51));
#2912 = VECTOR('',#2913,1.);
#2913 = DIRECTION('',(0.,0.,1.));
#2914 = ORIENTED_EDGE('',*,*,#2915,.F.);
#2915 = EDGE_CURVE('',#2876,#2908,#2916,.T.);
#2916 = LINE('',#2917,#2918);
#2917 = CARTESIAN_POINT('',(28.5,-95.87,1.51));
#2918 = VECTOR('',#2919,1.);
#2919 = DIRECTION('',(0.,-1.,0.));
#2920 = PLANE('',#2921);
#2921 = AXIS2_PLACEMENT_3D('',#2922,#2923,#2924);
#2922 = CARTESIAN_POINT('',(28.5,-95.87,1.51));
#2923 = DIRECTION('',(1.,0.,-0.));
#2924 = DIRECTION('',(0.,-1.,0.));
#2925 = ADVANCED_FACE('',(#2926),#2953,.T.);
#2926 = FACE_BOUND('',#2927,.T.);
#2927 = EDGE_LOOP('',(#2928,#2929,#2938,#2946));
#2928 = ORIENTED_EDGE('',*,*,#2907,.T.);
#2929 = ORIENTED_EDGE('',*,*,#2930,.T.);
#2930 = EDGE_CURVE('',#2900,#2931,#2933,.T.);
#2931 = VERTEX_POINT('',#2932);
#2932 = CARTESIAN_POINT('',(28.23,-97.4,1.55));
#2933 = CIRCLE('',#2934,0.269999422728);
#2934 = AXIS2_PLACEMENT_3D('',#2935,#2936,#2937);
#2935 = CARTESIAN_POINT('',(28.230000577272,-97.13000057727,1.55));
#2936 = DIRECTION('',(0.,0.,-1.));
#2937 = DIRECTION('',(0.999999999998,2.138050821579E-06,0.));
#2938 = ORIENTED_EDGE('',*,*,#2939,.F.);
#2939 = EDGE_CURVE('',#2940,#2931,#2942,.T.);
#2940 = VERTEX_POINT('',#2941);
#2941 = CARTESIAN_POINT('',(28.23,-97.4,1.51));
#2942 = LINE('',#2943,#2944);
#2943 = CARTESIAN_POINT('',(28.23,-97.4,1.51));
#2944 = VECTOR('',#2945,1.);
#2945 = DIRECTION('',(0.,0.,1.));
#2946 = ORIENTED_EDGE('',*,*,#2947,.F.);
#2947 = EDGE_CURVE('',#2908,#2940,#2948,.T.);
#2948 = CIRCLE('',#2949,0.269999422728);
#2949 = AXIS2_PLACEMENT_3D('',#2950,#2951,#2952);
#2950 = CARTESIAN_POINT('',(28.230000577272,-97.13000057727,1.51));
#2951 = DIRECTION('',(0.,0.,-1.));
#2952 = DIRECTION('',(0.999999999998,2.138050821579E-06,0.));
#2953 = CYLINDRICAL_SURFACE('',#2954,0.269999422728);
#2954 = AXIS2_PLACEMENT_3D('',#2955,#2956,#2957);
#2955 = CARTESIAN_POINT('',(28.230000577272,-97.13000057727,1.51));
#2956 = DIRECTION('',(0.,0.,-1.));
#2957 = DIRECTION('',(0.999999999998,2.138050821579E-06,0.));
#2958 = ADVANCED_FACE('',(#2959),#2984,.T.);
#2959 = FACE_BOUND('',#2960,.T.);
#2960 = EDGE_LOOP('',(#2961,#2962,#2970,#2978));
#2961 = ORIENTED_EDGE('',*,*,#2939,.T.);
#2962 = ORIENTED_EDGE('',*,*,#2963,.T.);
#2963 = EDGE_CURVE('',#2931,#2964,#2966,.T.);
#2964 = VERTEX_POINT('',#2965);
#2965 = CARTESIAN_POINT('',(26.27,-97.4,1.55));
#2966 = LINE('',#2967,#2968);
#2967 = CARTESIAN_POINT('',(28.23,-97.4,1.55));
#2968 = VECTOR('',#2969,1.);
#2969 = DIRECTION('',(-1.,0.,0.));
#2970 = ORIENTED_EDGE('',*,*,#2971,.F.);
#2971 = EDGE_CURVE('',#2972,#2964,#2974,.T.);
#2972 = VERTEX_POINT('',#2973);
#2973 = CARTESIAN_POINT('',(26.27,-97.4,1.51));
#2974 = LINE('',#2975,#2976);
#2975 = CARTESIAN_POINT('',(26.27,-97.4,1.51));
#2976 = VECTOR('',#2977,1.);
#2977 = DIRECTION('',(0.,0.,1.));
#2978 = ORIENTED_EDGE('',*,*,#2979,.F.);
#2979 = EDGE_CURVE('',#2940,#2972,#2980,.T.);
#2980 = LINE('',#2981,#2982);
#2981 = CARTESIAN_POINT('',(28.23,-97.4,1.51));
#2982 = VECTOR('',#2983,1.);
#2983 = DIRECTION('',(-1.,0.,0.));
#2984 = PLANE('',#2985);
#2985 = AXIS2_PLACEMENT_3D('',#2986,#2987,#2988);
#2986 = CARTESIAN_POINT('',(28.23,-97.4,1.51));
#2987 = DIRECTION('',(0.,-1.,0.));
#2988 = DIRECTION('',(-1.,0.,0.));
#2989 = ADVANCED_FACE('',(#2990),#3017,.T.);
#2990 = FACE_BOUND('',#2991,.T.);
#2991 = EDGE_LOOP('',(#2992,#2993,#3002,#3010));
#2992 = ORIENTED_EDGE('',*,*,#2971,.T.);
#2993 = ORIENTED_EDGE('',*,*,#2994,.T.);
#2994 = EDGE_CURVE('',#2964,#2995,#2997,.T.);
#2995 = VERTEX_POINT('',#2996);
#2996 = CARTESIAN_POINT('',(26.,-97.13,1.55));
#2997 = CIRCLE('',#2998,0.269999422728);
#2998 = AXIS2_PLACEMENT_3D('',#2999,#3000,#3001);
#2999 = CARTESIAN_POINT('',(26.269999422728,-97.13000057727,1.55));
#3000 = DIRECTION('',(0.,0.,-1.));
#3001 = DIRECTION('',(2.138050795262E-06,-0.999999999998,0.));
#3002 = ORIENTED_EDGE('',*,*,#3003,.F.);
#3003 = EDGE_CURVE('',#3004,#2995,#3006,.T.);
#3004 = VERTEX_POINT('',#3005);
#3005 = CARTESIAN_POINT('',(26.,-97.13,1.51));
#3006 = LINE('',#3007,#3008);
#3007 = CARTESIAN_POINT('',(26.,-97.13,1.51));
#3008 = VECTOR('',#3009,1.);
#3009 = DIRECTION('',(0.,0.,1.));
#3010 = ORIENTED_EDGE('',*,*,#3011,.F.);
#3011 = EDGE_CURVE('',#2972,#3004,#3012,.T.);
#3012 = CIRCLE('',#3013,0.269999422728);
#3013 = AXIS2_PLACEMENT_3D('',#3014,#3015,#3016);
#3014 = CARTESIAN_POINT('',(26.269999422728,-97.13000057727,1.51));
#3015 = DIRECTION('',(0.,0.,-1.));
#3016 = DIRECTION('',(2.138050795262E-06,-0.999999999998,0.));
#3017 = CYLINDRICAL_SURFACE('',#3018,0.269999422728);
#3018 = AXIS2_PLACEMENT_3D('',#3019,#3020,#3021);
#3019 = CARTESIAN_POINT('',(26.269999422728,-97.13000057727,1.51));
#3020 = DIRECTION('',(0.,0.,-1.));
#3021 = DIRECTION('',(2.138050795262E-06,-0.999999999998,0.));
#3022 = ADVANCED_FACE('',(#3023),#3039,.T.);
#3023 = FACE_BOUND('',#3024,.T.);
#3024 = EDGE_LOOP('',(#3025,#3026,#3032,#3033));
#3025 = ORIENTED_EDGE('',*,*,#3003,.T.);
#3026 = ORIENTED_EDGE('',*,*,#3027,.T.);
#3027 = EDGE_CURVE('',#2995,#2795,#3028,.T.);
#3028 = LINE('',#3029,#3030);
#3029 = CARTESIAN_POINT('',(26.,-97.13,1.55));
#3030 = VECTOR('',#3031,1.);
#3031 = DIRECTION('',(0.,1.,0.));
#3032 = ORIENTED_EDGE('',*,*,#2792,.F.);
#3033 = ORIENTED_EDGE('',*,*,#3034,.F.);
#3034 = EDGE_CURVE('',#3004,#2793,#3035,.T.);
#3035 = LINE('',#3036,#3037);
#3036 = CARTESIAN_POINT('',(26.,-97.13,1.51));
#3037 = VECTOR('',#3038,1.);
#3038 = DIRECTION('',(0.,1.,0.));
#3039 = PLANE('',#3040);
#3040 = AXIS2_PLACEMENT_3D('',#3041,#3042,#3043);
#3041 = CARTESIAN_POINT('',(26.,-97.13,1.51));
#3042 = DIRECTION('',(-1.,0.,0.));
#3043 = DIRECTION('',(0.,1.,0.));
#3044 = ADVANCED_FACE('',(#3045),#3055,.F.);
#3045 = FACE_BOUND('',#3046,.T.);
#3046 = EDGE_LOOP('',(#3047,#3048,#3049,#3050,#3051,#3052,#3053,#3054));
#3047 = ORIENTED_EDGE('',*,*,#2819,.T.);
#3048 = ORIENTED_EDGE('',*,*,#2851,.T.);
#3049 = ORIENTED_EDGE('',*,*,#2883,.T.);
#3050 = ORIENTED_EDGE('',*,*,#2915,.T.);
#3051 = ORIENTED_EDGE('',*,*,#2947,.T.);
#3052 = ORIENTED_EDGE('',*,*,#2979,.T.);
#3053 = ORIENTED_EDGE('',*,*,#3011,.T.);
#3054 = ORIENTED_EDGE('',*,*,#3034,.T.);
#3055 = PLANE('',#3056);
#3056 = AXIS2_PLACEMENT_3D('',#3057,#3058,#3059);
#3057 = CARTESIAN_POINT('',(0.,0.,1.51));
#3058 = DIRECTION('',(0.,0.,1.));
#3059 = DIRECTION('',(1.,0.,-0.));
#3060 = ADVANCED_FACE('',(#3061),#3071,.T.);
#3061 = FACE_BOUND('',#3062,.F.);
#3062 = EDGE_LOOP('',(#3063,#3064,#3065,#3066,#3067,#3068,#3069,#3070));
#3063 = ORIENTED_EDGE('',*,*,#2802,.T.);
#3064 = ORIENTED_EDGE('',*,*,#2835,.T.);
#3065 = ORIENTED_EDGE('',*,*,#2866,.T.);
#3066 = ORIENTED_EDGE('',*,*,#2899,.T.);
#3067 = ORIENTED_EDGE('',*,*,#2930,.T.);
#3068 = ORIENTED_EDGE('',*,*,#2963,.T.);
#3069 = ORIENTED_EDGE('',*,*,#2994,.T.);
#3070 = ORIENTED_EDGE('',*,*,#3027,.T.);
#3071 = PLANE('',#3072);
#3072 = AXIS2_PLACEMENT_3D('',#3073,#3074,#3075);
#3073 = CARTESIAN_POINT('',(0.,0.,1.55));
#3074 = DIRECTION('',(0.,0.,1.));
#3075 = DIRECTION('',(1.,0.,-0.));
#3076 = MANIFOLD_SOLID_BREP('',#3077);
#3077 = CLOSED_SHELL('',(#3078,#3120,#3151,#3184,#3215,#3248,#3279,#3312
    ,#3334,#3350));
#3078 = ADVANCED_FACE('',(#3079),#3115,.T.);
#3079 = FACE_BOUND('',#3080,.T.);
#3080 = EDGE_LOOP('',(#3081,#3091,#3100,#3108));
#3081 = ORIENTED_EDGE('',*,*,#3082,.T.);
#3082 = EDGE_CURVE('',#3083,#3085,#3087,.T.);
#3083 = VERTEX_POINT('',#3084);
#3084 = CARTESIAN_POINT('',(26.,-110.37,1.51));
#3085 = VERTEX_POINT('',#3086);
#3086 = CARTESIAN_POINT('',(26.,-110.37,1.55));
#3087 = LINE('',#3088,#3089);
#3088 = CARTESIAN_POINT('',(26.,-110.37,1.51));
#3089 = VECTOR('',#3090,1.);
#3090 = DIRECTION('',(0.,0.,1.));
#3091 = ORIENTED_EDGE('',*,*,#3092,.T.);
#3092 = EDGE_CURVE('',#3085,#3093,#3095,.T.);
#3093 = VERTEX_POINT('',#3094);
#3094 = CARTESIAN_POINT('',(26.27,-110.1,1.55));
#3095 = CIRCLE('',#3096,0.269999422728);
#3096 = AXIS2_PLACEMENT_3D('',#3097,#3098,#3099);
#3097 = CARTESIAN_POINT('',(26.269999422728,-110.3699994227,1.55));
#3098 = DIRECTION('',(0.,0.,-1.));
#3099 = DIRECTION('',(-0.999999999998,-2.138050821579E-06,-0.));
#3100 = ORIENTED_EDGE('',*,*,#3101,.F.);
#3101 = EDGE_CURVE('',#3102,#3093,#3104,.T.);
#3102 = VERTEX_POINT('',#3103);
#3103 = CARTESIAN_POINT('',(26.27,-110.1,1.51));
#3104 = LINE('',#3105,#3106);
#3105 = CARTESIAN_POINT('',(26.27,-110.1,1.51));
#3106 = VECTOR('',#3107,1.);
#3107 = DIRECTION('',(0.,0.,1.));
#3108 = ORIENTED_EDGE('',*,*,#3109,.F.);
#3109 = EDGE_CURVE('',#3083,#3102,#3110,.T.);
#3110 = CIRCLE('',#3111,0.269999422728);
#3111 = AXIS2_PLACEMENT_3D('',#3112,#3113,#3114);
#3112 = CARTESIAN_POINT('',(26.269999422728,-110.3699994227,1.51));
#3113 = DIRECTION('',(0.,0.,-1.));
#3114 = DIRECTION('',(-0.999999999998,-2.138050821579E-06,-0.));
#3115 = CYLINDRICAL_SURFACE('',#3116,0.269999422728);
#3116 = AXIS2_PLACEMENT_3D('',#3117,#3118,#3119);
#3117 = CARTESIAN_POINT('',(26.269999422728,-110.3699994227,1.51));
#3118 = DIRECTION('',(0.,0.,-1.));
#3119 = DIRECTION('',(-0.999999999998,-2.138050821579E-06,-0.));
#3120 = ADVANCED_FACE('',(#3121),#3146,.T.);
#3121 = FACE_BOUND('',#3122,.T.);
#3122 = EDGE_LOOP('',(#3123,#3124,#3132,#3140));
#3123 = ORIENTED_EDGE('',*,*,#3101,.T.);
#3124 = ORIENTED_EDGE('',*,*,#3125,.T.);
#3125 = EDGE_CURVE('',#3093,#3126,#3128,.T.);
#3126 = VERTEX_POINT('',#3127);
#3127 = CARTESIAN_POINT('',(28.23,-110.1,1.55));
#3128 = LINE('',#3129,#3130);
#3129 = CARTESIAN_POINT('',(26.27,-110.1,1.55));
#3130 = VECTOR('',#3131,1.);
#3131 = DIRECTION('',(1.,0.,0.));
#3132 = ORIENTED_EDGE('',*,*,#3133,.F.);
#3133 = EDGE_CURVE('',#3134,#3126,#3136,.T.);
#3134 = VERTEX_POINT('',#3135);
#3135 = CARTESIAN_POINT('',(28.23,-110.1,1.51));
#3136 = LINE('',#3137,#3138);
#3137 = CARTESIAN_POINT('',(28.23,-110.1,1.51));
#3138 = VECTOR('',#3139,1.);
#3139 = DIRECTION('',(0.,0.,1.));
#3140 = ORIENTED_EDGE('',*,*,#3141,.F.);
#3141 = EDGE_CURVE('',#3102,#3134,#3142,.T.);
#3142 = LINE('',#3143,#3144);
#3143 = CARTESIAN_POINT('',(26.27,-110.1,1.51));
#3144 = VECTOR('',#3145,1.);
#3145 = DIRECTION('',(1.,0.,0.));
#3146 = PLANE('',#3147);
#3147 = AXIS2_PLACEMENT_3D('',#3148,#3149,#3150);
#3148 = CARTESIAN_POINT('',(26.27,-110.1,1.51));
#3149 = DIRECTION('',(0.,1.,0.));
#3150 = DIRECTION('',(1.,0.,0.));
#3151 = ADVANCED_FACE('',(#3152),#3179,.T.);
#3152 = FACE_BOUND('',#3153,.T.);
#3153 = EDGE_LOOP('',(#3154,#3155,#3164,#3172));
#3154 = ORIENTED_EDGE('',*,*,#3133,.T.);
#3155 = ORIENTED_EDGE('',*,*,#3156,.T.);
#3156 = EDGE_CURVE('',#3126,#3157,#3159,.T.);
#3157 = VERTEX_POINT('',#3158);
#3158 = CARTESIAN_POINT('',(28.5,-110.37,1.55));
#3159 = CIRCLE('',#3160,0.269999422728);
#3160 = AXIS2_PLACEMENT_3D('',#3161,#3162,#3163);
#3161 = CARTESIAN_POINT('',(28.230000577272,-110.3699994227,1.55));
#3162 = DIRECTION('',(0.,0.,-1.));
#3163 = DIRECTION('',(-2.138050795262E-06,0.999999999998,0.));
#3164 = ORIENTED_EDGE('',*,*,#3165,.F.);
#3165 = EDGE_CURVE('',#3166,#3157,#3168,.T.);
#3166 = VERTEX_POINT('',#3167);
#3167 = CARTESIAN_POINT('',(28.5,-110.37,1.51));
#3168 = LINE('',#3169,#3170);
#3169 = CARTESIAN_POINT('',(28.5,-110.37,1.51));
#3170 = VECTOR('',#3171,1.);
#3171 = DIRECTION('',(0.,0.,1.));
#3172 = ORIENTED_EDGE('',*,*,#3173,.F.);
#3173 = EDGE_CURVE('',#3134,#3166,#3174,.T.);
#3174 = CIRCLE('',#3175,0.269999422728);
#3175 = AXIS2_PLACEMENT_3D('',#3176,#3177,#3178);
#3176 = CARTESIAN_POINT('',(28.230000577272,-110.3699994227,1.51));
#3177 = DIRECTION('',(0.,0.,-1.));
#3178 = DIRECTION('',(-2.138050795262E-06,0.999999999998,0.));
#3179 = CYLINDRICAL_SURFACE('',#3180,0.269999422728);
#3180 = AXIS2_PLACEMENT_3D('',#3181,#3182,#3183);
#3181 = CARTESIAN_POINT('',(28.230000577272,-110.3699994227,1.51));
#3182 = DIRECTION('',(0.,0.,-1.));
#3183 = DIRECTION('',(-2.138050795262E-06,0.999999999998,0.));
#3184 = ADVANCED_FACE('',(#3185),#3210,.T.);
#3185 = FACE_BOUND('',#3186,.T.);
#3186 = EDGE_LOOP('',(#3187,#3188,#3196,#3204));
#3187 = ORIENTED_EDGE('',*,*,#3165,.T.);
#3188 = ORIENTED_EDGE('',*,*,#3189,.T.);
#3189 = EDGE_CURVE('',#3157,#3190,#3192,.T.);
#3190 = VERTEX_POINT('',#3191);
#3191 = CARTESIAN_POINT('',(28.5,-111.63,1.55));
#3192 = LINE('',#3193,#3194);
#3193 = CARTESIAN_POINT('',(28.5,-110.37,1.55));
#3194 = VECTOR('',#3195,1.);
#3195 = DIRECTION('',(0.,-1.,0.));
#3196 = ORIENTED_EDGE('',*,*,#3197,.F.);
#3197 = EDGE_CURVE('',#3198,#3190,#3200,.T.);
#3198 = VERTEX_POINT('',#3199);
#3199 = CARTESIAN_POINT('',(28.5,-111.63,1.51));
#3200 = LINE('',#3201,#3202);
#3201 = CARTESIAN_POINT('',(28.5,-111.63,1.51));
#3202 = VECTOR('',#3203,1.);
#3203 = DIRECTION('',(0.,0.,1.));
#3204 = ORIENTED_EDGE('',*,*,#3205,.F.);
#3205 = EDGE_CURVE('',#3166,#3198,#3206,.T.);
#3206 = LINE('',#3207,#3208);
#3207 = CARTESIAN_POINT('',(28.5,-110.37,1.51));
#3208 = VECTOR('',#3209,1.);
#3209 = DIRECTION('',(0.,-1.,0.));
#3210 = PLANE('',#3211);
#3211 = AXIS2_PLACEMENT_3D('',#3212,#3213,#3214);
#3212 = CARTESIAN_POINT('',(28.5,-110.37,1.51));
#3213 = DIRECTION('',(1.,0.,-0.));
#3214 = DIRECTION('',(0.,-1.,0.));
#3215 = ADVANCED_FACE('',(#3216),#3243,.T.);
#3216 = FACE_BOUND('',#3217,.T.);
#3217 = EDGE_LOOP('',(#3218,#3219,#3228,#3236));
#3218 = ORIENTED_EDGE('',*,*,#3197,.T.);
#3219 = ORIENTED_EDGE('',*,*,#3220,.T.);
#3220 = EDGE_CURVE('',#3190,#3221,#3223,.T.);
#3221 = VERTEX_POINT('',#3222);
#3222 = CARTESIAN_POINT('',(28.23,-111.9,1.55));
#3223 = CIRCLE('',#3224,0.269999422728);
#3224 = AXIS2_PLACEMENT_3D('',#3225,#3226,#3227);
#3225 = CARTESIAN_POINT('',(28.230000577272,-111.6300005772,1.55));
#3226 = DIRECTION('',(0.,0.,-1.));
#3227 = DIRECTION('',(0.999999999998,2.138050821579E-06,0.));
#3228 = ORIENTED_EDGE('',*,*,#3229,.F.);
#3229 = EDGE_CURVE('',#3230,#3221,#3232,.T.);
#3230 = VERTEX_POINT('',#3231);
#3231 = CARTESIAN_POINT('',(28.23,-111.9,1.51));
#3232 = LINE('',#3233,#3234);
#3233 = CARTESIAN_POINT('',(28.23,-111.9,1.51));
#3234 = VECTOR('',#3235,1.);
#3235 = DIRECTION('',(0.,0.,1.));
#3236 = ORIENTED_EDGE('',*,*,#3237,.F.);
#3237 = EDGE_CURVE('',#3198,#3230,#3238,.T.);
#3238 = CIRCLE('',#3239,0.269999422728);
#3239 = AXIS2_PLACEMENT_3D('',#3240,#3241,#3242);
#3240 = CARTESIAN_POINT('',(28.230000577272,-111.6300005772,1.51));
#3241 = DIRECTION('',(0.,0.,-1.));
#3242 = DIRECTION('',(0.999999999998,2.138050821579E-06,0.));
#3243 = CYLINDRICAL_SURFACE('',#3244,0.269999422728);
#3244 = AXIS2_PLACEMENT_3D('',#3245,#3246,#3247);
#3245 = CARTESIAN_POINT('',(28.230000577272,-111.6300005772,1.51));
#3246 = DIRECTION('',(0.,0.,-1.));
#3247 = DIRECTION('',(0.999999999998,2.138050821579E-06,0.));
#3248 = ADVANCED_FACE('',(#3249),#3274,.T.);
#3249 = FACE_BOUND('',#3250,.T.);
#3250 = EDGE_LOOP('',(#3251,#3252,#3260,#3268));
#3251 = ORIENTED_EDGE('',*,*,#3229,.T.);
#3252 = ORIENTED_EDGE('',*,*,#3253,.T.);
#3253 = EDGE_CURVE('',#3221,#3254,#3256,.T.);
#3254 = VERTEX_POINT('',#3255);
#3255 = CARTESIAN_POINT('',(26.27,-111.9,1.55));
#3256 = LINE('',#3257,#3258);
#3257 = CARTESIAN_POINT('',(28.23,-111.9,1.55));
#3258 = VECTOR('',#3259,1.);
#3259 = DIRECTION('',(-1.,0.,0.));
#3260 = ORIENTED_EDGE('',*,*,#3261,.F.);
#3261 = EDGE_CURVE('',#3262,#3254,#3264,.T.);
#3262 = VERTEX_POINT('',#3263);
#3263 = CARTESIAN_POINT('',(26.27,-111.9,1.51));
#3264 = LINE('',#3265,#3266);
#3265 = CARTESIAN_POINT('',(26.27,-111.9,1.51));
#3266 = VECTOR('',#3267,1.);
#3267 = DIRECTION('',(0.,0.,1.));
#3268 = ORIENTED_EDGE('',*,*,#3269,.F.);
#3269 = EDGE_CURVE('',#3230,#3262,#3270,.T.);
#3270 = LINE('',#3271,#3272);
#3271 = CARTESIAN_POINT('',(28.23,-111.9,1.51));
#3272 = VECTOR('',#3273,1.);
#3273 = DIRECTION('',(-1.,0.,0.));
#3274 = PLANE('',#3275);
#3275 = AXIS2_PLACEMENT_3D('',#3276,#3277,#3278);
#3276 = CARTESIAN_POINT('',(28.23,-111.9,1.51));
#3277 = DIRECTION('',(0.,-1.,0.));
#3278 = DIRECTION('',(-1.,0.,0.));
#3279 = ADVANCED_FACE('',(#3280),#3307,.T.);
#3280 = FACE_BOUND('',#3281,.T.);
#3281 = EDGE_LOOP('',(#3282,#3283,#3292,#3300));
#3282 = ORIENTED_EDGE('',*,*,#3261,.T.);
#3283 = ORIENTED_EDGE('',*,*,#3284,.T.);
#3284 = EDGE_CURVE('',#3254,#3285,#3287,.T.);
#3285 = VERTEX_POINT('',#3286);
#3286 = CARTESIAN_POINT('',(26.,-111.63,1.55));
#3287 = CIRCLE('',#3288,0.269999422728);
#3288 = AXIS2_PLACEMENT_3D('',#3289,#3290,#3291);
#3289 = CARTESIAN_POINT('',(26.269999422728,-111.6300005772,1.55));
#3290 = DIRECTION('',(0.,0.,-1.));
#3291 = DIRECTION('',(2.138050795262E-06,-0.999999999998,0.));
#3292 = ORIENTED_EDGE('',*,*,#3293,.F.);
#3293 = EDGE_CURVE('',#3294,#3285,#3296,.T.);
#3294 = VERTEX_POINT('',#3295);
#3295 = CARTESIAN_POINT('',(26.,-111.63,1.51));
#3296 = LINE('',#3297,#3298);
#3297 = CARTESIAN_POINT('',(26.,-111.63,1.51));
#3298 = VECTOR('',#3299,1.);
#3299 = DIRECTION('',(0.,0.,1.));
#3300 = ORIENTED_EDGE('',*,*,#3301,.F.);
#3301 = EDGE_CURVE('',#3262,#3294,#3302,.T.);
#3302 = CIRCLE('',#3303,0.269999422728);
#3303 = AXIS2_PLACEMENT_3D('',#3304,#3305,#3306);
#3304 = CARTESIAN_POINT('',(26.269999422728,-111.6300005772,1.51));
#3305 = DIRECTION('',(0.,0.,-1.));
#3306 = DIRECTION('',(2.138050795262E-06,-0.999999999998,0.));
#3307 = CYLINDRICAL_SURFACE('',#3308,0.269999422728);
#3308 = AXIS2_PLACEMENT_3D('',#3309,#3310,#3311);
#3309 = CARTESIAN_POINT('',(26.269999422728,-111.6300005772,1.51));
#3310 = DIRECTION('',(0.,0.,-1.));
#3311 = DIRECTION('',(2.138050795262E-06,-0.999999999998,0.));
#3312 = ADVANCED_FACE('',(#3313),#3329,.T.);
#3313 = FACE_BOUND('',#3314,.T.);
#3314 = EDGE_LOOP('',(#3315,#3316,#3322,#3323));
#3315 = ORIENTED_EDGE('',*,*,#3293,.T.);
#3316 = ORIENTED_EDGE('',*,*,#3317,.T.);
#3317 = EDGE_CURVE('',#3285,#3085,#3318,.T.);
#3318 = LINE('',#3319,#3320);
#3319 = CARTESIAN_POINT('',(26.,-111.63,1.55));
#3320 = VECTOR('',#3321,1.);
#3321 = DIRECTION('',(0.,1.,0.));
#3322 = ORIENTED_EDGE('',*,*,#3082,.F.);
#3323 = ORIENTED_EDGE('',*,*,#3324,.F.);
#3324 = EDGE_CURVE('',#3294,#3083,#3325,.T.);
#3325 = LINE('',#3326,#3327);
#3326 = CARTESIAN_POINT('',(26.,-111.63,1.51));
#3327 = VECTOR('',#3328,1.);
#3328 = DIRECTION('',(0.,1.,0.));
#3329 = PLANE('',#3330);
#3330 = AXIS2_PLACEMENT_3D('',#3331,#3332,#3333);
#3331 = CARTESIAN_POINT('',(26.,-111.63,1.51));
#3332 = DIRECTION('',(-1.,0.,0.));
#3333 = DIRECTION('',(0.,1.,0.));
#3334 = ADVANCED_FACE('',(#3335),#3345,.F.);
#3335 = FACE_BOUND('',#3336,.T.);
#3336 = EDGE_LOOP('',(#3337,#3338,#3339,#3340,#3341,#3342,#3343,#3344));
#3337 = ORIENTED_EDGE('',*,*,#3109,.T.);
#3338 = ORIENTED_EDGE('',*,*,#3141,.T.);
#3339 = ORIENTED_EDGE('',*,*,#3173,.T.);
#3340 = ORIENTED_EDGE('',*,*,#3205,.T.);
#3341 = ORIENTED_EDGE('',*,*,#3237,.T.);
#3342 = ORIENTED_EDGE('',*,*,#3269,.T.);
#3343 = ORIENTED_EDGE('',*,*,#3301,.T.);
#3344 = ORIENTED_EDGE('',*,*,#3324,.T.);
#3345 = PLANE('',#3346);
#3346 = AXIS2_PLACEMENT_3D('',#3347,#3348,#3349);
#3347 = CARTESIAN_POINT('',(0.,0.,1.51));
#3348 = DIRECTION('',(0.,0.,1.));
#3349 = DIRECTION('',(1.,0.,-0.));
#3350 = ADVANCED_FACE('',(#3351),#3361,.T.);
#3351 = FACE_BOUND('',#3352,.F.);
#3352 = EDGE_LOOP('',(#3353,#3354,#3355,#3356,#3357,#3358,#3359,#3360));
#3353 = ORIENTED_EDGE('',*,*,#3092,.T.);
#3354 = ORIENTED_EDGE('',*,*,#3125,.T.);
#3355 = ORIENTED_EDGE('',*,*,#3156,.T.);
#3356 = ORIENTED_EDGE('',*,*,#3189,.T.);
#3357 = ORIENTED_EDGE('',*,*,#3220,.T.);
#3358 = ORIENTED_EDGE('',*,*,#3253,.T.);
#3359 = ORIENTED_EDGE('',*,*,#3284,.T.);
#3360 = ORIENTED_EDGE('',*,*,#3317,.T.);
#3361 = PLANE('',#3362);
#3362 = AXIS2_PLACEMENT_3D('',#3363,#3364,#3365);
#3363 = CARTESIAN_POINT('',(0.,0.,1.55));
#3364 = DIRECTION('',(0.,0.,1.));
#3365 = DIRECTION('',(1.,0.,-0.));
#3366 = MANIFOLD_SOLID_BREP('',#3367);
#3367 = CLOSED_SHELL('',(#3368,#3410,#3441,#3474,#3505,#3538,#3569,#3602
    ,#3624,#3640));
#3368 = ADVANCED_FACE('',(#3369),#3405,.T.);
#3369 = FACE_BOUND('',#3370,.T.);
#3370 = EDGE_LOOP('',(#3371,#3381,#3390,#3398));
#3371 = ORIENTED_EDGE('',*,*,#3372,.T.);
#3372 = EDGE_CURVE('',#3373,#3375,#3377,.T.);
#3373 = VERTEX_POINT('',#3374);
#3374 = CARTESIAN_POINT('',(26.,-103.37,1.51));
#3375 = VERTEX_POINT('',#3376);
#3376 = CARTESIAN_POINT('',(26.,-103.37,1.55));
#3377 = LINE('',#3378,#3379);
#3378 = CARTESIAN_POINT('',(26.,-103.37,1.51));
#3379 = VECTOR('',#3380,1.);
#3380 = DIRECTION('',(0.,0.,1.));
#3381 = ORIENTED_EDGE('',*,*,#3382,.T.);
#3382 = EDGE_CURVE('',#3375,#3383,#3385,.T.);
#3383 = VERTEX_POINT('',#3384);
#3384 = CARTESIAN_POINT('',(26.27,-103.1,1.55));
#3385 = CIRCLE('',#3386,0.269999422728);
#3386 = AXIS2_PLACEMENT_3D('',#3387,#3388,#3389);
#3387 = CARTESIAN_POINT('',(26.269999422728,-103.3699994227,1.55));
#3388 = DIRECTION('',(0.,0.,-1.));
#3389 = DIRECTION('',(-0.999999999998,-2.138050821579E-06,-0.));
#3390 = ORIENTED_EDGE('',*,*,#3391,.F.);
#3391 = EDGE_CURVE('',#3392,#3383,#3394,.T.);
#3392 = VERTEX_POINT('',#3393);
#3393 = CARTESIAN_POINT('',(26.27,-103.1,1.51));
#3394 = LINE('',#3395,#3396);
#3395 = CARTESIAN_POINT('',(26.27,-103.1,1.51));
#3396 = VECTOR('',#3397,1.);
#3397 = DIRECTION('',(0.,0.,1.));
#3398 = ORIENTED_EDGE('',*,*,#3399,.F.);
#3399 = EDGE_CURVE('',#3373,#3392,#3400,.T.);
#3400 = CIRCLE('',#3401,0.269999422728);
#3401 = AXIS2_PLACEMENT_3D('',#3402,#3403,#3404);
#3402 = CARTESIAN_POINT('',(26.269999422728,-103.3699994227,1.51));
#3403 = DIRECTION('',(0.,0.,-1.));
#3404 = DIRECTION('',(-0.999999999998,-2.138050821579E-06,-0.));
#3405 = CYLINDRICAL_SURFACE('',#3406,0.269999422728);
#3406 = AXIS2_PLACEMENT_3D('',#3407,#3408,#3409);
#3407 = CARTESIAN_POINT('',(26.269999422728,-103.3699994227,1.51));
#3408 = DIRECTION('',(0.,0.,-1.));
#3409 = DIRECTION('',(-0.999999999998,-2.138050821579E-06,-0.));
#3410 = ADVANCED_FACE('',(#3411),#3436,.T.);
#3411 = FACE_BOUND('',#3412,.T.);
#3412 = EDGE_LOOP('',(#3413,#3414,#3422,#3430));
#3413 = ORIENTED_EDGE('',*,*,#3391,.T.);
#3414 = ORIENTED_EDGE('',*,*,#3415,.T.);
#3415 = EDGE_CURVE('',#3383,#3416,#3418,.T.);
#3416 = VERTEX_POINT('',#3417);
#3417 = CARTESIAN_POINT('',(28.23,-103.1,1.55));
#3418 = LINE('',#3419,#3420);
#3419 = CARTESIAN_POINT('',(26.27,-103.1,1.55));
#3420 = VECTOR('',#3421,1.);
#3421 = DIRECTION('',(1.,0.,0.));
#3422 = ORIENTED_EDGE('',*,*,#3423,.F.);
#3423 = EDGE_CURVE('',#3424,#3416,#3426,.T.);
#3424 = VERTEX_POINT('',#3425);
#3425 = CARTESIAN_POINT('',(28.23,-103.1,1.51));
#3426 = LINE('',#3427,#3428);
#3427 = CARTESIAN_POINT('',(28.23,-103.1,1.51));
#3428 = VECTOR('',#3429,1.);
#3429 = DIRECTION('',(0.,0.,1.));
#3430 = ORIENTED_EDGE('',*,*,#3431,.F.);
#3431 = EDGE_CURVE('',#3392,#3424,#3432,.T.);
#3432 = LINE('',#3433,#3434);
#3433 = CARTESIAN_POINT('',(26.27,-103.1,1.51));
#3434 = VECTOR('',#3435,1.);
#3435 = DIRECTION('',(1.,0.,0.));
#3436 = PLANE('',#3437);
#3437 = AXIS2_PLACEMENT_3D('',#3438,#3439,#3440);
#3438 = CARTESIAN_POINT('',(26.27,-103.1,1.51));
#3439 = DIRECTION('',(0.,1.,0.));
#3440 = DIRECTION('',(1.,0.,0.));
#3441 = ADVANCED_FACE('',(#3442),#3469,.T.);
#3442 = FACE_BOUND('',#3443,.T.);
#3443 = EDGE_LOOP('',(#3444,#3445,#3454,#3462));
#3444 = ORIENTED_EDGE('',*,*,#3423,.T.);
#3445 = ORIENTED_EDGE('',*,*,#3446,.T.);
#3446 = EDGE_CURVE('',#3416,#3447,#3449,.T.);
#3447 = VERTEX_POINT('',#3448);
#3448 = CARTESIAN_POINT('',(28.5,-103.37,1.55));
#3449 = CIRCLE('',#3450,0.269999422728);
#3450 = AXIS2_PLACEMENT_3D('',#3451,#3452,#3453);
#3451 = CARTESIAN_POINT('',(28.230000577272,-103.3699994227,1.55));
#3452 = DIRECTION('',(0.,0.,-1.));
#3453 = DIRECTION('',(-2.138050795262E-06,0.999999999998,0.));
#3454 = ORIENTED_EDGE('',*,*,#3455,.F.);
#3455 = EDGE_CURVE('',#3456,#3447,#3458,.T.);
#3456 = VERTEX_POINT('',#3457);
#3457 = CARTESIAN_POINT('',(28.5,-103.37,1.51));
#3458 = LINE('',#3459,#3460);
#3459 = CARTESIAN_POINT('',(28.5,-103.37,1.51));
#3460 = VECTOR('',#3461,1.);
#3461 = DIRECTION('',(0.,0.,1.));
#3462 = ORIENTED_EDGE('',*,*,#3463,.F.);
#3463 = EDGE_CURVE('',#3424,#3456,#3464,.T.);
#3464 = CIRCLE('',#3465,0.269999422728);
#3465 = AXIS2_PLACEMENT_3D('',#3466,#3467,#3468);
#3466 = CARTESIAN_POINT('',(28.230000577272,-103.3699994227,1.51));
#3467 = DIRECTION('',(0.,0.,-1.));
#3468 = DIRECTION('',(-2.138050795262E-06,0.999999999998,0.));
#3469 = CYLINDRICAL_SURFACE('',#3470,0.269999422728);
#3470 = AXIS2_PLACEMENT_3D('',#3471,#3472,#3473);
#3471 = CARTESIAN_POINT('',(28.230000577272,-103.3699994227,1.51));
#3472 = DIRECTION('',(0.,0.,-1.));
#3473 = DIRECTION('',(-2.138050795262E-06,0.999999999998,0.));
#3474 = ADVANCED_FACE('',(#3475),#3500,.T.);
#3475 = FACE_BOUND('',#3476,.T.);
#3476 = EDGE_LOOP('',(#3477,#3478,#3486,#3494));
#3477 = ORIENTED_EDGE('',*,*,#3455,.T.);
#3478 = ORIENTED_EDGE('',*,*,#3479,.T.);
#3479 = EDGE_CURVE('',#3447,#3480,#3482,.T.);
#3480 = VERTEX_POINT('',#3481);
#3481 = CARTESIAN_POINT('',(28.5,-104.63,1.55));
#3482 = LINE('',#3483,#3484);
#3483 = CARTESIAN_POINT('',(28.5,-103.37,1.55));
#3484 = VECTOR('',#3485,1.);
#3485 = DIRECTION('',(0.,-1.,0.));
#3486 = ORIENTED_EDGE('',*,*,#3487,.F.);
#3487 = EDGE_CURVE('',#3488,#3480,#3490,.T.);
#3488 = VERTEX_POINT('',#3489);
#3489 = CARTESIAN_POINT('',(28.5,-104.63,1.51));
#3490 = LINE('',#3491,#3492);
#3491 = CARTESIAN_POINT('',(28.5,-104.63,1.51));
#3492 = VECTOR('',#3493,1.);
#3493 = DIRECTION('',(0.,0.,1.));
#3494 = ORIENTED_EDGE('',*,*,#3495,.F.);
#3495 = EDGE_CURVE('',#3456,#3488,#3496,.T.);
#3496 = LINE('',#3497,#3498);
#3497 = CARTESIAN_POINT('',(28.5,-103.37,1.51));
#3498 = VECTOR('',#3499,1.);
#3499 = DIRECTION('',(0.,-1.,0.));
#3500 = PLANE('',#3501);
#3501 = AXIS2_PLACEMENT_3D('',#3502,#3503,#3504);
#3502 = CARTESIAN_POINT('',(28.5,-103.37,1.51));
#3503 = DIRECTION('',(1.,0.,-0.));
#3504 = DIRECTION('',(0.,-1.,0.));
#3505 = ADVANCED_FACE('',(#3506),#3533,.T.);
#3506 = FACE_BOUND('',#3507,.T.);
#3507 = EDGE_LOOP('',(#3508,#3509,#3518,#3526));
#3508 = ORIENTED_EDGE('',*,*,#3487,.T.);
#3509 = ORIENTED_EDGE('',*,*,#3510,.T.);
#3510 = EDGE_CURVE('',#3480,#3511,#3513,.T.);
#3511 = VERTEX_POINT('',#3512);
#3512 = CARTESIAN_POINT('',(28.23,-104.9,1.55));
#3513 = CIRCLE('',#3514,0.269999422728);
#3514 = AXIS2_PLACEMENT_3D('',#3515,#3516,#3517);
#3515 = CARTESIAN_POINT('',(28.230000577272,-104.6300005772,1.55));
#3516 = DIRECTION('',(0.,0.,-1.));
#3517 = DIRECTION('',(0.999999999998,2.138050821579E-06,0.));
#3518 = ORIENTED_EDGE('',*,*,#3519,.F.);
#3519 = EDGE_CURVE('',#3520,#3511,#3522,.T.);
#3520 = VERTEX_POINT('',#3521);
#3521 = CARTESIAN_POINT('',(28.23,-104.9,1.51));
#3522 = LINE('',#3523,#3524);
#3523 = CARTESIAN_POINT('',(28.23,-104.9,1.51));
#3524 = VECTOR('',#3525,1.);
#3525 = DIRECTION('',(0.,0.,1.));
#3526 = ORIENTED_EDGE('',*,*,#3527,.F.);
#3527 = EDGE_CURVE('',#3488,#3520,#3528,.T.);
#3528 = CIRCLE('',#3529,0.269999422728);
#3529 = AXIS2_PLACEMENT_3D('',#3530,#3531,#3532);
#3530 = CARTESIAN_POINT('',(28.230000577272,-104.6300005772,1.51));
#3531 = DIRECTION('',(0.,0.,-1.));
#3532 = DIRECTION('',(0.999999999998,2.138050821579E-06,0.));
#3533 = CYLINDRICAL_SURFACE('',#3534,0.269999422728);
#3534 = AXIS2_PLACEMENT_3D('',#3535,#3536,#3537);
#3535 = CARTESIAN_POINT('',(28.230000577272,-104.6300005772,1.51));
#3536 = DIRECTION('',(0.,0.,-1.));
#3537 = DIRECTION('',(0.999999999998,2.138050821579E-06,0.));
#3538 = ADVANCED_FACE('',(#3539),#3564,.T.);
#3539 = FACE_BOUND('',#3540,.T.);
#3540 = EDGE_LOOP('',(#3541,#3542,#3550,#3558));
#3541 = ORIENTED_EDGE('',*,*,#3519,.T.);
#3542 = ORIENTED_EDGE('',*,*,#3543,.T.);
#3543 = EDGE_CURVE('',#3511,#3544,#3546,.T.);
#3544 = VERTEX_POINT('',#3545);
#3545 = CARTESIAN_POINT('',(26.27,-104.9,1.55));
#3546 = LINE('',#3547,#3548);
#3547 = CARTESIAN_POINT('',(28.23,-104.9,1.55));
#3548 = VECTOR('',#3549,1.);
#3549 = DIRECTION('',(-1.,0.,0.));
#3550 = ORIENTED_EDGE('',*,*,#3551,.F.);
#3551 = EDGE_CURVE('',#3552,#3544,#3554,.T.);
#3552 = VERTEX_POINT('',#3553);
#3553 = CARTESIAN_POINT('',(26.27,-104.9,1.51));
#3554 = LINE('',#3555,#3556);
#3555 = CARTESIAN_POINT('',(26.27,-104.9,1.51));
#3556 = VECTOR('',#3557,1.);
#3557 = DIRECTION('',(0.,0.,1.));
#3558 = ORIENTED_EDGE('',*,*,#3559,.F.);
#3559 = EDGE_CURVE('',#3520,#3552,#3560,.T.);
#3560 = LINE('',#3561,#3562);
#3561 = CARTESIAN_POINT('',(28.23,-104.9,1.51));
#3562 = VECTOR('',#3563,1.);
#3563 = DIRECTION('',(-1.,0.,0.));
#3564 = PLANE('',#3565);
#3565 = AXIS2_PLACEMENT_3D('',#3566,#3567,#3568);
#3566 = CARTESIAN_POINT('',(28.23,-104.9,1.51));
#3567 = DIRECTION('',(0.,-1.,0.));
#3568 = DIRECTION('',(-1.,0.,0.));
#3569 = ADVANCED_FACE('',(#3570),#3597,.T.);
#3570 = FACE_BOUND('',#3571,.T.);
#3571 = EDGE_LOOP('',(#3572,#3573,#3582,#3590));
#3572 = ORIENTED_EDGE('',*,*,#3551,.T.);
#3573 = ORIENTED_EDGE('',*,*,#3574,.T.);
#3574 = EDGE_CURVE('',#3544,#3575,#3577,.T.);
#3575 = VERTEX_POINT('',#3576);
#3576 = CARTESIAN_POINT('',(26.,-104.63,1.55));
#3577 = CIRCLE('',#3578,0.269999422728);
#3578 = AXIS2_PLACEMENT_3D('',#3579,#3580,#3581);
#3579 = CARTESIAN_POINT('',(26.269999422728,-104.6300005772,1.55));
#3580 = DIRECTION('',(0.,0.,-1.));
#3581 = DIRECTION('',(2.138050795262E-06,-0.999999999998,0.));
#3582 = ORIENTED_EDGE('',*,*,#3583,.F.);
#3583 = EDGE_CURVE('',#3584,#3575,#3586,.T.);
#3584 = VERTEX_POINT('',#3585);
#3585 = CARTESIAN_POINT('',(26.,-104.63,1.51));
#3586 = LINE('',#3587,#3588);
#3587 = CARTESIAN_POINT('',(26.,-104.63,1.51));
#3588 = VECTOR('',#3589,1.);
#3589 = DIRECTION('',(0.,0.,1.));
#3590 = ORIENTED_EDGE('',*,*,#3591,.F.);
#3591 = EDGE_CURVE('',#3552,#3584,#3592,.T.);
#3592 = CIRCLE('',#3593,0.269999422728);
#3593 = AXIS2_PLACEMENT_3D('',#3594,#3595,#3596);
#3594 = CARTESIAN_POINT('',(26.269999422728,-104.6300005772,1.51));
#3595 = DIRECTION('',(0.,0.,-1.));
#3596 = DIRECTION('',(2.138050795262E-06,-0.999999999998,0.));
#3597 = CYLINDRICAL_SURFACE('',#3598,0.269999422728);
#3598 = AXIS2_PLACEMENT_3D('',#3599,#3600,#3601);
#3599 = CARTESIAN_POINT('',(26.269999422728,-104.6300005772,1.51));
#3600 = DIRECTION('',(0.,0.,-1.));
#3601 = DIRECTION('',(2.138050795262E-06,-0.999999999998,0.));
#3602 = ADVANCED_FACE('',(#3603),#3619,.T.);
#3603 = FACE_BOUND('',#3604,.T.);
#3604 = EDGE_LOOP('',(#3605,#3606,#3612,#3613));
#3605 = ORIENTED_EDGE('',*,*,#3583,.T.);
#3606 = ORIENTED_EDGE('',*,*,#3607,.T.);
#3607 = EDGE_CURVE('',#3575,#3375,#3608,.T.);
#3608 = LINE('',#3609,#3610);
#3609 = CARTESIAN_POINT('',(26.,-104.63,1.55));
#3610 = VECTOR('',#3611,1.);
#3611 = DIRECTION('',(0.,1.,0.));
#3612 = ORIENTED_EDGE('',*,*,#3372,.F.);
#3613 = ORIENTED_EDGE('',*,*,#3614,.F.);
#3614 = EDGE_CURVE('',#3584,#3373,#3615,.T.);
#3615 = LINE('',#3616,#3617);
#3616 = CARTESIAN_POINT('',(26.,-104.63,1.51));
#3617 = VECTOR('',#3618,1.);
#3618 = DIRECTION('',(0.,1.,0.));
#3619 = PLANE('',#3620);
#3620 = AXIS2_PLACEMENT_3D('',#3621,#3622,#3623);
#3621 = CARTESIAN_POINT('',(26.,-104.63,1.51));
#3622 = DIRECTION('',(-1.,0.,0.));
#3623 = DIRECTION('',(0.,1.,0.));
#3624 = ADVANCED_FACE('',(#3625),#3635,.F.);
#3625 = FACE_BOUND('',#3626,.T.);
#3626 = EDGE_LOOP('',(#3627,#3628,#3629,#3630,#3631,#3632,#3633,#3634));
#3627 = ORIENTED_EDGE('',*,*,#3399,.T.);
#3628 = ORIENTED_EDGE('',*,*,#3431,.T.);
#3629 = ORIENTED_EDGE('',*,*,#3463,.T.);
#3630 = ORIENTED_EDGE('',*,*,#3495,.T.);
#3631 = ORIENTED_EDGE('',*,*,#3527,.T.);
#3632 = ORIENTED_EDGE('',*,*,#3559,.T.);
#3633 = ORIENTED_EDGE('',*,*,#3591,.T.);
#3634 = ORIENTED_EDGE('',*,*,#3614,.T.);
#3635 = PLANE('',#3636);
#3636 = AXIS2_PLACEMENT_3D('',#3637,#3638,#3639);
#3637 = CARTESIAN_POINT('',(0.,0.,1.51));
#3638 = DIRECTION('',(0.,0.,1.));
#3639 = DIRECTION('',(1.,0.,-0.));
#3640 = ADVANCED_FACE('',(#3641),#3651,.T.);
#3641 = FACE_BOUND('',#3642,.F.);
#3642 = EDGE_LOOP('',(#3643,#3644,#3645,#3646,#3647,#3648,#3649,#3650));
#3643 = ORIENTED_EDGE('',*,*,#3382,.T.);
#3644 = ORIENTED_EDGE('',*,*,#3415,.T.);
#3645 = ORIENTED_EDGE('',*,*,#3446,.T.);
#3646 = ORIENTED_EDGE('',*,*,#3479,.T.);
#3647 = ORIENTED_EDGE('',*,*,#3510,.T.);
#3648 = ORIENTED_EDGE('',*,*,#3543,.T.);
#3649 = ORIENTED_EDGE('',*,*,#3574,.T.);
#3650 = ORIENTED_EDGE('',*,*,#3607,.T.);
#3651 = PLANE('',#3652);
#3652 = AXIS2_PLACEMENT_3D('',#3653,#3654,#3655);
#3653 = CARTESIAN_POINT('',(0.,0.,1.55));
#3654 = DIRECTION('',(0.,0.,1.));
#3655 = DIRECTION('',(1.,0.,-0.));
#3656 = MANIFOLD_SOLID_BREP('',#3657);
#3657 = CLOSED_SHELL('',(#3658,#3700,#3731,#3764,#3795,#3828,#3859,#3892
    ,#3914,#3930));
#3658 = ADVANCED_FACE('',(#3659),#3695,.T.);
#3659 = FACE_BOUND('',#3660,.T.);
#3660 = EDGE_LOOP('',(#3661,#3671,#3680,#3688));
#3661 = ORIENTED_EDGE('',*,*,#3662,.T.);
#3662 = EDGE_CURVE('',#3663,#3665,#3667,.T.);
#3663 = VERTEX_POINT('',#3664);
#3664 = CARTESIAN_POINT('',(26.,-98.37,1.51));
#3665 = VERTEX_POINT('',#3666);
#3666 = CARTESIAN_POINT('',(26.,-98.37,1.55));
#3667 = LINE('',#3668,#3669);
#3668 = CARTESIAN_POINT('',(26.,-98.37,1.51));
#3669 = VECTOR('',#3670,1.);
#3670 = DIRECTION('',(0.,0.,1.));
#3671 = ORIENTED_EDGE('',*,*,#3672,.T.);
#3672 = EDGE_CURVE('',#3665,#3673,#3675,.T.);
#3673 = VERTEX_POINT('',#3674);
#3674 = CARTESIAN_POINT('',(26.27,-98.1,1.55));
#3675 = CIRCLE('',#3676,0.269999422728);
#3676 = AXIS2_PLACEMENT_3D('',#3677,#3678,#3679);
#3677 = CARTESIAN_POINT('',(26.269999422728,-98.36999942272,1.55));
#3678 = DIRECTION('',(0.,0.,-1.));
#3679 = DIRECTION('',(-0.999999999998,-2.138050821579E-06,-0.));
#3680 = ORIENTED_EDGE('',*,*,#3681,.F.);
#3681 = EDGE_CURVE('',#3682,#3673,#3684,.T.);
#3682 = VERTEX_POINT('',#3683);
#3683 = CARTESIAN_POINT('',(26.27,-98.1,1.51));
#3684 = LINE('',#3685,#3686);
#3685 = CARTESIAN_POINT('',(26.27,-98.1,1.51));
#3686 = VECTOR('',#3687,1.);
#3687 = DIRECTION('',(0.,0.,1.));
#3688 = ORIENTED_EDGE('',*,*,#3689,.F.);
#3689 = EDGE_CURVE('',#3663,#3682,#3690,.T.);
#3690 = CIRCLE('',#3691,0.269999422728);
#3691 = AXIS2_PLACEMENT_3D('',#3692,#3693,#3694);
#3692 = CARTESIAN_POINT('',(26.269999422728,-98.36999942272,1.51));
#3693 = DIRECTION('',(0.,0.,-1.));
#3694 = DIRECTION('',(-0.999999999998,-2.138050821579E-06,-0.));
#3695 = CYLINDRICAL_SURFACE('',#3696,0.269999422728);
#3696 = AXIS2_PLACEMENT_3D('',#3697,#3698,#3699);
#3697 = CARTESIAN_POINT('',(26.269999422728,-98.36999942272,1.51));
#3698 = DIRECTION('',(0.,0.,-1.));
#3699 = DIRECTION('',(-0.999999999998,-2.138050821579E-06,-0.));
#3700 = ADVANCED_FACE('',(#3701),#3726,.T.);
#3701 = FACE_BOUND('',#3702,.T.);
#3702 = EDGE_LOOP('',(#3703,#3704,#3712,#3720));
#3703 = ORIENTED_EDGE('',*,*,#3681,.T.);
#3704 = ORIENTED_EDGE('',*,*,#3705,.T.);
#3705 = EDGE_CURVE('',#3673,#3706,#3708,.T.);
#3706 = VERTEX_POINT('',#3707);
#3707 = CARTESIAN_POINT('',(28.23,-98.1,1.55));
#3708 = LINE('',#3709,#3710);
#3709 = CARTESIAN_POINT('',(26.27,-98.1,1.55));
#3710 = VECTOR('',#3711,1.);
#3711 = DIRECTION('',(1.,0.,0.));
#3712 = ORIENTED_EDGE('',*,*,#3713,.F.);
#3713 = EDGE_CURVE('',#3714,#3706,#3716,.T.);
#3714 = VERTEX_POINT('',#3715);
#3715 = CARTESIAN_POINT('',(28.23,-98.1,1.51));
#3716 = LINE('',#3717,#3718);
#3717 = CARTESIAN_POINT('',(28.23,-98.1,1.51));
#3718 = VECTOR('',#3719,1.);
#3719 = DIRECTION('',(0.,0.,1.));
#3720 = ORIENTED_EDGE('',*,*,#3721,.F.);
#3721 = EDGE_CURVE('',#3682,#3714,#3722,.T.);
#3722 = LINE('',#3723,#3724);
#3723 = CARTESIAN_POINT('',(26.27,-98.1,1.51));
#3724 = VECTOR('',#3725,1.);
#3725 = DIRECTION('',(1.,0.,0.));
#3726 = PLANE('',#3727);
#3727 = AXIS2_PLACEMENT_3D('',#3728,#3729,#3730);
#3728 = CARTESIAN_POINT('',(26.27,-98.1,1.51));
#3729 = DIRECTION('',(0.,1.,0.));
#3730 = DIRECTION('',(1.,0.,0.));
#3731 = ADVANCED_FACE('',(#3732),#3759,.T.);
#3732 = FACE_BOUND('',#3733,.T.);
#3733 = EDGE_LOOP('',(#3734,#3735,#3744,#3752));
#3734 = ORIENTED_EDGE('',*,*,#3713,.T.);
#3735 = ORIENTED_EDGE('',*,*,#3736,.T.);
#3736 = EDGE_CURVE('',#3706,#3737,#3739,.T.);
#3737 = VERTEX_POINT('',#3738);
#3738 = CARTESIAN_POINT('',(28.5,-98.37,1.55));
#3739 = CIRCLE('',#3740,0.269999422728);
#3740 = AXIS2_PLACEMENT_3D('',#3741,#3742,#3743);
#3741 = CARTESIAN_POINT('',(28.230000577272,-98.36999942272,1.55));
#3742 = DIRECTION('',(0.,0.,-1.));
#3743 = DIRECTION('',(-2.138050795262E-06,0.999999999998,0.));
#3744 = ORIENTED_EDGE('',*,*,#3745,.F.);
#3745 = EDGE_CURVE('',#3746,#3737,#3748,.T.);
#3746 = VERTEX_POINT('',#3747);
#3747 = CARTESIAN_POINT('',(28.5,-98.37,1.51));
#3748 = LINE('',#3749,#3750);
#3749 = CARTESIAN_POINT('',(28.5,-98.37,1.51));
#3750 = VECTOR('',#3751,1.);
#3751 = DIRECTION('',(0.,0.,1.));
#3752 = ORIENTED_EDGE('',*,*,#3753,.F.);
#3753 = EDGE_CURVE('',#3714,#3746,#3754,.T.);
#3754 = CIRCLE('',#3755,0.269999422728);
#3755 = AXIS2_PLACEMENT_3D('',#3756,#3757,#3758);
#3756 = CARTESIAN_POINT('',(28.230000577272,-98.36999942272,1.51));
#3757 = DIRECTION('',(0.,0.,-1.));
#3758 = DIRECTION('',(-2.138050795262E-06,0.999999999998,0.));
#3759 = CYLINDRICAL_SURFACE('',#3760,0.269999422728);
#3760 = AXIS2_PLACEMENT_3D('',#3761,#3762,#3763);
#3761 = CARTESIAN_POINT('',(28.230000577272,-98.36999942272,1.51));
#3762 = DIRECTION('',(0.,0.,-1.));
#3763 = DIRECTION('',(-2.138050795262E-06,0.999999999998,0.));
#3764 = ADVANCED_FACE('',(#3765),#3790,.T.);
#3765 = FACE_BOUND('',#3766,.T.);
#3766 = EDGE_LOOP('',(#3767,#3768,#3776,#3784));
#3767 = ORIENTED_EDGE('',*,*,#3745,.T.);
#3768 = ORIENTED_EDGE('',*,*,#3769,.T.);
#3769 = EDGE_CURVE('',#3737,#3770,#3772,.T.);
#3770 = VERTEX_POINT('',#3771);
#3771 = CARTESIAN_POINT('',(28.5,-99.63,1.55));
#3772 = LINE('',#3773,#3774);
#3773 = CARTESIAN_POINT('',(28.5,-98.37,1.55));
#3774 = VECTOR('',#3775,1.);
#3775 = DIRECTION('',(0.,-1.,0.));
#3776 = ORIENTED_EDGE('',*,*,#3777,.F.);
#3777 = EDGE_CURVE('',#3778,#3770,#3780,.T.);
#3778 = VERTEX_POINT('',#3779);
#3779 = CARTESIAN_POINT('',(28.5,-99.63,1.51));
#3780 = LINE('',#3781,#3782);
#3781 = CARTESIAN_POINT('',(28.5,-99.63,1.51));
#3782 = VECTOR('',#3783,1.);
#3783 = DIRECTION('',(0.,0.,1.));
#3784 = ORIENTED_EDGE('',*,*,#3785,.F.);
#3785 = EDGE_CURVE('',#3746,#3778,#3786,.T.);
#3786 = LINE('',#3787,#3788);
#3787 = CARTESIAN_POINT('',(28.5,-98.37,1.51));
#3788 = VECTOR('',#3789,1.);
#3789 = DIRECTION('',(0.,-1.,0.));
#3790 = PLANE('',#3791);
#3791 = AXIS2_PLACEMENT_3D('',#3792,#3793,#3794);
#3792 = CARTESIAN_POINT('',(28.5,-98.37,1.51));
#3793 = DIRECTION('',(1.,0.,-0.));
#3794 = DIRECTION('',(0.,-1.,0.));
#3795 = ADVANCED_FACE('',(#3796),#3823,.T.);
#3796 = FACE_BOUND('',#3797,.T.);
#3797 = EDGE_LOOP('',(#3798,#3799,#3808,#3816));
#3798 = ORIENTED_EDGE('',*,*,#3777,.T.);
#3799 = ORIENTED_EDGE('',*,*,#3800,.T.);
#3800 = EDGE_CURVE('',#3770,#3801,#3803,.T.);
#3801 = VERTEX_POINT('',#3802);
#3802 = CARTESIAN_POINT('',(28.23,-99.9,1.55));
#3803 = CIRCLE('',#3804,0.269999422728);
#3804 = AXIS2_PLACEMENT_3D('',#3805,#3806,#3807);
#3805 = CARTESIAN_POINT('',(28.230000577272,-99.63000057727,1.55));
#3806 = DIRECTION('',(0.,0.,-1.));
#3807 = DIRECTION('',(0.999999999998,2.138050821579E-06,0.));
#3808 = ORIENTED_EDGE('',*,*,#3809,.F.);
#3809 = EDGE_CURVE('',#3810,#3801,#3812,.T.);
#3810 = VERTEX_POINT('',#3811);
#3811 = CARTESIAN_POINT('',(28.23,-99.9,1.51));
#3812 = LINE('',#3813,#3814);
#3813 = CARTESIAN_POINT('',(28.23,-99.9,1.51));
#3814 = VECTOR('',#3815,1.);
#3815 = DIRECTION('',(0.,0.,1.));
#3816 = ORIENTED_EDGE('',*,*,#3817,.F.);
#3817 = EDGE_CURVE('',#3778,#3810,#3818,.T.);
#3818 = CIRCLE('',#3819,0.269999422728);
#3819 = AXIS2_PLACEMENT_3D('',#3820,#3821,#3822);
#3820 = CARTESIAN_POINT('',(28.230000577272,-99.63000057727,1.51));
#3821 = DIRECTION('',(0.,0.,-1.));
#3822 = DIRECTION('',(0.999999999998,2.138050821579E-06,0.));
#3823 = CYLINDRICAL_SURFACE('',#3824,0.269999422728);
#3824 = AXIS2_PLACEMENT_3D('',#3825,#3826,#3827);
#3825 = CARTESIAN_POINT('',(28.230000577272,-99.63000057727,1.51));
#3826 = DIRECTION('',(0.,0.,-1.));
#3827 = DIRECTION('',(0.999999999998,2.138050821579E-06,0.));
#3828 = ADVANCED_FACE('',(#3829),#3854,.T.);
#3829 = FACE_BOUND('',#3830,.T.);
#3830 = EDGE_LOOP('',(#3831,#3832,#3840,#3848));
#3831 = ORIENTED_EDGE('',*,*,#3809,.T.);
#3832 = ORIENTED_EDGE('',*,*,#3833,.T.);
#3833 = EDGE_CURVE('',#3801,#3834,#3836,.T.);
#3834 = VERTEX_POINT('',#3835);
#3835 = CARTESIAN_POINT('',(26.27,-99.9,1.55));
#3836 = LINE('',#3837,#3838);
#3837 = CARTESIAN_POINT('',(28.23,-99.9,1.55));
#3838 = VECTOR('',#3839,1.);
#3839 = DIRECTION('',(-1.,0.,0.));
#3840 = ORIENTED_EDGE('',*,*,#3841,.F.);
#3841 = EDGE_CURVE('',#3842,#3834,#3844,.T.);
#3842 = VERTEX_POINT('',#3843);
#3843 = CARTESIAN_POINT('',(26.27,-99.9,1.51));
#3844 = LINE('',#3845,#3846);
#3845 = CARTESIAN_POINT('',(26.27,-99.9,1.51));
#3846 = VECTOR('',#3847,1.);
#3847 = DIRECTION('',(0.,0.,1.));
#3848 = ORIENTED_EDGE('',*,*,#3849,.F.);
#3849 = EDGE_CURVE('',#3810,#3842,#3850,.T.);
#3850 = LINE('',#3851,#3852);
#3851 = CARTESIAN_POINT('',(28.23,-99.9,1.51));
#3852 = VECTOR('',#3853,1.);
#3853 = DIRECTION('',(-1.,0.,0.));
#3854 = PLANE('',#3855);
#3855 = AXIS2_PLACEMENT_3D('',#3856,#3857,#3858);
#3856 = CARTESIAN_POINT('',(28.23,-99.9,1.51));
#3857 = DIRECTION('',(0.,-1.,0.));
#3858 = DIRECTION('',(-1.,0.,0.));
#3859 = ADVANCED_FACE('',(#3860),#3887,.T.);
#3860 = FACE_BOUND('',#3861,.T.);
#3861 = EDGE_LOOP('',(#3862,#3863,#3872,#3880));
#3862 = ORIENTED_EDGE('',*,*,#3841,.T.);
#3863 = ORIENTED_EDGE('',*,*,#3864,.T.);
#3864 = EDGE_CURVE('',#3834,#3865,#3867,.T.);
#3865 = VERTEX_POINT('',#3866);
#3866 = CARTESIAN_POINT('',(26.,-99.63,1.55));
#3867 = CIRCLE('',#3868,0.269999422728);
#3868 = AXIS2_PLACEMENT_3D('',#3869,#3870,#3871);
#3869 = CARTESIAN_POINT('',(26.269999422728,-99.63000057727,1.55));
#3870 = DIRECTION('',(0.,0.,-1.));
#3871 = DIRECTION('',(2.138050795262E-06,-0.999999999998,0.));
#3872 = ORIENTED_EDGE('',*,*,#3873,.F.);
#3873 = EDGE_CURVE('',#3874,#3865,#3876,.T.);
#3874 = VERTEX_POINT('',#3875);
#3875 = CARTESIAN_POINT('',(26.,-99.63,1.51));
#3876 = LINE('',#3877,#3878);
#3877 = CARTESIAN_POINT('',(26.,-99.63,1.51));
#3878 = VECTOR('',#3879,1.);
#3879 = DIRECTION('',(0.,0.,1.));
#3880 = ORIENTED_EDGE('',*,*,#3881,.F.);
#3881 = EDGE_CURVE('',#3842,#3874,#3882,.T.);
#3882 = CIRCLE('',#3883,0.269999422728);
#3883 = AXIS2_PLACEMENT_3D('',#3884,#3885,#3886);
#3884 = CARTESIAN_POINT('',(26.269999422728,-99.63000057727,1.51));
#3885 = DIRECTION('',(0.,0.,-1.));
#3886 = DIRECTION('',(2.138050795262E-06,-0.999999999998,0.));
#3887 = CYLINDRICAL_SURFACE('',#3888,0.269999422728);
#3888 = AXIS2_PLACEMENT_3D('',#3889,#3890,#3891);
#3889 = CARTESIAN_POINT('',(26.269999422728,-99.63000057727,1.51));
#3890 = DIRECTION('',(0.,0.,-1.));
#3891 = DIRECTION('',(2.138050795262E-06,-0.999999999998,0.));
#3892 = ADVANCED_FACE('',(#3893),#3909,.T.);
#3893 = FACE_BOUND('',#3894,.T.);
#3894 = EDGE_LOOP('',(#3895,#3896,#3902,#3903));
#3895 = ORIENTED_EDGE('',*,*,#3873,.T.);
#3896 = ORIENTED_EDGE('',*,*,#3897,.T.);
#3897 = EDGE_CURVE('',#3865,#3665,#3898,.T.);
#3898 = LINE('',#3899,#3900);
#3899 = CARTESIAN_POINT('',(26.,-99.63,1.55));
#3900 = VECTOR('',#3901,1.);
#3901 = DIRECTION('',(0.,1.,0.));
#3902 = ORIENTED_EDGE('',*,*,#3662,.F.);
#3903 = ORIENTED_EDGE('',*,*,#3904,.F.);
#3904 = EDGE_CURVE('',#3874,#3663,#3905,.T.);
#3905 = LINE('',#3906,#3907);
#3906 = CARTESIAN_POINT('',(26.,-99.63,1.51));
#3907 = VECTOR('',#3908,1.);
#3908 = DIRECTION('',(0.,1.,0.));
#3909 = PLANE('',#3910);
#3910 = AXIS2_PLACEMENT_3D('',#3911,#3912,#3913);
#3911 = CARTESIAN_POINT('',(26.,-99.63,1.51));
#3912 = DIRECTION('',(-1.,0.,0.));
#3913 = DIRECTION('',(0.,1.,0.));
#3914 = ADVANCED_FACE('',(#3915),#3925,.F.);
#3915 = FACE_BOUND('',#3916,.T.);
#3916 = EDGE_LOOP('',(#3917,#3918,#3919,#3920,#3921,#3922,#3923,#3924));
#3917 = ORIENTED_EDGE('',*,*,#3689,.T.);
#3918 = ORIENTED_EDGE('',*,*,#3721,.T.);
#3919 = ORIENTED_EDGE('',*,*,#3753,.T.);
#3920 = ORIENTED_EDGE('',*,*,#3785,.T.);
#3921 = ORIENTED_EDGE('',*,*,#3817,.T.);
#3922 = ORIENTED_EDGE('',*,*,#3849,.T.);
#3923 = ORIENTED_EDGE('',*,*,#3881,.T.);
#3924 = ORIENTED_EDGE('',*,*,#3904,.T.);
#3925 = PLANE('',#3926);
#3926 = AXIS2_PLACEMENT_3D('',#3927,#3928,#3929);
#3927 = CARTESIAN_POINT('',(0.,0.,1.51));
#3928 = DIRECTION('',(0.,0.,1.));
#3929 = DIRECTION('',(1.,0.,-0.));
#3930 = ADVANCED_FACE('',(#3931),#3941,.T.);
#3931 = FACE_BOUND('',#3932,.F.);
#3932 = EDGE_LOOP('',(#3933,#3934,#3935,#3936,#3937,#3938,#3939,#3940));
#3933 = ORIENTED_EDGE('',*,*,#3672,.T.);
#3934 = ORIENTED_EDGE('',*,*,#3705,.T.);
#3935 = ORIENTED_EDGE('',*,*,#3736,.T.);
#3936 = ORIENTED_EDGE('',*,*,#3769,.T.);
#3937 = ORIENTED_EDGE('',*,*,#3800,.T.);
#3938 = ORIENTED_EDGE('',*,*,#3833,.T.);
#3939 = ORIENTED_EDGE('',*,*,#3864,.T.);
#3940 = ORIENTED_EDGE('',*,*,#3897,.T.);
#3941 = PLANE('',#3942);
#3942 = AXIS2_PLACEMENT_3D('',#3943,#3944,#3945);
#3943 = CARTESIAN_POINT('',(0.,0.,1.55));
#3944 = DIRECTION('',(0.,0.,1.));
#3945 = DIRECTION('',(1.,0.,-0.));
#3946 = MANIFOLD_SOLID_BREP('',#3947);
#3947 = CLOSED_SHELL('',(#3948,#3990,#4021,#4054,#4085,#4118,#4149,#4182
    ,#4204,#4220));
#3948 = ADVANCED_FACE('',(#3949),#3985,.T.);
#3949 = FACE_BOUND('',#3950,.T.);
#3950 = EDGE_LOOP('',(#3951,#3961,#3970,#3978));
#3951 = ORIENTED_EDGE('',*,*,#3952,.T.);
#3952 = EDGE_CURVE('',#3953,#3955,#3957,.T.);
#3953 = VERTEX_POINT('',#3954);
#3954 = CARTESIAN_POINT('',(26.,-100.87,1.51));
#3955 = VERTEX_POINT('',#3956);
#3956 = CARTESIAN_POINT('',(26.,-100.87,1.55));
#3957 = LINE('',#3958,#3959);
#3958 = CARTESIAN_POINT('',(26.,-100.87,1.51));
#3959 = VECTOR('',#3960,1.);
#3960 = DIRECTION('',(0.,0.,1.));
#3961 = ORIENTED_EDGE('',*,*,#3962,.T.);
#3962 = EDGE_CURVE('',#3955,#3963,#3965,.T.);
#3963 = VERTEX_POINT('',#3964);
#3964 = CARTESIAN_POINT('',(26.27,-100.6,1.55));
#3965 = CIRCLE('',#3966,0.269999422728);
#3966 = AXIS2_PLACEMENT_3D('',#3967,#3968,#3969);
#3967 = CARTESIAN_POINT('',(26.269999422728,-100.8699994227,1.55));
#3968 = DIRECTION('',(0.,0.,-1.));
#3969 = DIRECTION('',(-0.999999999998,-2.138050821579E-06,-0.));
#3970 = ORIENTED_EDGE('',*,*,#3971,.F.);
#3971 = EDGE_CURVE('',#3972,#3963,#3974,.T.);
#3972 = VERTEX_POINT('',#3973);
#3973 = CARTESIAN_POINT('',(26.27,-100.6,1.51));
#3974 = LINE('',#3975,#3976);
#3975 = CARTESIAN_POINT('',(26.27,-100.6,1.51));
#3976 = VECTOR('',#3977,1.);
#3977 = DIRECTION('',(0.,0.,1.));
#3978 = ORIENTED_EDGE('',*,*,#3979,.F.);
#3979 = EDGE_CURVE('',#3953,#3972,#3980,.T.);
#3980 = CIRCLE('',#3981,0.269999422728);
#3981 = AXIS2_PLACEMENT_3D('',#3982,#3983,#3984);
#3982 = CARTESIAN_POINT('',(26.269999422728,-100.8699994227,1.51));
#3983 = DIRECTION('',(0.,0.,-1.));
#3984 = DIRECTION('',(-0.999999999998,-2.138050821579E-06,-0.));
#3985 = CYLINDRICAL_SURFACE('',#3986,0.269999422728);
#3986 = AXIS2_PLACEMENT_3D('',#3987,#3988,#3989);
#3987 = CARTESIAN_POINT('',(26.269999422728,-100.8699994227,1.51));
#3988 = DIRECTION('',(0.,0.,-1.));
#3989 = DIRECTION('',(-0.999999999998,-2.138050821579E-06,-0.));
#3990 = ADVANCED_FACE('',(#3991),#4016,.T.);
#3991 = FACE_BOUND('',#3992,.T.);
#3992 = EDGE_LOOP('',(#3993,#3994,#4002,#4010));
#3993 = ORIENTED_EDGE('',*,*,#3971,.T.);
#3994 = ORIENTED_EDGE('',*,*,#3995,.T.);
#3995 = EDGE_CURVE('',#3963,#3996,#3998,.T.);
#3996 = VERTEX_POINT('',#3997);
#3997 = CARTESIAN_POINT('',(28.23,-100.6,1.55));
#3998 = LINE('',#3999,#4000);
#3999 = CARTESIAN_POINT('',(26.27,-100.6,1.55));
#4000 = VECTOR('',#4001,1.);
#4001 = DIRECTION('',(1.,0.,0.));
#4002 = ORIENTED_EDGE('',*,*,#4003,.F.);
#4003 = EDGE_CURVE('',#4004,#3996,#4006,.T.);
#4004 = VERTEX_POINT('',#4005);
#4005 = CARTESIAN_POINT('',(28.23,-100.6,1.51));
#4006 = LINE('',#4007,#4008);
#4007 = CARTESIAN_POINT('',(28.23,-100.6,1.51));
#4008 = VECTOR('',#4009,1.);
#4009 = DIRECTION('',(0.,0.,1.));
#4010 = ORIENTED_EDGE('',*,*,#4011,.F.);
#4011 = EDGE_CURVE('',#3972,#4004,#4012,.T.);
#4012 = LINE('',#4013,#4014);
#4013 = CARTESIAN_POINT('',(26.27,-100.6,1.51));
#4014 = VECTOR('',#4015,1.);
#4015 = DIRECTION('',(1.,0.,0.));
#4016 = PLANE('',#4017);
#4017 = AXIS2_PLACEMENT_3D('',#4018,#4019,#4020);
#4018 = CARTESIAN_POINT('',(26.27,-100.6,1.51));
#4019 = DIRECTION('',(0.,1.,0.));
#4020 = DIRECTION('',(1.,0.,0.));
#4021 = ADVANCED_FACE('',(#4022),#4049,.T.);
#4022 = FACE_BOUND('',#4023,.T.);
#4023 = EDGE_LOOP('',(#4024,#4025,#4034,#4042));
#4024 = ORIENTED_EDGE('',*,*,#4003,.T.);
#4025 = ORIENTED_EDGE('',*,*,#4026,.T.);
#4026 = EDGE_CURVE('',#3996,#4027,#4029,.T.);
#4027 = VERTEX_POINT('',#4028);
#4028 = CARTESIAN_POINT('',(28.5,-100.87,1.55));
#4029 = CIRCLE('',#4030,0.269999422728);
#4030 = AXIS2_PLACEMENT_3D('',#4031,#4032,#4033);
#4031 = CARTESIAN_POINT('',(28.230000577272,-100.8699994227,1.55));
#4032 = DIRECTION('',(0.,0.,-1.));
#4033 = DIRECTION('',(-2.138050795262E-06,0.999999999998,0.));
#4034 = ORIENTED_EDGE('',*,*,#4035,.F.);
#4035 = EDGE_CURVE('',#4036,#4027,#4038,.T.);
#4036 = VERTEX_POINT('',#4037);
#4037 = CARTESIAN_POINT('',(28.5,-100.87,1.51));
#4038 = LINE('',#4039,#4040);
#4039 = CARTESIAN_POINT('',(28.5,-100.87,1.51));
#4040 = VECTOR('',#4041,1.);
#4041 = DIRECTION('',(0.,0.,1.));
#4042 = ORIENTED_EDGE('',*,*,#4043,.F.);
#4043 = EDGE_CURVE('',#4004,#4036,#4044,.T.);
#4044 = CIRCLE('',#4045,0.269999422728);
#4045 = AXIS2_PLACEMENT_3D('',#4046,#4047,#4048);
#4046 = CARTESIAN_POINT('',(28.230000577272,-100.8699994227,1.51));
#4047 = DIRECTION('',(0.,0.,-1.));
#4048 = DIRECTION('',(-2.138050795262E-06,0.999999999998,0.));
#4049 = CYLINDRICAL_SURFACE('',#4050,0.269999422728);
#4050 = AXIS2_PLACEMENT_3D('',#4051,#4052,#4053);
#4051 = CARTESIAN_POINT('',(28.230000577272,-100.8699994227,1.51));
#4052 = DIRECTION('',(0.,0.,-1.));
#4053 = DIRECTION('',(-2.138050795262E-06,0.999999999998,0.));
#4054 = ADVANCED_FACE('',(#4055),#4080,.T.);
#4055 = FACE_BOUND('',#4056,.T.);
#4056 = EDGE_LOOP('',(#4057,#4058,#4066,#4074));
#4057 = ORIENTED_EDGE('',*,*,#4035,.T.);
#4058 = ORIENTED_EDGE('',*,*,#4059,.T.);
#4059 = EDGE_CURVE('',#4027,#4060,#4062,.T.);
#4060 = VERTEX_POINT('',#4061);
#4061 = CARTESIAN_POINT('',(28.5,-102.13,1.55));
#4062 = LINE('',#4063,#4064);
#4063 = CARTESIAN_POINT('',(28.5,-100.87,1.55));
#4064 = VECTOR('',#4065,1.);
#4065 = DIRECTION('',(0.,-1.,0.));
#4066 = ORIENTED_EDGE('',*,*,#4067,.F.);
#4067 = EDGE_CURVE('',#4068,#4060,#4070,.T.);
#4068 = VERTEX_POINT('',#4069);
#4069 = CARTESIAN_POINT('',(28.5,-102.13,1.51));
#4070 = LINE('',#4071,#4072);
#4071 = CARTESIAN_POINT('',(28.5,-102.13,1.51));
#4072 = VECTOR('',#4073,1.);
#4073 = DIRECTION('',(0.,0.,1.));
#4074 = ORIENTED_EDGE('',*,*,#4075,.F.);
#4075 = EDGE_CURVE('',#4036,#4068,#4076,.T.);
#4076 = LINE('',#4077,#4078);
#4077 = CARTESIAN_POINT('',(28.5,-100.87,1.51));
#4078 = VECTOR('',#4079,1.);
#4079 = DIRECTION('',(0.,-1.,0.));
#4080 = PLANE('',#4081);
#4081 = AXIS2_PLACEMENT_3D('',#4082,#4083,#4084);
#4082 = CARTESIAN_POINT('',(28.5,-100.87,1.51));
#4083 = DIRECTION('',(1.,0.,-0.));
#4084 = DIRECTION('',(0.,-1.,0.));
#4085 = ADVANCED_FACE('',(#4086),#4113,.T.);
#4086 = FACE_BOUND('',#4087,.T.);
#4087 = EDGE_LOOP('',(#4088,#4089,#4098,#4106));
#4088 = ORIENTED_EDGE('',*,*,#4067,.T.);
#4089 = ORIENTED_EDGE('',*,*,#4090,.T.);
#4090 = EDGE_CURVE('',#4060,#4091,#4093,.T.);
#4091 = VERTEX_POINT('',#4092);
#4092 = CARTESIAN_POINT('',(28.23,-102.4,1.55));
#4093 = CIRCLE('',#4094,0.269999422728);
#4094 = AXIS2_PLACEMENT_3D('',#4095,#4096,#4097);
#4095 = CARTESIAN_POINT('',(28.230000577272,-102.1300005772,1.55));
#4096 = DIRECTION('',(0.,0.,-1.));
#4097 = DIRECTION('',(0.999999999998,2.138050821579E-06,0.));
#4098 = ORIENTED_EDGE('',*,*,#4099,.F.);
#4099 = EDGE_CURVE('',#4100,#4091,#4102,.T.);
#4100 = VERTEX_POINT('',#4101);
#4101 = CARTESIAN_POINT('',(28.23,-102.4,1.51));
#4102 = LINE('',#4103,#4104);
#4103 = CARTESIAN_POINT('',(28.23,-102.4,1.51));
#4104 = VECTOR('',#4105,1.);
#4105 = DIRECTION('',(0.,0.,1.));
#4106 = ORIENTED_EDGE('',*,*,#4107,.F.);
#4107 = EDGE_CURVE('',#4068,#4100,#4108,.T.);
#4108 = CIRCLE('',#4109,0.269999422728);
#4109 = AXIS2_PLACEMENT_3D('',#4110,#4111,#4112);
#4110 = CARTESIAN_POINT('',(28.230000577272,-102.1300005772,1.51));
#4111 = DIRECTION('',(0.,0.,-1.));
#4112 = DIRECTION('',(0.999999999998,2.138050821579E-06,0.));
#4113 = CYLINDRICAL_SURFACE('',#4114,0.269999422728);
#4114 = AXIS2_PLACEMENT_3D('',#4115,#4116,#4117);
#4115 = CARTESIAN_POINT('',(28.230000577272,-102.1300005772,1.51));
#4116 = DIRECTION('',(0.,0.,-1.));
#4117 = DIRECTION('',(0.999999999998,2.138050821579E-06,0.));
#4118 = ADVANCED_FACE('',(#4119),#4144,.T.);
#4119 = FACE_BOUND('',#4120,.T.);
#4120 = EDGE_LOOP('',(#4121,#4122,#4130,#4138));
#4121 = ORIENTED_EDGE('',*,*,#4099,.T.);
#4122 = ORIENTED_EDGE('',*,*,#4123,.T.);
#4123 = EDGE_CURVE('',#4091,#4124,#4126,.T.);
#4124 = VERTEX_POINT('',#4125);
#4125 = CARTESIAN_POINT('',(26.27,-102.4,1.55));
#4126 = LINE('',#4127,#4128);
#4127 = CARTESIAN_POINT('',(28.23,-102.4,1.55));
#4128 = VECTOR('',#4129,1.);
#4129 = DIRECTION('',(-1.,0.,0.));
#4130 = ORIENTED_EDGE('',*,*,#4131,.F.);
#4131 = EDGE_CURVE('',#4132,#4124,#4134,.T.);
#4132 = VERTEX_POINT('',#4133);
#4133 = CARTESIAN_POINT('',(26.27,-102.4,1.51));
#4134 = LINE('',#4135,#4136);
#4135 = CARTESIAN_POINT('',(26.27,-102.4,1.51));
#4136 = VECTOR('',#4137,1.);
#4137 = DIRECTION('',(0.,0.,1.));
#4138 = ORIENTED_EDGE('',*,*,#4139,.F.);
#4139 = EDGE_CURVE('',#4100,#4132,#4140,.T.);
#4140 = LINE('',#4141,#4142);
#4141 = CARTESIAN_POINT('',(28.23,-102.4,1.51));
#4142 = VECTOR('',#4143,1.);
#4143 = DIRECTION('',(-1.,0.,0.));
#4144 = PLANE('',#4145);
#4145 = AXIS2_PLACEMENT_3D('',#4146,#4147,#4148);
#4146 = CARTESIAN_POINT('',(28.23,-102.4,1.51));
#4147 = DIRECTION('',(0.,-1.,0.));
#4148 = DIRECTION('',(-1.,0.,0.));
#4149 = ADVANCED_FACE('',(#4150),#4177,.T.);
#4150 = FACE_BOUND('',#4151,.T.);
#4151 = EDGE_LOOP('',(#4152,#4153,#4162,#4170));
#4152 = ORIENTED_EDGE('',*,*,#4131,.T.);
#4153 = ORIENTED_EDGE('',*,*,#4154,.T.);
#4154 = EDGE_CURVE('',#4124,#4155,#4157,.T.);
#4155 = VERTEX_POINT('',#4156);
#4156 = CARTESIAN_POINT('',(26.,-102.13,1.55));
#4157 = CIRCLE('',#4158,0.269999422728);
#4158 = AXIS2_PLACEMENT_3D('',#4159,#4160,#4161);
#4159 = CARTESIAN_POINT('',(26.269999422728,-102.1300005772,1.55));
#4160 = DIRECTION('',(0.,0.,-1.));
#4161 = DIRECTION('',(2.138050795262E-06,-0.999999999998,0.));
#4162 = ORIENTED_EDGE('',*,*,#4163,.F.);
#4163 = EDGE_CURVE('',#4164,#4155,#4166,.T.);
#4164 = VERTEX_POINT('',#4165);
#4165 = CARTESIAN_POINT('',(26.,-102.13,1.51));
#4166 = LINE('',#4167,#4168);
#4167 = CARTESIAN_POINT('',(26.,-102.13,1.51));
#4168 = VECTOR('',#4169,1.);
#4169 = DIRECTION('',(0.,0.,1.));
#4170 = ORIENTED_EDGE('',*,*,#4171,.F.);
#4171 = EDGE_CURVE('',#4132,#4164,#4172,.T.);
#4172 = CIRCLE('',#4173,0.269999422728);
#4173 = AXIS2_PLACEMENT_3D('',#4174,#4175,#4176);
#4174 = CARTESIAN_POINT('',(26.269999422728,-102.1300005772,1.51));
#4175 = DIRECTION('',(0.,0.,-1.));
#4176 = DIRECTION('',(2.138050795262E-06,-0.999999999998,0.));
#4177 = CYLINDRICAL_SURFACE('',#4178,0.269999422728);
#4178 = AXIS2_PLACEMENT_3D('',#4179,#4180,#4181);
#4179 = CARTESIAN_POINT('',(26.269999422728,-102.1300005772,1.51));
#4180 = DIRECTION('',(0.,0.,-1.));
#4181 = DIRECTION('',(2.138050795262E-06,-0.999999999998,0.));
#4182 = ADVANCED_FACE('',(#4183),#4199,.T.);
#4183 = FACE_BOUND('',#4184,.T.);
#4184 = EDGE_LOOP('',(#4185,#4186,#4192,#4193));
#4185 = ORIENTED_EDGE('',*,*,#4163,.T.);
#4186 = ORIENTED_EDGE('',*,*,#4187,.T.);
#4187 = EDGE_CURVE('',#4155,#3955,#4188,.T.);
#4188 = LINE('',#4189,#4190);
#4189 = CARTESIAN_POINT('',(26.,-102.13,1.55));
#4190 = VECTOR('',#4191,1.);
#4191 = DIRECTION('',(0.,1.,0.));
#4192 = ORIENTED_EDGE('',*,*,#3952,.F.);
#4193 = ORIENTED_EDGE('',*,*,#4194,.F.);
#4194 = EDGE_CURVE('',#4164,#3953,#4195,.T.);
#4195 = LINE('',#4196,#4197);
#4196 = CARTESIAN_POINT('',(26.,-102.13,1.51));
#4197 = VECTOR('',#4198,1.);
#4198 = DIRECTION('',(0.,1.,0.));
#4199 = PLANE('',#4200);
#4200 = AXIS2_PLACEMENT_3D('',#4201,#4202,#4203);
#4201 = CARTESIAN_POINT('',(26.,-102.13,1.51));
#4202 = DIRECTION('',(-1.,0.,0.));
#4203 = DIRECTION('',(0.,1.,0.));
#4204 = ADVANCED_FACE('',(#4205),#4215,.F.);
#4205 = FACE_BOUND('',#4206,.T.);
#4206 = EDGE_LOOP('',(#4207,#4208,#4209,#4210,#4211,#4212,#4213,#4214));
#4207 = ORIENTED_EDGE('',*,*,#3979,.T.);
#4208 = ORIENTED_EDGE('',*,*,#4011,.T.);
#4209 = ORIENTED_EDGE('',*,*,#4043,.T.);
#4210 = ORIENTED_EDGE('',*,*,#4075,.T.);
#4211 = ORIENTED_EDGE('',*,*,#4107,.T.);
#4212 = ORIENTED_EDGE('',*,*,#4139,.T.);
#4213 = ORIENTED_EDGE('',*,*,#4171,.T.);
#4214 = ORIENTED_EDGE('',*,*,#4194,.T.);
#4215 = PLANE('',#4216);
#4216 = AXIS2_PLACEMENT_3D('',#4217,#4218,#4219);
#4217 = CARTESIAN_POINT('',(0.,0.,1.51));
#4218 = DIRECTION('',(0.,0.,1.));
#4219 = DIRECTION('',(1.,0.,-0.));
#4220 = ADVANCED_FACE('',(#4221),#4231,.T.);
#4221 = FACE_BOUND('',#4222,.F.);
#4222 = EDGE_LOOP('',(#4223,#4224,#4225,#4226,#4227,#4228,#4229,#4230));
#4223 = ORIENTED_EDGE('',*,*,#3962,.T.);
#4224 = ORIENTED_EDGE('',*,*,#3995,.T.);
#4225 = ORIENTED_EDGE('',*,*,#4026,.T.);
#4226 = ORIENTED_EDGE('',*,*,#4059,.T.);
#4227 = ORIENTED_EDGE('',*,*,#4090,.T.);
#4228 = ORIENTED_EDGE('',*,*,#4123,.T.);
#4229 = ORIENTED_EDGE('',*,*,#4154,.T.);
#4230 = ORIENTED_EDGE('',*,*,#4187,.T.);
#4231 = PLANE('',#4232);
#4232 = AXIS2_PLACEMENT_3D('',#4233,#4234,#4235);
#4233 = CARTESIAN_POINT('',(0.,0.,1.55));
#4234 = DIRECTION('',(0.,0.,1.));
#4235 = DIRECTION('',(1.,0.,-0.));
#4236 = MANIFOLD_SOLID_BREP('',#4237);
#4237 = CLOSED_SHELL('',(#4238,#4280,#4311,#4344,#4375,#4408,#4439,#4472
    ,#4494,#4510));
#4238 = ADVANCED_FACE('',(#4239),#4275,.T.);
#4239 = FACE_BOUND('',#4240,.T.);
#4240 = EDGE_LOOP('',(#4241,#4251,#4260,#4268));
#4241 = ORIENTED_EDGE('',*,*,#4242,.T.);
#4242 = EDGE_CURVE('',#4243,#4245,#4247,.T.);
#4243 = VERTEX_POINT('',#4244);
#4244 = CARTESIAN_POINT('',(26.,-76.37,1.51));
#4245 = VERTEX_POINT('',#4246);
#4246 = CARTESIAN_POINT('',(26.,-76.37,1.55));
#4247 = LINE('',#4248,#4249);
#4248 = CARTESIAN_POINT('',(26.,-76.37,1.51));
#4249 = VECTOR('',#4250,1.);
#4250 = DIRECTION('',(0.,0.,1.));
#4251 = ORIENTED_EDGE('',*,*,#4252,.T.);
#4252 = EDGE_CURVE('',#4245,#4253,#4255,.T.);
#4253 = VERTEX_POINT('',#4254);
#4254 = CARTESIAN_POINT('',(26.27,-76.1,1.55));
#4255 = CIRCLE('',#4256,0.269999422728);
#4256 = AXIS2_PLACEMENT_3D('',#4257,#4258,#4259);
#4257 = CARTESIAN_POINT('',(26.269999422728,-76.36999942272,1.55));
#4258 = DIRECTION('',(0.,0.,-1.));
#4259 = DIRECTION('',(-0.999999999998,-2.138050821579E-06,-0.));
#4260 = ORIENTED_EDGE('',*,*,#4261,.F.);
#4261 = EDGE_CURVE('',#4262,#4253,#4264,.T.);
#4262 = VERTEX_POINT('',#4263);
#4263 = CARTESIAN_POINT('',(26.27,-76.1,1.51));
#4264 = LINE('',#4265,#4266);
#4265 = CARTESIAN_POINT('',(26.27,-76.1,1.51));
#4266 = VECTOR('',#4267,1.);
#4267 = DIRECTION('',(0.,0.,1.));
#4268 = ORIENTED_EDGE('',*,*,#4269,.F.);
#4269 = EDGE_CURVE('',#4243,#4262,#4270,.T.);
#4270 = CIRCLE('',#4271,0.269999422728);
#4271 = AXIS2_PLACEMENT_3D('',#4272,#4273,#4274);
#4272 = CARTESIAN_POINT('',(26.269999422728,-76.36999942272,1.51));
#4273 = DIRECTION('',(0.,0.,-1.));
#4274 = DIRECTION('',(-0.999999999998,-2.138050821579E-06,-0.));
#4275 = CYLINDRICAL_SURFACE('',#4276,0.269999422728);
#4276 = AXIS2_PLACEMENT_3D('',#4277,#4278,#4279);
#4277 = CARTESIAN_POINT('',(26.269999422728,-76.36999942272,1.51));
#4278 = DIRECTION('',(0.,0.,-1.));
#4279 = DIRECTION('',(-0.999999999998,-2.138050821579E-06,-0.));
#4280 = ADVANCED_FACE('',(#4281),#4306,.T.);
#4281 = FACE_BOUND('',#4282,.T.);
#4282 = EDGE_LOOP('',(#4283,#4284,#4292,#4300));
#4283 = ORIENTED_EDGE('',*,*,#4261,.T.);
#4284 = ORIENTED_EDGE('',*,*,#4285,.T.);
#4285 = EDGE_CURVE('',#4253,#4286,#4288,.T.);
#4286 = VERTEX_POINT('',#4287);
#4287 = CARTESIAN_POINT('',(28.23,-76.1,1.55));
#4288 = LINE('',#4289,#4290);
#4289 = CARTESIAN_POINT('',(26.27,-76.1,1.55));
#4290 = VECTOR('',#4291,1.);
#4291 = DIRECTION('',(1.,0.,0.));
#4292 = ORIENTED_EDGE('',*,*,#4293,.F.);
#4293 = EDGE_CURVE('',#4294,#4286,#4296,.T.);
#4294 = VERTEX_POINT('',#4295);
#4295 = CARTESIAN_POINT('',(28.23,-76.1,1.51));
#4296 = LINE('',#4297,#4298);
#4297 = CARTESIAN_POINT('',(28.23,-76.1,1.51));
#4298 = VECTOR('',#4299,1.);
#4299 = DIRECTION('',(0.,0.,1.));
#4300 = ORIENTED_EDGE('',*,*,#4301,.F.);
#4301 = EDGE_CURVE('',#4262,#4294,#4302,.T.);
#4302 = LINE('',#4303,#4304);
#4303 = CARTESIAN_POINT('',(26.27,-76.1,1.51));
#4304 = VECTOR('',#4305,1.);
#4305 = DIRECTION('',(1.,0.,0.));
#4306 = PLANE('',#4307);
#4307 = AXIS2_PLACEMENT_3D('',#4308,#4309,#4310);
#4308 = CARTESIAN_POINT('',(26.27,-76.1,1.51));
#4309 = DIRECTION('',(0.,1.,0.));
#4310 = DIRECTION('',(1.,0.,0.));
#4311 = ADVANCED_FACE('',(#4312),#4339,.T.);
#4312 = FACE_BOUND('',#4313,.T.);
#4313 = EDGE_LOOP('',(#4314,#4315,#4324,#4332));
#4314 = ORIENTED_EDGE('',*,*,#4293,.T.);
#4315 = ORIENTED_EDGE('',*,*,#4316,.T.);
#4316 = EDGE_CURVE('',#4286,#4317,#4319,.T.);
#4317 = VERTEX_POINT('',#4318);
#4318 = CARTESIAN_POINT('',(28.5,-76.37,1.55));
#4319 = CIRCLE('',#4320,0.269999422728);
#4320 = AXIS2_PLACEMENT_3D('',#4321,#4322,#4323);
#4321 = CARTESIAN_POINT('',(28.230000577272,-76.36999942272,1.55));
#4322 = DIRECTION('',(0.,0.,-1.));
#4323 = DIRECTION('',(-2.138050795262E-06,0.999999999998,0.));
#4324 = ORIENTED_EDGE('',*,*,#4325,.F.);
#4325 = EDGE_CURVE('',#4326,#4317,#4328,.T.);
#4326 = VERTEX_POINT('',#4327);
#4327 = CARTESIAN_POINT('',(28.5,-76.37,1.51));
#4328 = LINE('',#4329,#4330);
#4329 = CARTESIAN_POINT('',(28.5,-76.37,1.51));
#4330 = VECTOR('',#4331,1.);
#4331 = DIRECTION('',(0.,0.,1.));
#4332 = ORIENTED_EDGE('',*,*,#4333,.F.);
#4333 = EDGE_CURVE('',#4294,#4326,#4334,.T.);
#4334 = CIRCLE('',#4335,0.269999422728);
#4335 = AXIS2_PLACEMENT_3D('',#4336,#4337,#4338);
#4336 = CARTESIAN_POINT('',(28.230000577272,-76.36999942272,1.51));
#4337 = DIRECTION('',(0.,0.,-1.));
#4338 = DIRECTION('',(-2.138050795262E-06,0.999999999998,0.));
#4339 = CYLINDRICAL_SURFACE('',#4340,0.269999422728);
#4340 = AXIS2_PLACEMENT_3D('',#4341,#4342,#4343);
#4341 = CARTESIAN_POINT('',(28.230000577272,-76.36999942272,1.51));
#4342 = DIRECTION('',(0.,0.,-1.));
#4343 = DIRECTION('',(-2.138050795262E-06,0.999999999998,0.));
#4344 = ADVANCED_FACE('',(#4345),#4370,.T.);
#4345 = FACE_BOUND('',#4346,.T.);
#4346 = EDGE_LOOP('',(#4347,#4348,#4356,#4364));
#4347 = ORIENTED_EDGE('',*,*,#4325,.T.);
#4348 = ORIENTED_EDGE('',*,*,#4349,.T.);
#4349 = EDGE_CURVE('',#4317,#4350,#4352,.T.);
#4350 = VERTEX_POINT('',#4351);
#4351 = CARTESIAN_POINT('',(28.5,-77.63,1.55));
#4352 = LINE('',#4353,#4354);
#4353 = CARTESIAN_POINT('',(28.5,-76.37,1.55));
#4354 = VECTOR('',#4355,1.);
#4355 = DIRECTION('',(0.,-1.,0.));
#4356 = ORIENTED_EDGE('',*,*,#4357,.F.);
#4357 = EDGE_CURVE('',#4358,#4350,#4360,.T.);
#4358 = VERTEX_POINT('',#4359);
#4359 = CARTESIAN_POINT('',(28.5,-77.63,1.51));
#4360 = LINE('',#4361,#4362);
#4361 = CARTESIAN_POINT('',(28.5,-77.63,1.51));
#4362 = VECTOR('',#4363,1.);
#4363 = DIRECTION('',(0.,0.,1.));
#4364 = ORIENTED_EDGE('',*,*,#4365,.F.);
#4365 = EDGE_CURVE('',#4326,#4358,#4366,.T.);
#4366 = LINE('',#4367,#4368);
#4367 = CARTESIAN_POINT('',(28.5,-76.37,1.51));
#4368 = VECTOR('',#4369,1.);
#4369 = DIRECTION('',(0.,-1.,0.));
#4370 = PLANE('',#4371);
#4371 = AXIS2_PLACEMENT_3D('',#4372,#4373,#4374);
#4372 = CARTESIAN_POINT('',(28.5,-76.37,1.51));
#4373 = DIRECTION('',(1.,0.,-0.));
#4374 = DIRECTION('',(0.,-1.,0.));
#4375 = ADVANCED_FACE('',(#4376),#4403,.T.);
#4376 = FACE_BOUND('',#4377,.T.);
#4377 = EDGE_LOOP('',(#4378,#4379,#4388,#4396));
#4378 = ORIENTED_EDGE('',*,*,#4357,.T.);
#4379 = ORIENTED_EDGE('',*,*,#4380,.T.);
#4380 = EDGE_CURVE('',#4350,#4381,#4383,.T.);
#4381 = VERTEX_POINT('',#4382);
#4382 = CARTESIAN_POINT('',(28.23,-77.9,1.55));
#4383 = CIRCLE('',#4384,0.269999422728);
#4384 = AXIS2_PLACEMENT_3D('',#4385,#4386,#4387);
#4385 = CARTESIAN_POINT('',(28.230000577272,-77.63000057727,1.55));
#4386 = DIRECTION('',(0.,0.,-1.));
#4387 = DIRECTION('',(0.999999999998,2.138050821579E-06,0.));
#4388 = ORIENTED_EDGE('',*,*,#4389,.F.);
#4389 = EDGE_CURVE('',#4390,#4381,#4392,.T.);
#4390 = VERTEX_POINT('',#4391);
#4391 = CARTESIAN_POINT('',(28.23,-77.9,1.51));
#4392 = LINE('',#4393,#4394);
#4393 = CARTESIAN_POINT('',(28.23,-77.9,1.51));
#4394 = VECTOR('',#4395,1.);
#4395 = DIRECTION('',(0.,0.,1.));
#4396 = ORIENTED_EDGE('',*,*,#4397,.F.);
#4397 = EDGE_CURVE('',#4358,#4390,#4398,.T.);
#4398 = CIRCLE('',#4399,0.269999422728);
#4399 = AXIS2_PLACEMENT_3D('',#4400,#4401,#4402);
#4400 = CARTESIAN_POINT('',(28.230000577272,-77.63000057727,1.51));
#4401 = DIRECTION('',(0.,0.,-1.));
#4402 = DIRECTION('',(0.999999999998,2.138050821579E-06,0.));
#4403 = CYLINDRICAL_SURFACE('',#4404,0.269999422728);
#4404 = AXIS2_PLACEMENT_3D('',#4405,#4406,#4407);
#4405 = CARTESIAN_POINT('',(28.230000577272,-77.63000057727,1.51));
#4406 = DIRECTION('',(0.,0.,-1.));
#4407 = DIRECTION('',(0.999999999998,2.138050821579E-06,0.));
#4408 = ADVANCED_FACE('',(#4409),#4434,.T.);
#4409 = FACE_BOUND('',#4410,.T.);
#4410 = EDGE_LOOP('',(#4411,#4412,#4420,#4428));
#4411 = ORIENTED_EDGE('',*,*,#4389,.T.);
#4412 = ORIENTED_EDGE('',*,*,#4413,.T.);
#4413 = EDGE_CURVE('',#4381,#4414,#4416,.T.);
#4414 = VERTEX_POINT('',#4415);
#4415 = CARTESIAN_POINT('',(26.27,-77.9,1.55));
#4416 = LINE('',#4417,#4418);
#4417 = CARTESIAN_POINT('',(28.23,-77.9,1.55));
#4418 = VECTOR('',#4419,1.);
#4419 = DIRECTION('',(-1.,0.,0.));
#4420 = ORIENTED_EDGE('',*,*,#4421,.F.);
#4421 = EDGE_CURVE('',#4422,#4414,#4424,.T.);
#4422 = VERTEX_POINT('',#4423);
#4423 = CARTESIAN_POINT('',(26.27,-77.9,1.51));
#4424 = LINE('',#4425,#4426);
#4425 = CARTESIAN_POINT('',(26.27,-77.9,1.51));
#4426 = VECTOR('',#4427,1.);
#4427 = DIRECTION('',(0.,0.,1.));
#4428 = ORIENTED_EDGE('',*,*,#4429,.F.);
#4429 = EDGE_CURVE('',#4390,#4422,#4430,.T.);
#4430 = LINE('',#4431,#4432);
#4431 = CARTESIAN_POINT('',(28.23,-77.9,1.51));
#4432 = VECTOR('',#4433,1.);
#4433 = DIRECTION('',(-1.,0.,0.));
#4434 = PLANE('',#4435);
#4435 = AXIS2_PLACEMENT_3D('',#4436,#4437,#4438);
#4436 = CARTESIAN_POINT('',(28.23,-77.9,1.51));
#4437 = DIRECTION('',(0.,-1.,0.));
#4438 = DIRECTION('',(-1.,0.,0.));
#4439 = ADVANCED_FACE('',(#4440),#4467,.T.);
#4440 = FACE_BOUND('',#4441,.T.);
#4441 = EDGE_LOOP('',(#4442,#4443,#4452,#4460));
#4442 = ORIENTED_EDGE('',*,*,#4421,.T.);
#4443 = ORIENTED_EDGE('',*,*,#4444,.T.);
#4444 = EDGE_CURVE('',#4414,#4445,#4447,.T.);
#4445 = VERTEX_POINT('',#4446);
#4446 = CARTESIAN_POINT('',(26.,-77.63,1.55));
#4447 = CIRCLE('',#4448,0.269999422728);
#4448 = AXIS2_PLACEMENT_3D('',#4449,#4450,#4451);
#4449 = CARTESIAN_POINT('',(26.269999422728,-77.63000057727,1.55));
#4450 = DIRECTION('',(0.,0.,-1.));
#4451 = DIRECTION('',(2.138050795262E-06,-0.999999999998,0.));
#4452 = ORIENTED_EDGE('',*,*,#4453,.F.);
#4453 = EDGE_CURVE('',#4454,#4445,#4456,.T.);
#4454 = VERTEX_POINT('',#4455);
#4455 = CARTESIAN_POINT('',(26.,-77.63,1.51));
#4456 = LINE('',#4457,#4458);
#4457 = CARTESIAN_POINT('',(26.,-77.63,1.51));
#4458 = VECTOR('',#4459,1.);
#4459 = DIRECTION('',(0.,0.,1.));
#4460 = ORIENTED_EDGE('',*,*,#4461,.F.);
#4461 = EDGE_CURVE('',#4422,#4454,#4462,.T.);
#4462 = CIRCLE('',#4463,0.269999422728);
#4463 = AXIS2_PLACEMENT_3D('',#4464,#4465,#4466);
#4464 = CARTESIAN_POINT('',(26.269999422728,-77.63000057727,1.51));
#4465 = DIRECTION('',(0.,0.,-1.));
#4466 = DIRECTION('',(2.138050795262E-06,-0.999999999998,0.));
#4467 = CYLINDRICAL_SURFACE('',#4468,0.269999422728);
#4468 = AXIS2_PLACEMENT_3D('',#4469,#4470,#4471);
#4469 = CARTESIAN_POINT('',(26.269999422728,-77.63000057727,1.51));
#4470 = DIRECTION('',(0.,0.,-1.));
#4471 = DIRECTION('',(2.138050795262E-06,-0.999999999998,0.));
#4472 = ADVANCED_FACE('',(#4473),#4489,.T.);
#4473 = FACE_BOUND('',#4474,.T.);
#4474 = EDGE_LOOP('',(#4475,#4476,#4482,#4483));
#4475 = ORIENTED_EDGE('',*,*,#4453,.T.);
#4476 = ORIENTED_EDGE('',*,*,#4477,.T.);
#4477 = EDGE_CURVE('',#4445,#4245,#4478,.T.);
#4478 = LINE('',#4479,#4480);
#4479 = CARTESIAN_POINT('',(26.,-77.63,1.55));
#4480 = VECTOR('',#4481,1.);
#4481 = DIRECTION('',(0.,1.,0.));
#4482 = ORIENTED_EDGE('',*,*,#4242,.F.);
#4483 = ORIENTED_EDGE('',*,*,#4484,.F.);
#4484 = EDGE_CURVE('',#4454,#4243,#4485,.T.);
#4485 = LINE('',#4486,#4487);
#4486 = CARTESIAN_POINT('',(26.,-77.63,1.51));
#4487 = VECTOR('',#4488,1.);
#4488 = DIRECTION('',(0.,1.,0.));
#4489 = PLANE('',#4490);
#4490 = AXIS2_PLACEMENT_3D('',#4491,#4492,#4493);
#4491 = CARTESIAN_POINT('',(26.,-77.63,1.51));
#4492 = DIRECTION('',(-1.,0.,0.));
#4493 = DIRECTION('',(0.,1.,0.));
#4494 = ADVANCED_FACE('',(#4495),#4505,.F.);
#4495 = FACE_BOUND('',#4496,.T.);
#4496 = EDGE_LOOP('',(#4497,#4498,#4499,#4500,#4501,#4502,#4503,#4504));
#4497 = ORIENTED_EDGE('',*,*,#4269,.T.);
#4498 = ORIENTED_EDGE('',*,*,#4301,.T.);
#4499 = ORIENTED_EDGE('',*,*,#4333,.T.);
#4500 = ORIENTED_EDGE('',*,*,#4365,.T.);
#4501 = ORIENTED_EDGE('',*,*,#4397,.T.);
#4502 = ORIENTED_EDGE('',*,*,#4429,.T.);
#4503 = ORIENTED_EDGE('',*,*,#4461,.T.);
#4504 = ORIENTED_EDGE('',*,*,#4484,.T.);
#4505 = PLANE('',#4506);
#4506 = AXIS2_PLACEMENT_3D('',#4507,#4508,#4509);
#4507 = CARTESIAN_POINT('',(0.,0.,1.51));
#4508 = DIRECTION('',(0.,0.,1.));
#4509 = DIRECTION('',(1.,0.,-0.));
#4510 = ADVANCED_FACE('',(#4511),#4521,.T.);
#4511 = FACE_BOUND('',#4512,.F.);
#4512 = EDGE_LOOP('',(#4513,#4514,#4515,#4516,#4517,#4518,#4519,#4520));
#4513 = ORIENTED_EDGE('',*,*,#4252,.T.);
#4514 = ORIENTED_EDGE('',*,*,#4285,.T.);
#4515 = ORIENTED_EDGE('',*,*,#4316,.T.);
#4516 = ORIENTED_EDGE('',*,*,#4349,.T.);
#4517 = ORIENTED_EDGE('',*,*,#4380,.T.);
#4518 = ORIENTED_EDGE('',*,*,#4413,.T.);
#4519 = ORIENTED_EDGE('',*,*,#4444,.T.);
#4520 = ORIENTED_EDGE('',*,*,#4477,.T.);
#4521 = PLANE('',#4522);
#4522 = AXIS2_PLACEMENT_3D('',#4523,#4524,#4525);
#4523 = CARTESIAN_POINT('',(0.,0.,1.55));
#4524 = DIRECTION('',(0.,0.,1.));
#4525 = DIRECTION('',(1.,0.,-0.));
#4526 = MANIFOLD_SOLID_BREP('',#4527);
#4527 = CLOSED_SHELL('',(#4528,#4570,#4601,#4634,#4665,#4698,#4729,#4762
    ,#4784,#4800));
#4528 = ADVANCED_FACE('',(#4529),#4565,.T.);
#4529 = FACE_BOUND('',#4530,.T.);
#4530 = EDGE_LOOP('',(#4531,#4541,#4550,#4558));
#4531 = ORIENTED_EDGE('',*,*,#4532,.T.);
#4532 = EDGE_CURVE('',#4533,#4535,#4537,.T.);
#4533 = VERTEX_POINT('',#4534);
#4534 = CARTESIAN_POINT('',(26.,-78.87,1.51));
#4535 = VERTEX_POINT('',#4536);
#4536 = CARTESIAN_POINT('',(26.,-78.87,1.55));
#4537 = LINE('',#4538,#4539);
#4538 = CARTESIAN_POINT('',(26.,-78.87,1.51));
#4539 = VECTOR('',#4540,1.);
#4540 = DIRECTION('',(0.,0.,1.));
#4541 = ORIENTED_EDGE('',*,*,#4542,.T.);
#4542 = EDGE_CURVE('',#4535,#4543,#4545,.T.);
#4543 = VERTEX_POINT('',#4544);
#4544 = CARTESIAN_POINT('',(26.27,-78.6,1.55));
#4545 = CIRCLE('',#4546,0.269999422728);
#4546 = AXIS2_PLACEMENT_3D('',#4547,#4548,#4549);
#4547 = CARTESIAN_POINT('',(26.269999422728,-78.86999942272,1.55));
#4548 = DIRECTION('',(0.,0.,-1.));
#4549 = DIRECTION('',(-0.999999999998,-2.138050821579E-06,-0.));
#4550 = ORIENTED_EDGE('',*,*,#4551,.F.);
#4551 = EDGE_CURVE('',#4552,#4543,#4554,.T.);
#4552 = VERTEX_POINT('',#4553);
#4553 = CARTESIAN_POINT('',(26.27,-78.6,1.51));
#4554 = LINE('',#4555,#4556);
#4555 = CARTESIAN_POINT('',(26.27,-78.6,1.51));
#4556 = VECTOR('',#4557,1.);
#4557 = DIRECTION('',(0.,0.,1.));
#4558 = ORIENTED_EDGE('',*,*,#4559,.F.);
#4559 = EDGE_CURVE('',#4533,#4552,#4560,.T.);
#4560 = CIRCLE('',#4561,0.269999422728);
#4561 = AXIS2_PLACEMENT_3D('',#4562,#4563,#4564);
#4562 = CARTESIAN_POINT('',(26.269999422728,-78.86999942272,1.51));
#4563 = DIRECTION('',(0.,0.,-1.));
#4564 = DIRECTION('',(-0.999999999998,-2.138050821579E-06,-0.));
#4565 = CYLINDRICAL_SURFACE('',#4566,0.269999422728);
#4566 = AXIS2_PLACEMENT_3D('',#4567,#4568,#4569);
#4567 = CARTESIAN_POINT('',(26.269999422728,-78.86999942272,1.51));
#4568 = DIRECTION('',(0.,0.,-1.));
#4569 = DIRECTION('',(-0.999999999998,-2.138050821579E-06,-0.));
#4570 = ADVANCED_FACE('',(#4571),#4596,.T.);
#4571 = FACE_BOUND('',#4572,.T.);
#4572 = EDGE_LOOP('',(#4573,#4574,#4582,#4590));
#4573 = ORIENTED_EDGE('',*,*,#4551,.T.);
#4574 = ORIENTED_EDGE('',*,*,#4575,.T.);
#4575 = EDGE_CURVE('',#4543,#4576,#4578,.T.);
#4576 = VERTEX_POINT('',#4577);
#4577 = CARTESIAN_POINT('',(28.23,-78.6,1.55));
#4578 = LINE('',#4579,#4580);
#4579 = CARTESIAN_POINT('',(26.27,-78.6,1.55));
#4580 = VECTOR('',#4581,1.);
#4581 = DIRECTION('',(1.,0.,0.));
#4582 = ORIENTED_EDGE('',*,*,#4583,.F.);
#4583 = EDGE_CURVE('',#4584,#4576,#4586,.T.);
#4584 = VERTEX_POINT('',#4585);
#4585 = CARTESIAN_POINT('',(28.23,-78.6,1.51));
#4586 = LINE('',#4587,#4588);
#4587 = CARTESIAN_POINT('',(28.23,-78.6,1.51));
#4588 = VECTOR('',#4589,1.);
#4589 = DIRECTION('',(0.,0.,1.));
#4590 = ORIENTED_EDGE('',*,*,#4591,.F.);
#4591 = EDGE_CURVE('',#4552,#4584,#4592,.T.);
#4592 = LINE('',#4593,#4594);
#4593 = CARTESIAN_POINT('',(26.27,-78.6,1.51));
#4594 = VECTOR('',#4595,1.);
#4595 = DIRECTION('',(1.,0.,0.));
#4596 = PLANE('',#4597);
#4597 = AXIS2_PLACEMENT_3D('',#4598,#4599,#4600);
#4598 = CARTESIAN_POINT('',(26.27,-78.6,1.51));
#4599 = DIRECTION('',(0.,1.,0.));
#4600 = DIRECTION('',(1.,0.,0.));
#4601 = ADVANCED_FACE('',(#4602),#4629,.T.);
#4602 = FACE_BOUND('',#4603,.T.);
#4603 = EDGE_LOOP('',(#4604,#4605,#4614,#4622));
#4604 = ORIENTED_EDGE('',*,*,#4583,.T.);
#4605 = ORIENTED_EDGE('',*,*,#4606,.T.);
#4606 = EDGE_CURVE('',#4576,#4607,#4609,.T.);
#4607 = VERTEX_POINT('',#4608);
#4608 = CARTESIAN_POINT('',(28.5,-78.87,1.55));
#4609 = CIRCLE('',#4610,0.269999422728);
#4610 = AXIS2_PLACEMENT_3D('',#4611,#4612,#4613);
#4611 = CARTESIAN_POINT('',(28.230000577272,-78.86999942272,1.55));
#4612 = DIRECTION('',(0.,0.,-1.));
#4613 = DIRECTION('',(-2.138050795262E-06,0.999999999998,0.));
#4614 = ORIENTED_EDGE('',*,*,#4615,.F.);
#4615 = EDGE_CURVE('',#4616,#4607,#4618,.T.);
#4616 = VERTEX_POINT('',#4617);
#4617 = CARTESIAN_POINT('',(28.5,-78.87,1.51));
#4618 = LINE('',#4619,#4620);
#4619 = CARTESIAN_POINT('',(28.5,-78.87,1.51));
#4620 = VECTOR('',#4621,1.);
#4621 = DIRECTION('',(0.,0.,1.));
#4622 = ORIENTED_EDGE('',*,*,#4623,.F.);
#4623 = EDGE_CURVE('',#4584,#4616,#4624,.T.);
#4624 = CIRCLE('',#4625,0.269999422728);
#4625 = AXIS2_PLACEMENT_3D('',#4626,#4627,#4628);
#4626 = CARTESIAN_POINT('',(28.230000577272,-78.86999942272,1.51));
#4627 = DIRECTION('',(0.,0.,-1.));
#4628 = DIRECTION('',(-2.138050795262E-06,0.999999999998,0.));
#4629 = CYLINDRICAL_SURFACE('',#4630,0.269999422728);
#4630 = AXIS2_PLACEMENT_3D('',#4631,#4632,#4633);
#4631 = CARTESIAN_POINT('',(28.230000577272,-78.86999942272,1.51));
#4632 = DIRECTION('',(0.,0.,-1.));
#4633 = DIRECTION('',(-2.138050795262E-06,0.999999999998,0.));
#4634 = ADVANCED_FACE('',(#4635),#4660,.T.);
#4635 = FACE_BOUND('',#4636,.T.);
#4636 = EDGE_LOOP('',(#4637,#4638,#4646,#4654));
#4637 = ORIENTED_EDGE('',*,*,#4615,.T.);
#4638 = ORIENTED_EDGE('',*,*,#4639,.T.);
#4639 = EDGE_CURVE('',#4607,#4640,#4642,.T.);
#4640 = VERTEX_POINT('',#4641);
#4641 = CARTESIAN_POINT('',(28.5,-80.13,1.55));
#4642 = LINE('',#4643,#4644);
#4643 = CARTESIAN_POINT('',(28.5,-78.87,1.55));
#4644 = VECTOR('',#4645,1.);
#4645 = DIRECTION('',(0.,-1.,0.));
#4646 = ORIENTED_EDGE('',*,*,#4647,.F.);
#4647 = EDGE_CURVE('',#4648,#4640,#4650,.T.);
#4648 = VERTEX_POINT('',#4649);
#4649 = CARTESIAN_POINT('',(28.5,-80.13,1.51));
#4650 = LINE('',#4651,#4652);
#4651 = CARTESIAN_POINT('',(28.5,-80.13,1.51));
#4652 = VECTOR('',#4653,1.);
#4653 = DIRECTION('',(0.,0.,1.));
#4654 = ORIENTED_EDGE('',*,*,#4655,.F.);
#4655 = EDGE_CURVE('',#4616,#4648,#4656,.T.);
#4656 = LINE('',#4657,#4658);
#4657 = CARTESIAN_POINT('',(28.5,-78.87,1.51));
#4658 = VECTOR('',#4659,1.);
#4659 = DIRECTION('',(0.,-1.,0.));
#4660 = PLANE('',#4661);
#4661 = AXIS2_PLACEMENT_3D('',#4662,#4663,#4664);
#4662 = CARTESIAN_POINT('',(28.5,-78.87,1.51));
#4663 = DIRECTION('',(1.,0.,-0.));
#4664 = DIRECTION('',(0.,-1.,0.));
#4665 = ADVANCED_FACE('',(#4666),#4693,.T.);
#4666 = FACE_BOUND('',#4667,.T.);
#4667 = EDGE_LOOP('',(#4668,#4669,#4678,#4686));
#4668 = ORIENTED_EDGE('',*,*,#4647,.T.);
#4669 = ORIENTED_EDGE('',*,*,#4670,.T.);
#4670 = EDGE_CURVE('',#4640,#4671,#4673,.T.);
#4671 = VERTEX_POINT('',#4672);
#4672 = CARTESIAN_POINT('',(28.23,-80.4,1.55));
#4673 = CIRCLE('',#4674,0.269999422728);
#4674 = AXIS2_PLACEMENT_3D('',#4675,#4676,#4677);
#4675 = CARTESIAN_POINT('',(28.230000577272,-80.13000057727,1.55));
#4676 = DIRECTION('',(0.,0.,-1.));
#4677 = DIRECTION('',(0.999999999998,2.138050821579E-06,0.));
#4678 = ORIENTED_EDGE('',*,*,#4679,.F.);
#4679 = EDGE_CURVE('',#4680,#4671,#4682,.T.);
#4680 = VERTEX_POINT('',#4681);
#4681 = CARTESIAN_POINT('',(28.23,-80.4,1.51));
#4682 = LINE('',#4683,#4684);
#4683 = CARTESIAN_POINT('',(28.23,-80.4,1.51));
#4684 = VECTOR('',#4685,1.);
#4685 = DIRECTION('',(0.,0.,1.));
#4686 = ORIENTED_EDGE('',*,*,#4687,.F.);
#4687 = EDGE_CURVE('',#4648,#4680,#4688,.T.);
#4688 = CIRCLE('',#4689,0.269999422728);
#4689 = AXIS2_PLACEMENT_3D('',#4690,#4691,#4692);
#4690 = CARTESIAN_POINT('',(28.230000577272,-80.13000057727,1.51));
#4691 = DIRECTION('',(0.,0.,-1.));
#4692 = DIRECTION('',(0.999999999998,2.138050821579E-06,0.));
#4693 = CYLINDRICAL_SURFACE('',#4694,0.269999422728);
#4694 = AXIS2_PLACEMENT_3D('',#4695,#4696,#4697);
#4695 = CARTESIAN_POINT('',(28.230000577272,-80.13000057727,1.51));
#4696 = DIRECTION('',(0.,0.,-1.));
#4697 = DIRECTION('',(0.999999999998,2.138050821579E-06,0.));
#4698 = ADVANCED_FACE('',(#4699),#4724,.T.);
#4699 = FACE_BOUND('',#4700,.T.);
#4700 = EDGE_LOOP('',(#4701,#4702,#4710,#4718));
#4701 = ORIENTED_EDGE('',*,*,#4679,.T.);
#4702 = ORIENTED_EDGE('',*,*,#4703,.T.);
#4703 = EDGE_CURVE('',#4671,#4704,#4706,.T.);
#4704 = VERTEX_POINT('',#4705);
#4705 = CARTESIAN_POINT('',(26.27,-80.4,1.55));
#4706 = LINE('',#4707,#4708);
#4707 = CARTESIAN_POINT('',(28.23,-80.4,1.55));
#4708 = VECTOR('',#4709,1.);
#4709 = DIRECTION('',(-1.,0.,0.));
#4710 = ORIENTED_EDGE('',*,*,#4711,.F.);
#4711 = EDGE_CURVE('',#4712,#4704,#4714,.T.);
#4712 = VERTEX_POINT('',#4713);
#4713 = CARTESIAN_POINT('',(26.27,-80.4,1.51));
#4714 = LINE('',#4715,#4716);
#4715 = CARTESIAN_POINT('',(26.27,-80.4,1.51));
#4716 = VECTOR('',#4717,1.);
#4717 = DIRECTION('',(0.,0.,1.));
#4718 = ORIENTED_EDGE('',*,*,#4719,.F.);
#4719 = EDGE_CURVE('',#4680,#4712,#4720,.T.);
#4720 = LINE('',#4721,#4722);
#4721 = CARTESIAN_POINT('',(28.23,-80.4,1.51));
#4722 = VECTOR('',#4723,1.);
#4723 = DIRECTION('',(-1.,0.,0.));
#4724 = PLANE('',#4725);
#4725 = AXIS2_PLACEMENT_3D('',#4726,#4727,#4728);
#4726 = CARTESIAN_POINT('',(28.23,-80.4,1.51));
#4727 = DIRECTION('',(0.,-1.,0.));
#4728 = DIRECTION('',(-1.,0.,0.));
#4729 = ADVANCED_FACE('',(#4730),#4757,.T.);
#4730 = FACE_BOUND('',#4731,.T.);
#4731 = EDGE_LOOP('',(#4732,#4733,#4742,#4750));
#4732 = ORIENTED_EDGE('',*,*,#4711,.T.);
#4733 = ORIENTED_EDGE('',*,*,#4734,.T.);
#4734 = EDGE_CURVE('',#4704,#4735,#4737,.T.);
#4735 = VERTEX_POINT('',#4736);
#4736 = CARTESIAN_POINT('',(26.,-80.13,1.55));
#4737 = CIRCLE('',#4738,0.269999422728);
#4738 = AXIS2_PLACEMENT_3D('',#4739,#4740,#4741);
#4739 = CARTESIAN_POINT('',(26.269999422728,-80.13000057727,1.55));
#4740 = DIRECTION('',(0.,0.,-1.));
#4741 = DIRECTION('',(2.138050795262E-06,-0.999999999998,0.));
#4742 = ORIENTED_EDGE('',*,*,#4743,.F.);
#4743 = EDGE_CURVE('',#4744,#4735,#4746,.T.);
#4744 = VERTEX_POINT('',#4745);
#4745 = CARTESIAN_POINT('',(26.,-80.13,1.51));
#4746 = LINE('',#4747,#4748);
#4747 = CARTESIAN_POINT('',(26.,-80.13,1.51));
#4748 = VECTOR('',#4749,1.);
#4749 = DIRECTION('',(0.,0.,1.));
#4750 = ORIENTED_EDGE('',*,*,#4751,.F.);
#4751 = EDGE_CURVE('',#4712,#4744,#4752,.T.);
#4752 = CIRCLE('',#4753,0.269999422728);
#4753 = AXIS2_PLACEMENT_3D('',#4754,#4755,#4756);
#4754 = CARTESIAN_POINT('',(26.269999422728,-80.13000057727,1.51));
#4755 = DIRECTION('',(0.,0.,-1.));
#4756 = DIRECTION('',(2.138050795262E-06,-0.999999999998,0.));
#4757 = CYLINDRICAL_SURFACE('',#4758,0.269999422728);
#4758 = AXIS2_PLACEMENT_3D('',#4759,#4760,#4761);
#4759 = CARTESIAN_POINT('',(26.269999422728,-80.13000057727,1.51));
#4760 = DIRECTION('',(0.,0.,-1.));
#4761 = DIRECTION('',(2.138050795262E-06,-0.999999999998,0.));
#4762 = ADVANCED_FACE('',(#4763),#4779,.T.);
#4763 = FACE_BOUND('',#4764,.T.);
#4764 = EDGE_LOOP('',(#4765,#4766,#4772,#4773));
#4765 = ORIENTED_EDGE('',*,*,#4743,.T.);
#4766 = ORIENTED_EDGE('',*,*,#4767,.T.);
#4767 = EDGE_CURVE('',#4735,#4535,#4768,.T.);
#4768 = LINE('',#4769,#4770);
#4769 = CARTESIAN_POINT('',(26.,-80.13,1.55));
#4770 = VECTOR('',#4771,1.);
#4771 = DIRECTION('',(0.,1.,0.));
#4772 = ORIENTED_EDGE('',*,*,#4532,.F.);
#4773 = ORIENTED_EDGE('',*,*,#4774,.F.);
#4774 = EDGE_CURVE('',#4744,#4533,#4775,.T.);
#4775 = LINE('',#4776,#4777);
#4776 = CARTESIAN_POINT('',(26.,-80.13,1.51));
#4777 = VECTOR('',#4778,1.);
#4778 = DIRECTION('',(0.,1.,0.));
#4779 = PLANE('',#4780);
#4780 = AXIS2_PLACEMENT_3D('',#4781,#4782,#4783);
#4781 = CARTESIAN_POINT('',(26.,-80.13,1.51));
#4782 = DIRECTION('',(-1.,0.,0.));
#4783 = DIRECTION('',(0.,1.,0.));
#4784 = ADVANCED_FACE('',(#4785),#4795,.F.);
#4785 = FACE_BOUND('',#4786,.T.);
#4786 = EDGE_LOOP('',(#4787,#4788,#4789,#4790,#4791,#4792,#4793,#4794));
#4787 = ORIENTED_EDGE('',*,*,#4559,.T.);
#4788 = ORIENTED_EDGE('',*,*,#4591,.T.);
#4789 = ORIENTED_EDGE('',*,*,#4623,.T.);
#4790 = ORIENTED_EDGE('',*,*,#4655,.T.);
#4791 = ORIENTED_EDGE('',*,*,#4687,.T.);
#4792 = ORIENTED_EDGE('',*,*,#4719,.T.);
#4793 = ORIENTED_EDGE('',*,*,#4751,.T.);
#4794 = ORIENTED_EDGE('',*,*,#4774,.T.);
#4795 = PLANE('',#4796);
#4796 = AXIS2_PLACEMENT_3D('',#4797,#4798,#4799);
#4797 = CARTESIAN_POINT('',(0.,0.,1.51));
#4798 = DIRECTION('',(0.,0.,1.));
#4799 = DIRECTION('',(1.,0.,-0.));
#4800 = ADVANCED_FACE('',(#4801),#4811,.T.);
#4801 = FACE_BOUND('',#4802,.F.);
#4802 = EDGE_LOOP('',(#4803,#4804,#4805,#4806,#4807,#4808,#4809,#4810));
#4803 = ORIENTED_EDGE('',*,*,#4542,.T.);
#4804 = ORIENTED_EDGE('',*,*,#4575,.T.);
#4805 = ORIENTED_EDGE('',*,*,#4606,.T.);
#4806 = ORIENTED_EDGE('',*,*,#4639,.T.);
#4807 = ORIENTED_EDGE('',*,*,#4670,.T.);
#4808 = ORIENTED_EDGE('',*,*,#4703,.T.);
#4809 = ORIENTED_EDGE('',*,*,#4734,.T.);
#4810 = ORIENTED_EDGE('',*,*,#4767,.T.);
#4811 = PLANE('',#4812);
#4812 = AXIS2_PLACEMENT_3D('',#4813,#4814,#4815);
#4813 = CARTESIAN_POINT('',(0.,0.,1.55));
#4814 = DIRECTION('',(0.,0.,1.));
#4815 = DIRECTION('',(1.,0.,-0.));
#4816 = MANIFOLD_SOLID_BREP('',#4817);
#4817 = CLOSED_SHELL('',(#4818,#4860,#4891,#4924,#4955,#4988,#5019,#5052
    ,#5074,#5090));
#4818 = ADVANCED_FACE('',(#4819),#4855,.T.);
#4819 = FACE_BOUND('',#4820,.T.);
#4820 = EDGE_LOOP('',(#4821,#4831,#4840,#4848));
#4821 = ORIENTED_EDGE('',*,*,#4822,.T.);
#4822 = EDGE_CURVE('',#4823,#4825,#4827,.T.);
#4823 = VERTEX_POINT('',#4824);
#4824 = CARTESIAN_POINT('',(26.,-86.37,1.51));
#4825 = VERTEX_POINT('',#4826);
#4826 = CARTESIAN_POINT('',(26.,-86.37,1.55));
#4827 = LINE('',#4828,#4829);
#4828 = CARTESIAN_POINT('',(26.,-86.37,1.51));
#4829 = VECTOR('',#4830,1.);
#4830 = DIRECTION('',(0.,0.,1.));
#4831 = ORIENTED_EDGE('',*,*,#4832,.T.);
#4832 = EDGE_CURVE('',#4825,#4833,#4835,.T.);
#4833 = VERTEX_POINT('',#4834);
#4834 = CARTESIAN_POINT('',(26.27,-86.1,1.55));
#4835 = CIRCLE('',#4836,0.269999422728);
#4836 = AXIS2_PLACEMENT_3D('',#4837,#4838,#4839);
#4837 = CARTESIAN_POINT('',(26.269999422728,-86.36999942272,1.55));
#4838 = DIRECTION('',(0.,0.,-1.));
#4839 = DIRECTION('',(-0.999999999998,-2.138050821579E-06,-0.));
#4840 = ORIENTED_EDGE('',*,*,#4841,.F.);
#4841 = EDGE_CURVE('',#4842,#4833,#4844,.T.);
#4842 = VERTEX_POINT('',#4843);
#4843 = CARTESIAN_POINT('',(26.27,-86.1,1.51));
#4844 = LINE('',#4845,#4846);
#4845 = CARTESIAN_POINT('',(26.27,-86.1,1.51));
#4846 = VECTOR('',#4847,1.);
#4847 = DIRECTION('',(0.,0.,1.));
#4848 = ORIENTED_EDGE('',*,*,#4849,.F.);
#4849 = EDGE_CURVE('',#4823,#4842,#4850,.T.);
#4850 = CIRCLE('',#4851,0.269999422728);
#4851 = AXIS2_PLACEMENT_3D('',#4852,#4853,#4854);
#4852 = CARTESIAN_POINT('',(26.269999422728,-86.36999942272,1.51));
#4853 = DIRECTION('',(0.,0.,-1.));
#4854 = DIRECTION('',(-0.999999999998,-2.138050821579E-06,-0.));
#4855 = CYLINDRICAL_SURFACE('',#4856,0.269999422728);
#4856 = AXIS2_PLACEMENT_3D('',#4857,#4858,#4859);
#4857 = CARTESIAN_POINT('',(26.269999422728,-86.36999942272,1.51));
#4858 = DIRECTION('',(0.,0.,-1.));
#4859 = DIRECTION('',(-0.999999999998,-2.138050821579E-06,-0.));
#4860 = ADVANCED_FACE('',(#4861),#4886,.T.);
#4861 = FACE_BOUND('',#4862,.T.);
#4862 = EDGE_LOOP('',(#4863,#4864,#4872,#4880));
#4863 = ORIENTED_EDGE('',*,*,#4841,.T.);
#4864 = ORIENTED_EDGE('',*,*,#4865,.T.);
#4865 = EDGE_CURVE('',#4833,#4866,#4868,.T.);
#4866 = VERTEX_POINT('',#4867);
#4867 = CARTESIAN_POINT('',(28.23,-86.1,1.55));
#4868 = LINE('',#4869,#4870);
#4869 = CARTESIAN_POINT('',(26.27,-86.1,1.55));
#4870 = VECTOR('',#4871,1.);
#4871 = DIRECTION('',(1.,0.,0.));
#4872 = ORIENTED_EDGE('',*,*,#4873,.F.);
#4873 = EDGE_CURVE('',#4874,#4866,#4876,.T.);
#4874 = VERTEX_POINT('',#4875);
#4875 = CARTESIAN_POINT('',(28.23,-86.1,1.51));
#4876 = LINE('',#4877,#4878);
#4877 = CARTESIAN_POINT('',(28.23,-86.1,1.51));
#4878 = VECTOR('',#4879,1.);
#4879 = DIRECTION('',(0.,0.,1.));
#4880 = ORIENTED_EDGE('',*,*,#4881,.F.);
#4881 = EDGE_CURVE('',#4842,#4874,#4882,.T.);
#4882 = LINE('',#4883,#4884);
#4883 = CARTESIAN_POINT('',(26.27,-86.1,1.51));
#4884 = VECTOR('',#4885,1.);
#4885 = DIRECTION('',(1.,0.,0.));
#4886 = PLANE('',#4887);
#4887 = AXIS2_PLACEMENT_3D('',#4888,#4889,#4890);
#4888 = CARTESIAN_POINT('',(26.27,-86.1,1.51));
#4889 = DIRECTION('',(0.,1.,0.));
#4890 = DIRECTION('',(1.,0.,0.));
#4891 = ADVANCED_FACE('',(#4892),#4919,.T.);
#4892 = FACE_BOUND('',#4893,.T.);
#4893 = EDGE_LOOP('',(#4894,#4895,#4904,#4912));
#4894 = ORIENTED_EDGE('',*,*,#4873,.T.);
#4895 = ORIENTED_EDGE('',*,*,#4896,.T.);
#4896 = EDGE_CURVE('',#4866,#4897,#4899,.T.);
#4897 = VERTEX_POINT('',#4898);
#4898 = CARTESIAN_POINT('',(28.5,-86.37,1.55));
#4899 = CIRCLE('',#4900,0.269999422728);
#4900 = AXIS2_PLACEMENT_3D('',#4901,#4902,#4903);
#4901 = CARTESIAN_POINT('',(28.230000577272,-86.36999942272,1.55));
#4902 = DIRECTION('',(0.,0.,-1.));
#4903 = DIRECTION('',(-2.138050795262E-06,0.999999999998,0.));
#4904 = ORIENTED_EDGE('',*,*,#4905,.F.);
#4905 = EDGE_CURVE('',#4906,#4897,#4908,.T.);
#4906 = VERTEX_POINT('',#4907);
#4907 = CARTESIAN_POINT('',(28.5,-86.37,1.51));
#4908 = LINE('',#4909,#4910);
#4909 = CARTESIAN_POINT('',(28.5,-86.37,1.51));
#4910 = VECTOR('',#4911,1.);
#4911 = DIRECTION('',(0.,0.,1.));
#4912 = ORIENTED_EDGE('',*,*,#4913,.F.);
#4913 = EDGE_CURVE('',#4874,#4906,#4914,.T.);
#4914 = CIRCLE('',#4915,0.269999422728);
#4915 = AXIS2_PLACEMENT_3D('',#4916,#4917,#4918);
#4916 = CARTESIAN_POINT('',(28.230000577272,-86.36999942272,1.51));
#4917 = DIRECTION('',(0.,0.,-1.));
#4918 = DIRECTION('',(-2.138050795262E-06,0.999999999998,0.));
#4919 = CYLINDRICAL_SURFACE('',#4920,0.269999422728);
#4920 = AXIS2_PLACEMENT_3D('',#4921,#4922,#4923);
#4921 = CARTESIAN_POINT('',(28.230000577272,-86.36999942272,1.51));
#4922 = DIRECTION('',(0.,0.,-1.));
#4923 = DIRECTION('',(-2.138050795262E-06,0.999999999998,0.));
#4924 = ADVANCED_FACE('',(#4925),#4950,.T.);
#4925 = FACE_BOUND('',#4926,.T.);
#4926 = EDGE_LOOP('',(#4927,#4928,#4936,#4944));
#4927 = ORIENTED_EDGE('',*,*,#4905,.T.);
#4928 = ORIENTED_EDGE('',*,*,#4929,.T.);
#4929 = EDGE_CURVE('',#4897,#4930,#4932,.T.);
#4930 = VERTEX_POINT('',#4931);
#4931 = CARTESIAN_POINT('',(28.5,-87.63,1.55));
#4932 = LINE('',#4933,#4934);
#4933 = CARTESIAN_POINT('',(28.5,-86.37,1.55));
#4934 = VECTOR('',#4935,1.);
#4935 = DIRECTION('',(0.,-1.,0.));
#4936 = ORIENTED_EDGE('',*,*,#4937,.F.);
#4937 = EDGE_CURVE('',#4938,#4930,#4940,.T.);
#4938 = VERTEX_POINT('',#4939);
#4939 = CARTESIAN_POINT('',(28.5,-87.63,1.51));
#4940 = LINE('',#4941,#4942);
#4941 = CARTESIAN_POINT('',(28.5,-87.63,1.51));
#4942 = VECTOR('',#4943,1.);
#4943 = DIRECTION('',(0.,0.,1.));
#4944 = ORIENTED_EDGE('',*,*,#4945,.F.);
#4945 = EDGE_CURVE('',#4906,#4938,#4946,.T.);
#4946 = LINE('',#4947,#4948);
#4947 = CARTESIAN_POINT('',(28.5,-86.37,1.51));
#4948 = VECTOR('',#4949,1.);
#4949 = DIRECTION('',(0.,-1.,0.));
#4950 = PLANE('',#4951);
#4951 = AXIS2_PLACEMENT_3D('',#4952,#4953,#4954);
#4952 = CARTESIAN_POINT('',(28.5,-86.37,1.51));
#4953 = DIRECTION('',(1.,0.,-0.));
#4954 = DIRECTION('',(0.,-1.,0.));
#4955 = ADVANCED_FACE('',(#4956),#4983,.T.);
#4956 = FACE_BOUND('',#4957,.T.);
#4957 = EDGE_LOOP('',(#4958,#4959,#4968,#4976));
#4958 = ORIENTED_EDGE('',*,*,#4937,.T.);
#4959 = ORIENTED_EDGE('',*,*,#4960,.T.);
#4960 = EDGE_CURVE('',#4930,#4961,#4963,.T.);
#4961 = VERTEX_POINT('',#4962);
#4962 = CARTESIAN_POINT('',(28.23,-87.9,1.55));
#4963 = CIRCLE('',#4964,0.269999422728);
#4964 = AXIS2_PLACEMENT_3D('',#4965,#4966,#4967);
#4965 = CARTESIAN_POINT('',(28.230000577272,-87.63000057727,1.55));
#4966 = DIRECTION('',(0.,0.,-1.));
#4967 = DIRECTION('',(0.999999999998,2.138050821579E-06,0.));
#4968 = ORIENTED_EDGE('',*,*,#4969,.F.);
#4969 = EDGE_CURVE('',#4970,#4961,#4972,.T.);
#4970 = VERTEX_POINT('',#4971);
#4971 = CARTESIAN_POINT('',(28.23,-87.9,1.51));
#4972 = LINE('',#4973,#4974);
#4973 = CARTESIAN_POINT('',(28.23,-87.9,1.51));
#4974 = VECTOR('',#4975,1.);
#4975 = DIRECTION('',(0.,0.,1.));
#4976 = ORIENTED_EDGE('',*,*,#4977,.F.);
#4977 = EDGE_CURVE('',#4938,#4970,#4978,.T.);
#4978 = CIRCLE('',#4979,0.269999422728);
#4979 = AXIS2_PLACEMENT_3D('',#4980,#4981,#4982);
#4980 = CARTESIAN_POINT('',(28.230000577272,-87.63000057727,1.51));
#4981 = DIRECTION('',(0.,0.,-1.));
#4982 = DIRECTION('',(0.999999999998,2.138050821579E-06,0.));
#4983 = CYLINDRICAL_SURFACE('',#4984,0.269999422728);
#4984 = AXIS2_PLACEMENT_3D('',#4985,#4986,#4987);
#4985 = CARTESIAN_POINT('',(28.230000577272,-87.63000057727,1.51));
#4986 = DIRECTION('',(0.,0.,-1.));
#4987 = DIRECTION('',(0.999999999998,2.138050821579E-06,0.));
#4988 = ADVANCED_FACE('',(#4989),#5014,.T.);
#4989 = FACE_BOUND('',#4990,.T.);
#4990 = EDGE_LOOP('',(#4991,#4992,#5000,#5008));
#4991 = ORIENTED_EDGE('',*,*,#4969,.T.);
#4992 = ORIENTED_EDGE('',*,*,#4993,.T.);
#4993 = EDGE_CURVE('',#4961,#4994,#4996,.T.);
#4994 = VERTEX_POINT('',#4995);
#4995 = CARTESIAN_POINT('',(26.27,-87.9,1.55));
#4996 = LINE('',#4997,#4998);
#4997 = CARTESIAN_POINT('',(28.23,-87.9,1.55));
#4998 = VECTOR('',#4999,1.);
#4999 = DIRECTION('',(-1.,0.,0.));
#5000 = ORIENTED_EDGE('',*,*,#5001,.F.);
#5001 = EDGE_CURVE('',#5002,#4994,#5004,.T.);
#5002 = VERTEX_POINT('',#5003);
#5003 = CARTESIAN_POINT('',(26.27,-87.9,1.51));
#5004 = LINE('',#5005,#5006);
#5005 = CARTESIAN_POINT('',(26.27,-87.9,1.51));
#5006 = VECTOR('',#5007,1.);
#5007 = DIRECTION('',(0.,0.,1.));
#5008 = ORIENTED_EDGE('',*,*,#5009,.F.);
#5009 = EDGE_CURVE('',#4970,#5002,#5010,.T.);
#5010 = LINE('',#5011,#5012);
#5011 = CARTESIAN_POINT('',(28.23,-87.9,1.51));
#5012 = VECTOR('',#5013,1.);
#5013 = DIRECTION('',(-1.,0.,0.));
#5014 = PLANE('',#5015);
#5015 = AXIS2_PLACEMENT_3D('',#5016,#5017,#5018);
#5016 = CARTESIAN_POINT('',(28.23,-87.9,1.51));
#5017 = DIRECTION('',(0.,-1.,0.));
#5018 = DIRECTION('',(-1.,0.,0.));
#5019 = ADVANCED_FACE('',(#5020),#5047,.T.);
#5020 = FACE_BOUND('',#5021,.T.);
#5021 = EDGE_LOOP('',(#5022,#5023,#5032,#5040));
#5022 = ORIENTED_EDGE('',*,*,#5001,.T.);
#5023 = ORIENTED_EDGE('',*,*,#5024,.T.);
#5024 = EDGE_CURVE('',#4994,#5025,#5027,.T.);
#5025 = VERTEX_POINT('',#5026);
#5026 = CARTESIAN_POINT('',(26.,-87.63,1.55));
#5027 = CIRCLE('',#5028,0.269999422728);
#5028 = AXIS2_PLACEMENT_3D('',#5029,#5030,#5031);
#5029 = CARTESIAN_POINT('',(26.269999422728,-87.63000057727,1.55));
#5030 = DIRECTION('',(0.,0.,-1.));
#5031 = DIRECTION('',(2.138050795262E-06,-0.999999999998,0.));
#5032 = ORIENTED_EDGE('',*,*,#5033,.F.);
#5033 = EDGE_CURVE('',#5034,#5025,#5036,.T.);
#5034 = VERTEX_POINT('',#5035);
#5035 = CARTESIAN_POINT('',(26.,-87.63,1.51));
#5036 = LINE('',#5037,#5038);
#5037 = CARTESIAN_POINT('',(26.,-87.63,1.51));
#5038 = VECTOR('',#5039,1.);
#5039 = DIRECTION('',(0.,0.,1.));
#5040 = ORIENTED_EDGE('',*,*,#5041,.F.);
#5041 = EDGE_CURVE('',#5002,#5034,#5042,.T.);
#5042 = CIRCLE('',#5043,0.269999422728);
#5043 = AXIS2_PLACEMENT_3D('',#5044,#5045,#5046);
#5044 = CARTESIAN_POINT('',(26.269999422728,-87.63000057727,1.51));
#5045 = DIRECTION('',(0.,0.,-1.));
#5046 = DIRECTION('',(2.138050795262E-06,-0.999999999998,0.));
#5047 = CYLINDRICAL_SURFACE('',#5048,0.269999422728);
#5048 = AXIS2_PLACEMENT_3D('',#5049,#5050,#5051);
#5049 = CARTESIAN_POINT('',(26.269999422728,-87.63000057727,1.51));
#5050 = DIRECTION('',(0.,0.,-1.));
#5051 = DIRECTION('',(2.138050795262E-06,-0.999999999998,0.));
#5052 = ADVANCED_FACE('',(#5053),#5069,.T.);
#5053 = FACE_BOUND('',#5054,.T.);
#5054 = EDGE_LOOP('',(#5055,#5056,#5062,#5063));
#5055 = ORIENTED_EDGE('',*,*,#5033,.T.);
#5056 = ORIENTED_EDGE('',*,*,#5057,.T.);
#5057 = EDGE_CURVE('',#5025,#4825,#5058,.T.);
#5058 = LINE('',#5059,#5060);
#5059 = CARTESIAN_POINT('',(26.,-87.63,1.55));
#5060 = VECTOR('',#5061,1.);
#5061 = DIRECTION('',(0.,1.,0.));
#5062 = ORIENTED_EDGE('',*,*,#4822,.F.);
#5063 = ORIENTED_EDGE('',*,*,#5064,.F.);
#5064 = EDGE_CURVE('',#5034,#4823,#5065,.T.);
#5065 = LINE('',#5066,#5067);
#5066 = CARTESIAN_POINT('',(26.,-87.63,1.51));
#5067 = VECTOR('',#5068,1.);
#5068 = DIRECTION('',(0.,1.,0.));
#5069 = PLANE('',#5070);
#5070 = AXIS2_PLACEMENT_3D('',#5071,#5072,#5073);
#5071 = CARTESIAN_POINT('',(26.,-87.63,1.51));
#5072 = DIRECTION('',(-1.,0.,0.));
#5073 = DIRECTION('',(0.,1.,0.));
#5074 = ADVANCED_FACE('',(#5075),#5085,.F.);
#5075 = FACE_BOUND('',#5076,.T.);
#5076 = EDGE_LOOP('',(#5077,#5078,#5079,#5080,#5081,#5082,#5083,#5084));
#5077 = ORIENTED_EDGE('',*,*,#4849,.T.);
#5078 = ORIENTED_EDGE('',*,*,#4881,.T.);
#5079 = ORIENTED_EDGE('',*,*,#4913,.T.);
#5080 = ORIENTED_EDGE('',*,*,#4945,.T.);
#5081 = ORIENTED_EDGE('',*,*,#4977,.T.);
#5082 = ORIENTED_EDGE('',*,*,#5009,.T.);
#5083 = ORIENTED_EDGE('',*,*,#5041,.T.);
#5084 = ORIENTED_EDGE('',*,*,#5064,.T.);
#5085 = PLANE('',#5086);
#5086 = AXIS2_PLACEMENT_3D('',#5087,#5088,#5089);
#5087 = CARTESIAN_POINT('',(0.,0.,1.51));
#5088 = DIRECTION('',(0.,0.,1.));
#5089 = DIRECTION('',(1.,0.,-0.));
#5090 = ADVANCED_FACE('',(#5091),#5101,.T.);
#5091 = FACE_BOUND('',#5092,.F.);
#5092 = EDGE_LOOP('',(#5093,#5094,#5095,#5096,#5097,#5098,#5099,#5100));
#5093 = ORIENTED_EDGE('',*,*,#4832,.T.);
#5094 = ORIENTED_EDGE('',*,*,#4865,.T.);
#5095 = ORIENTED_EDGE('',*,*,#4896,.T.);
#5096 = ORIENTED_EDGE('',*,*,#4929,.T.);
#5097 = ORIENTED_EDGE('',*,*,#4960,.T.);
#5098 = ORIENTED_EDGE('',*,*,#4993,.T.);
#5099 = ORIENTED_EDGE('',*,*,#5024,.T.);
#5100 = ORIENTED_EDGE('',*,*,#5057,.T.);
#5101 = PLANE('',#5102);
#5102 = AXIS2_PLACEMENT_3D('',#5103,#5104,#5105);
#5103 = CARTESIAN_POINT('',(0.,0.,1.55));
#5104 = DIRECTION('',(0.,0.,1.));
#5105 = DIRECTION('',(1.,0.,-0.));
#5106 = MANIFOLD_SOLID_BREP('',#5107);
#5107 = CLOSED_SHELL('',(#5108,#5150,#5181,#5214,#5245,#5278,#5309,#5342
    ,#5364,#5380));
#5108 = ADVANCED_FACE('',(#5109),#5145,.T.);
#5109 = FACE_BOUND('',#5110,.T.);
#5110 = EDGE_LOOP('',(#5111,#5121,#5130,#5138));
#5111 = ORIENTED_EDGE('',*,*,#5112,.T.);
#5112 = EDGE_CURVE('',#5113,#5115,#5117,.T.);
#5113 = VERTEX_POINT('',#5114);
#5114 = CARTESIAN_POINT('',(26.,-93.37,1.51));
#5115 = VERTEX_POINT('',#5116);
#5116 = CARTESIAN_POINT('',(26.,-93.37,1.55));
#5117 = LINE('',#5118,#5119);
#5118 = CARTESIAN_POINT('',(26.,-93.37,1.51));
#5119 = VECTOR('',#5120,1.);
#5120 = DIRECTION('',(0.,0.,1.));
#5121 = ORIENTED_EDGE('',*,*,#5122,.T.);
#5122 = EDGE_CURVE('',#5115,#5123,#5125,.T.);
#5123 = VERTEX_POINT('',#5124);
#5124 = CARTESIAN_POINT('',(26.27,-93.1,1.55));
#5125 = CIRCLE('',#5126,0.269999422728);
#5126 = AXIS2_PLACEMENT_3D('',#5127,#5128,#5129);
#5127 = CARTESIAN_POINT('',(26.269999422728,-93.36999942272,1.55));
#5128 = DIRECTION('',(0.,0.,-1.));
#5129 = DIRECTION('',(-0.999999999998,-2.138050821579E-06,-0.));
#5130 = ORIENTED_EDGE('',*,*,#5131,.F.);
#5131 = EDGE_CURVE('',#5132,#5123,#5134,.T.);
#5132 = VERTEX_POINT('',#5133);
#5133 = CARTESIAN_POINT('',(26.27,-93.1,1.51));
#5134 = LINE('',#5135,#5136);
#5135 = CARTESIAN_POINT('',(26.27,-93.1,1.51));
#5136 = VECTOR('',#5137,1.);
#5137 = DIRECTION('',(0.,0.,1.));
#5138 = ORIENTED_EDGE('',*,*,#5139,.F.);
#5139 = EDGE_CURVE('',#5113,#5132,#5140,.T.);
#5140 = CIRCLE('',#5141,0.269999422728);
#5141 = AXIS2_PLACEMENT_3D('',#5142,#5143,#5144);
#5142 = CARTESIAN_POINT('',(26.269999422728,-93.36999942272,1.51));
#5143 = DIRECTION('',(0.,0.,-1.));
#5144 = DIRECTION('',(-0.999999999998,-2.138050821579E-06,-0.));
#5145 = CYLINDRICAL_SURFACE('',#5146,0.269999422728);
#5146 = AXIS2_PLACEMENT_3D('',#5147,#5148,#5149);
#5147 = CARTESIAN_POINT('',(26.269999422728,-93.36999942272,1.51));
#5148 = DIRECTION('',(0.,0.,-1.));
#5149 = DIRECTION('',(-0.999999999998,-2.138050821579E-06,-0.));
#5150 = ADVANCED_FACE('',(#5151),#5176,.T.);
#5151 = FACE_BOUND('',#5152,.T.);
#5152 = EDGE_LOOP('',(#5153,#5154,#5162,#5170));
#5153 = ORIENTED_EDGE('',*,*,#5131,.T.);
#5154 = ORIENTED_EDGE('',*,*,#5155,.T.);
#5155 = EDGE_CURVE('',#5123,#5156,#5158,.T.);
#5156 = VERTEX_POINT('',#5157);
#5157 = CARTESIAN_POINT('',(28.23,-93.1,1.55));
#5158 = LINE('',#5159,#5160);
#5159 = CARTESIAN_POINT('',(26.27,-93.1,1.55));
#5160 = VECTOR('',#5161,1.);
#5161 = DIRECTION('',(1.,0.,0.));
#5162 = ORIENTED_EDGE('',*,*,#5163,.F.);
#5163 = EDGE_CURVE('',#5164,#5156,#5166,.T.);
#5164 = VERTEX_POINT('',#5165);
#5165 = CARTESIAN_POINT('',(28.23,-93.1,1.51));
#5166 = LINE('',#5167,#5168);
#5167 = CARTESIAN_POINT('',(28.23,-93.1,1.51));
#5168 = VECTOR('',#5169,1.);
#5169 = DIRECTION('',(0.,0.,1.));
#5170 = ORIENTED_EDGE('',*,*,#5171,.F.);
#5171 = EDGE_CURVE('',#5132,#5164,#5172,.T.);
#5172 = LINE('',#5173,#5174);
#5173 = CARTESIAN_POINT('',(26.27,-93.1,1.51));
#5174 = VECTOR('',#5175,1.);
#5175 = DIRECTION('',(1.,0.,0.));
#5176 = PLANE('',#5177);
#5177 = AXIS2_PLACEMENT_3D('',#5178,#5179,#5180);
#5178 = CARTESIAN_POINT('',(26.27,-93.1,1.51));
#5179 = DIRECTION('',(0.,1.,0.));
#5180 = DIRECTION('',(1.,0.,0.));
#5181 = ADVANCED_FACE('',(#5182),#5209,.T.);
#5182 = FACE_BOUND('',#5183,.T.);
#5183 = EDGE_LOOP('',(#5184,#5185,#5194,#5202));
#5184 = ORIENTED_EDGE('',*,*,#5163,.T.);
#5185 = ORIENTED_EDGE('',*,*,#5186,.T.);
#5186 = EDGE_CURVE('',#5156,#5187,#5189,.T.);
#5187 = VERTEX_POINT('',#5188);
#5188 = CARTESIAN_POINT('',(28.5,-93.37,1.55));
#5189 = CIRCLE('',#5190,0.269999422728);
#5190 = AXIS2_PLACEMENT_3D('',#5191,#5192,#5193);
#5191 = CARTESIAN_POINT('',(28.230000577272,-93.36999942272,1.55));
#5192 = DIRECTION('',(0.,0.,-1.));
#5193 = DIRECTION('',(-2.138050795262E-06,0.999999999998,0.));
#5194 = ORIENTED_EDGE('',*,*,#5195,.F.);
#5195 = EDGE_CURVE('',#5196,#5187,#5198,.T.);
#5196 = VERTEX_POINT('',#5197);
#5197 = CARTESIAN_POINT('',(28.5,-93.37,1.51));
#5198 = LINE('',#5199,#5200);
#5199 = CARTESIAN_POINT('',(28.5,-93.37,1.51));
#5200 = VECTOR('',#5201,1.);
#5201 = DIRECTION('',(0.,0.,1.));
#5202 = ORIENTED_EDGE('',*,*,#5203,.F.);
#5203 = EDGE_CURVE('',#5164,#5196,#5204,.T.);
#5204 = CIRCLE('',#5205,0.269999422728);
#5205 = AXIS2_PLACEMENT_3D('',#5206,#5207,#5208);
#5206 = CARTESIAN_POINT('',(28.230000577272,-93.36999942272,1.51));
#5207 = DIRECTION('',(0.,0.,-1.));
#5208 = DIRECTION('',(-2.138050795262E-06,0.999999999998,0.));
#5209 = CYLINDRICAL_SURFACE('',#5210,0.269999422728);
#5210 = AXIS2_PLACEMENT_3D('',#5211,#5212,#5213);
#5211 = CARTESIAN_POINT('',(28.230000577272,-93.36999942272,1.51));
#5212 = DIRECTION('',(0.,0.,-1.));
#5213 = DIRECTION('',(-2.138050795262E-06,0.999999999998,0.));
#5214 = ADVANCED_FACE('',(#5215),#5240,.T.);
#5215 = FACE_BOUND('',#5216,.T.);
#5216 = EDGE_LOOP('',(#5217,#5218,#5226,#5234));
#5217 = ORIENTED_EDGE('',*,*,#5195,.T.);
#5218 = ORIENTED_EDGE('',*,*,#5219,.T.);
#5219 = EDGE_CURVE('',#5187,#5220,#5222,.T.);
#5220 = VERTEX_POINT('',#5221);
#5221 = CARTESIAN_POINT('',(28.5,-94.63,1.55));
#5222 = LINE('',#5223,#5224);
#5223 = CARTESIAN_POINT('',(28.5,-93.37,1.55));
#5224 = VECTOR('',#5225,1.);
#5225 = DIRECTION('',(0.,-1.,0.));
#5226 = ORIENTED_EDGE('',*,*,#5227,.F.);
#5227 = EDGE_CURVE('',#5228,#5220,#5230,.T.);
#5228 = VERTEX_POINT('',#5229);
#5229 = CARTESIAN_POINT('',(28.5,-94.63,1.51));
#5230 = LINE('',#5231,#5232);
#5231 = CARTESIAN_POINT('',(28.5,-94.63,1.51));
#5232 = VECTOR('',#5233,1.);
#5233 = DIRECTION('',(0.,0.,1.));
#5234 = ORIENTED_EDGE('',*,*,#5235,.F.);
#5235 = EDGE_CURVE('',#5196,#5228,#5236,.T.);
#5236 = LINE('',#5237,#5238);
#5237 = CARTESIAN_POINT('',(28.5,-93.37,1.51));
#5238 = VECTOR('',#5239,1.);
#5239 = DIRECTION('',(0.,-1.,0.));
#5240 = PLANE('',#5241);
#5241 = AXIS2_PLACEMENT_3D('',#5242,#5243,#5244);
#5242 = CARTESIAN_POINT('',(28.5,-93.37,1.51));
#5243 = DIRECTION('',(1.,0.,-0.));
#5244 = DIRECTION('',(0.,-1.,0.));
#5245 = ADVANCED_FACE('',(#5246),#5273,.T.);
#5246 = FACE_BOUND('',#5247,.T.);
#5247 = EDGE_LOOP('',(#5248,#5249,#5258,#5266));
#5248 = ORIENTED_EDGE('',*,*,#5227,.T.);
#5249 = ORIENTED_EDGE('',*,*,#5250,.T.);
#5250 = EDGE_CURVE('',#5220,#5251,#5253,.T.);
#5251 = VERTEX_POINT('',#5252);
#5252 = CARTESIAN_POINT('',(28.23,-94.9,1.55));
#5253 = CIRCLE('',#5254,0.269999422728);
#5254 = AXIS2_PLACEMENT_3D('',#5255,#5256,#5257);
#5255 = CARTESIAN_POINT('',(28.230000577272,-94.63000057727,1.55));
#5256 = DIRECTION('',(0.,0.,-1.));
#5257 = DIRECTION('',(0.999999999998,2.138050821579E-06,0.));
#5258 = ORIENTED_EDGE('',*,*,#5259,.F.);
#5259 = EDGE_CURVE('',#5260,#5251,#5262,.T.);
#5260 = VERTEX_POINT('',#5261);
#5261 = CARTESIAN_POINT('',(28.23,-94.9,1.51));
#5262 = LINE('',#5263,#5264);
#5263 = CARTESIAN_POINT('',(28.23,-94.9,1.51));
#5264 = VECTOR('',#5265,1.);
#5265 = DIRECTION('',(0.,0.,1.));
#5266 = ORIENTED_EDGE('',*,*,#5267,.F.);
#5267 = EDGE_CURVE('',#5228,#5260,#5268,.T.);
#5268 = CIRCLE('',#5269,0.269999422728);
#5269 = AXIS2_PLACEMENT_3D('',#5270,#5271,#5272);
#5270 = CARTESIAN_POINT('',(28.230000577272,-94.63000057727,1.51));
#5271 = DIRECTION('',(0.,0.,-1.));
#5272 = DIRECTION('',(0.999999999998,2.138050821579E-06,0.));
#5273 = CYLINDRICAL_SURFACE('',#5274,0.269999422728);
#5274 = AXIS2_PLACEMENT_3D('',#5275,#5276,#5277);
#5275 = CARTESIAN_POINT('',(28.230000577272,-94.63000057727,1.51));
#5276 = DIRECTION('',(0.,0.,-1.));
#5277 = DIRECTION('',(0.999999999998,2.138050821579E-06,0.));
#5278 = ADVANCED_FACE('',(#5279),#5304,.T.);
#5279 = FACE_BOUND('',#5280,.T.);
#5280 = EDGE_LOOP('',(#5281,#5282,#5290,#5298));
#5281 = ORIENTED_EDGE('',*,*,#5259,.T.);
#5282 = ORIENTED_EDGE('',*,*,#5283,.T.);
#5283 = EDGE_CURVE('',#5251,#5284,#5286,.T.);
#5284 = VERTEX_POINT('',#5285);
#5285 = CARTESIAN_POINT('',(26.27,-94.9,1.55));
#5286 = LINE('',#5287,#5288);
#5287 = CARTESIAN_POINT('',(28.23,-94.9,1.55));
#5288 = VECTOR('',#5289,1.);
#5289 = DIRECTION('',(-1.,0.,0.));
#5290 = ORIENTED_EDGE('',*,*,#5291,.F.);
#5291 = EDGE_CURVE('',#5292,#5284,#5294,.T.);
#5292 = VERTEX_POINT('',#5293);
#5293 = CARTESIAN_POINT('',(26.27,-94.9,1.51));
#5294 = LINE('',#5295,#5296);
#5295 = CARTESIAN_POINT('',(26.27,-94.9,1.51));
#5296 = VECTOR('',#5297,1.);
#5297 = DIRECTION('',(0.,0.,1.));
#5298 = ORIENTED_EDGE('',*,*,#5299,.F.);
#5299 = EDGE_CURVE('',#5260,#5292,#5300,.T.);
#5300 = LINE('',#5301,#5302);
#5301 = CARTESIAN_POINT('',(28.23,-94.9,1.51));
#5302 = VECTOR('',#5303,1.);
#5303 = DIRECTION('',(-1.,0.,0.));
#5304 = PLANE('',#5305);
#5305 = AXIS2_PLACEMENT_3D('',#5306,#5307,#5308);
#5306 = CARTESIAN_POINT('',(28.23,-94.9,1.51));
#5307 = DIRECTION('',(0.,-1.,0.));
#5308 = DIRECTION('',(-1.,0.,0.));
#5309 = ADVANCED_FACE('',(#5310),#5337,.T.);
#5310 = FACE_BOUND('',#5311,.T.);
#5311 = EDGE_LOOP('',(#5312,#5313,#5322,#5330));
#5312 = ORIENTED_EDGE('',*,*,#5291,.T.);
#5313 = ORIENTED_EDGE('',*,*,#5314,.T.);
#5314 = EDGE_CURVE('',#5284,#5315,#5317,.T.);
#5315 = VERTEX_POINT('',#5316);
#5316 = CARTESIAN_POINT('',(26.,-94.63,1.55));
#5317 = CIRCLE('',#5318,0.269999422728);
#5318 = AXIS2_PLACEMENT_3D('',#5319,#5320,#5321);
#5319 = CARTESIAN_POINT('',(26.269999422728,-94.63000057727,1.55));
#5320 = DIRECTION('',(0.,0.,-1.));
#5321 = DIRECTION('',(2.138050795262E-06,-0.999999999998,0.));
#5322 = ORIENTED_EDGE('',*,*,#5323,.F.);
#5323 = EDGE_CURVE('',#5324,#5315,#5326,.T.);
#5324 = VERTEX_POINT('',#5325);
#5325 = CARTESIAN_POINT('',(26.,-94.63,1.51));
#5326 = LINE('',#5327,#5328);
#5327 = CARTESIAN_POINT('',(26.,-94.63,1.51));
#5328 = VECTOR('',#5329,1.);
#5329 = DIRECTION('',(0.,0.,1.));
#5330 = ORIENTED_EDGE('',*,*,#5331,.F.);
#5331 = EDGE_CURVE('',#5292,#5324,#5332,.T.);
#5332 = CIRCLE('',#5333,0.269999422728);
#5333 = AXIS2_PLACEMENT_3D('',#5334,#5335,#5336);
#5334 = CARTESIAN_POINT('',(26.269999422728,-94.63000057727,1.51));
#5335 = DIRECTION('',(0.,0.,-1.));
#5336 = DIRECTION('',(2.138050795262E-06,-0.999999999998,0.));
#5337 = CYLINDRICAL_SURFACE('',#5338,0.269999422728);
#5338 = AXIS2_PLACEMENT_3D('',#5339,#5340,#5341);
#5339 = CARTESIAN_POINT('',(26.269999422728,-94.63000057727,1.51));
#5340 = DIRECTION('',(0.,0.,-1.));
#5341 = DIRECTION('',(2.138050795262E-06,-0.999999999998,0.));
#5342 = ADVANCED_FACE('',(#5343),#5359,.T.);
#5343 = FACE_BOUND('',#5344,.T.);
#5344 = EDGE_LOOP('',(#5345,#5346,#5352,#5353));
#5345 = ORIENTED_EDGE('',*,*,#5323,.T.);
#5346 = ORIENTED_EDGE('',*,*,#5347,.T.);
#5347 = EDGE_CURVE('',#5315,#5115,#5348,.T.);
#5348 = LINE('',#5349,#5350);
#5349 = CARTESIAN_POINT('',(26.,-94.63,1.55));
#5350 = VECTOR('',#5351,1.);
#5351 = DIRECTION('',(0.,1.,0.));
#5352 = ORIENTED_EDGE('',*,*,#5112,.F.);
#5353 = ORIENTED_EDGE('',*,*,#5354,.F.);
#5354 = EDGE_CURVE('',#5324,#5113,#5355,.T.);
#5355 = LINE('',#5356,#5357);
#5356 = CARTESIAN_POINT('',(26.,-94.63,1.51));
#5357 = VECTOR('',#5358,1.);
#5358 = DIRECTION('',(0.,1.,0.));
#5359 = PLANE('',#5360);
#5360 = AXIS2_PLACEMENT_3D('',#5361,#5362,#5363);
#5361 = CARTESIAN_POINT('',(26.,-94.63,1.51));
#5362 = DIRECTION('',(-1.,0.,0.));
#5363 = DIRECTION('',(0.,1.,0.));
#5364 = ADVANCED_FACE('',(#5365),#5375,.F.);
#5365 = FACE_BOUND('',#5366,.T.);
#5366 = EDGE_LOOP('',(#5367,#5368,#5369,#5370,#5371,#5372,#5373,#5374));
#5367 = ORIENTED_EDGE('',*,*,#5139,.T.);
#5368 = ORIENTED_EDGE('',*,*,#5171,.T.);
#5369 = ORIENTED_EDGE('',*,*,#5203,.T.);
#5370 = ORIENTED_EDGE('',*,*,#5235,.T.);
#5371 = ORIENTED_EDGE('',*,*,#5267,.T.);
#5372 = ORIENTED_EDGE('',*,*,#5299,.T.);
#5373 = ORIENTED_EDGE('',*,*,#5331,.T.);
#5374 = ORIENTED_EDGE('',*,*,#5354,.T.);
#5375 = PLANE('',#5376);
#5376 = AXIS2_PLACEMENT_3D('',#5377,#5378,#5379);
#5377 = CARTESIAN_POINT('',(0.,0.,1.51));
#5378 = DIRECTION('',(0.,0.,1.));
#5379 = DIRECTION('',(1.,0.,-0.));
#5380 = ADVANCED_FACE('',(#5381),#5391,.T.);
#5381 = FACE_BOUND('',#5382,.F.);
#5382 = EDGE_LOOP('',(#5383,#5384,#5385,#5386,#5387,#5388,#5389,#5390));
#5383 = ORIENTED_EDGE('',*,*,#5122,.T.);
#5384 = ORIENTED_EDGE('',*,*,#5155,.T.);
#5385 = ORIENTED_EDGE('',*,*,#5186,.T.);
#5386 = ORIENTED_EDGE('',*,*,#5219,.T.);
#5387 = ORIENTED_EDGE('',*,*,#5250,.T.);
#5388 = ORIENTED_EDGE('',*,*,#5283,.T.);
#5389 = ORIENTED_EDGE('',*,*,#5314,.T.);
#5390 = ORIENTED_EDGE('',*,*,#5347,.T.);
#5391 = PLANE('',#5392);
#5392 = AXIS2_PLACEMENT_3D('',#5393,#5394,#5395);
#5393 = CARTESIAN_POINT('',(0.,0.,1.55));
#5394 = DIRECTION('',(0.,0.,1.));
#5395 = DIRECTION('',(1.,0.,-0.));
#5396 = MANIFOLD_SOLID_BREP('',#5397);
#5397 = CLOSED_SHELL('',(#5398,#5440,#5471,#5504,#5535,#5568,#5599,#5632
    ,#5654,#5670));
#5398 = ADVANCED_FACE('',(#5399),#5435,.T.);
#5399 = FACE_BOUND('',#5400,.T.);
#5400 = EDGE_LOOP('',(#5401,#5411,#5420,#5428));
#5401 = ORIENTED_EDGE('',*,*,#5402,.T.);
#5402 = EDGE_CURVE('',#5403,#5405,#5407,.T.);
#5403 = VERTEX_POINT('',#5404);
#5404 = CARTESIAN_POINT('',(26.,-83.87,1.51));
#5405 = VERTEX_POINT('',#5406);
#5406 = CARTESIAN_POINT('',(26.,-83.87,1.55));
#5407 = LINE('',#5408,#5409);
#5408 = CARTESIAN_POINT('',(26.,-83.87,1.51));
#5409 = VECTOR('',#5410,1.);
#5410 = DIRECTION('',(0.,0.,1.));
#5411 = ORIENTED_EDGE('',*,*,#5412,.T.);
#5412 = EDGE_CURVE('',#5405,#5413,#5415,.T.);
#5413 = VERTEX_POINT('',#5414);
#5414 = CARTESIAN_POINT('',(26.27,-83.6,1.55));
#5415 = CIRCLE('',#5416,0.269999422728);
#5416 = AXIS2_PLACEMENT_3D('',#5417,#5418,#5419);
#5417 = CARTESIAN_POINT('',(26.269999422728,-83.86999942272,1.55));
#5418 = DIRECTION('',(0.,0.,-1.));
#5419 = DIRECTION('',(-0.999999999998,-2.138050821579E-06,-0.));
#5420 = ORIENTED_EDGE('',*,*,#5421,.F.);
#5421 = EDGE_CURVE('',#5422,#5413,#5424,.T.);
#5422 = VERTEX_POINT('',#5423);
#5423 = CARTESIAN_POINT('',(26.27,-83.6,1.51));
#5424 = LINE('',#5425,#5426);
#5425 = CARTESIAN_POINT('',(26.27,-83.6,1.51));
#5426 = VECTOR('',#5427,1.);
#5427 = DIRECTION('',(0.,0.,1.));
#5428 = ORIENTED_EDGE('',*,*,#5429,.F.);
#5429 = EDGE_CURVE('',#5403,#5422,#5430,.T.);
#5430 = CIRCLE('',#5431,0.269999422728);
#5431 = AXIS2_PLACEMENT_3D('',#5432,#5433,#5434);
#5432 = CARTESIAN_POINT('',(26.269999422728,-83.86999942272,1.51));
#5433 = DIRECTION('',(0.,0.,-1.));
#5434 = DIRECTION('',(-0.999999999998,-2.138050821579E-06,-0.));
#5435 = CYLINDRICAL_SURFACE('',#5436,0.269999422728);
#5436 = AXIS2_PLACEMENT_3D('',#5437,#5438,#5439);
#5437 = CARTESIAN_POINT('',(26.269999422728,-83.86999942272,1.51));
#5438 = DIRECTION('',(0.,0.,-1.));
#5439 = DIRECTION('',(-0.999999999998,-2.138050821579E-06,-0.));
#5440 = ADVANCED_FACE('',(#5441),#5466,.T.);
#5441 = FACE_BOUND('',#5442,.T.);
#5442 = EDGE_LOOP('',(#5443,#5444,#5452,#5460));
#5443 = ORIENTED_EDGE('',*,*,#5421,.T.);
#5444 = ORIENTED_EDGE('',*,*,#5445,.T.);
#5445 = EDGE_CURVE('',#5413,#5446,#5448,.T.);
#5446 = VERTEX_POINT('',#5447);
#5447 = CARTESIAN_POINT('',(28.23,-83.6,1.55));
#5448 = LINE('',#5449,#5450);
#5449 = CARTESIAN_POINT('',(26.27,-83.6,1.55));
#5450 = VECTOR('',#5451,1.);
#5451 = DIRECTION('',(1.,0.,0.));
#5452 = ORIENTED_EDGE('',*,*,#5453,.F.);
#5453 = EDGE_CURVE('',#5454,#5446,#5456,.T.);
#5454 = VERTEX_POINT('',#5455);
#5455 = CARTESIAN_POINT('',(28.23,-83.6,1.51));
#5456 = LINE('',#5457,#5458);
#5457 = CARTESIAN_POINT('',(28.23,-83.6,1.51));
#5458 = VECTOR('',#5459,1.);
#5459 = DIRECTION('',(0.,0.,1.));
#5460 = ORIENTED_EDGE('',*,*,#5461,.F.);
#5461 = EDGE_CURVE('',#5422,#5454,#5462,.T.);
#5462 = LINE('',#5463,#5464);
#5463 = CARTESIAN_POINT('',(26.27,-83.6,1.51));
#5464 = VECTOR('',#5465,1.);
#5465 = DIRECTION('',(1.,0.,0.));
#5466 = PLANE('',#5467);
#5467 = AXIS2_PLACEMENT_3D('',#5468,#5469,#5470);
#5468 = CARTESIAN_POINT('',(26.27,-83.6,1.51));
#5469 = DIRECTION('',(0.,1.,0.));
#5470 = DIRECTION('',(1.,0.,0.));
#5471 = ADVANCED_FACE('',(#5472),#5499,.T.);
#5472 = FACE_BOUND('',#5473,.T.);
#5473 = EDGE_LOOP('',(#5474,#5475,#5484,#5492));
#5474 = ORIENTED_EDGE('',*,*,#5453,.T.);
#5475 = ORIENTED_EDGE('',*,*,#5476,.T.);
#5476 = EDGE_CURVE('',#5446,#5477,#5479,.T.);
#5477 = VERTEX_POINT('',#5478);
#5478 = CARTESIAN_POINT('',(28.5,-83.87,1.55));
#5479 = CIRCLE('',#5480,0.269999422728);
#5480 = AXIS2_PLACEMENT_3D('',#5481,#5482,#5483);
#5481 = CARTESIAN_POINT('',(28.230000577272,-83.86999942272,1.55));
#5482 = DIRECTION('',(0.,0.,-1.));
#5483 = DIRECTION('',(-2.138050795262E-06,0.999999999998,0.));
#5484 = ORIENTED_EDGE('',*,*,#5485,.F.);
#5485 = EDGE_CURVE('',#5486,#5477,#5488,.T.);
#5486 = VERTEX_POINT('',#5487);
#5487 = CARTESIAN_POINT('',(28.5,-83.87,1.51));
#5488 = LINE('',#5489,#5490);
#5489 = CARTESIAN_POINT('',(28.5,-83.87,1.51));
#5490 = VECTOR('',#5491,1.);
#5491 = DIRECTION('',(0.,0.,1.));
#5492 = ORIENTED_EDGE('',*,*,#5493,.F.);
#5493 = EDGE_CURVE('',#5454,#5486,#5494,.T.);
#5494 = CIRCLE('',#5495,0.269999422728);
#5495 = AXIS2_PLACEMENT_3D('',#5496,#5497,#5498);
#5496 = CARTESIAN_POINT('',(28.230000577272,-83.86999942272,1.51));
#5497 = DIRECTION('',(0.,0.,-1.));
#5498 = DIRECTION('',(-2.138050795262E-06,0.999999999998,0.));
#5499 = CYLINDRICAL_SURFACE('',#5500,0.269999422728);
#5500 = AXIS2_PLACEMENT_3D('',#5501,#5502,#5503);
#5501 = CARTESIAN_POINT('',(28.230000577272,-83.86999942272,1.51));
#5502 = DIRECTION('',(0.,0.,-1.));
#5503 = DIRECTION('',(-2.138050795262E-06,0.999999999998,0.));
#5504 = ADVANCED_FACE('',(#5505),#5530,.T.);
#5505 = FACE_BOUND('',#5506,.T.);
#5506 = EDGE_LOOP('',(#5507,#5508,#5516,#5524));
#5507 = ORIENTED_EDGE('',*,*,#5485,.T.);
#5508 = ORIENTED_EDGE('',*,*,#5509,.T.);
#5509 = EDGE_CURVE('',#5477,#5510,#5512,.T.);
#5510 = VERTEX_POINT('',#5511);
#5511 = CARTESIAN_POINT('',(28.5,-85.13,1.55));
#5512 = LINE('',#5513,#5514);
#5513 = CARTESIAN_POINT('',(28.5,-83.87,1.55));
#5514 = VECTOR('',#5515,1.);
#5515 = DIRECTION('',(0.,-1.,0.));
#5516 = ORIENTED_EDGE('',*,*,#5517,.F.);
#5517 = EDGE_CURVE('',#5518,#5510,#5520,.T.);
#5518 = VERTEX_POINT('',#5519);
#5519 = CARTESIAN_POINT('',(28.5,-85.13,1.51));
#5520 = LINE('',#5521,#5522);
#5521 = CARTESIAN_POINT('',(28.5,-85.13,1.51));
#5522 = VECTOR('',#5523,1.);
#5523 = DIRECTION('',(0.,0.,1.));
#5524 = ORIENTED_EDGE('',*,*,#5525,.F.);
#5525 = EDGE_CURVE('',#5486,#5518,#5526,.T.);
#5526 = LINE('',#5527,#5528);
#5527 = CARTESIAN_POINT('',(28.5,-83.87,1.51));
#5528 = VECTOR('',#5529,1.);
#5529 = DIRECTION('',(0.,-1.,0.));
#5530 = PLANE('',#5531);
#5531 = AXIS2_PLACEMENT_3D('',#5532,#5533,#5534);
#5532 = CARTESIAN_POINT('',(28.5,-83.87,1.51));
#5533 = DIRECTION('',(1.,0.,-0.));
#5534 = DIRECTION('',(0.,-1.,0.));
#5535 = ADVANCED_FACE('',(#5536),#5563,.T.);
#5536 = FACE_BOUND('',#5537,.T.);
#5537 = EDGE_LOOP('',(#5538,#5539,#5548,#5556));
#5538 = ORIENTED_EDGE('',*,*,#5517,.T.);
#5539 = ORIENTED_EDGE('',*,*,#5540,.T.);
#5540 = EDGE_CURVE('',#5510,#5541,#5543,.T.);
#5541 = VERTEX_POINT('',#5542);
#5542 = CARTESIAN_POINT('',(28.23,-85.4,1.55));
#5543 = CIRCLE('',#5544,0.269999422728);
#5544 = AXIS2_PLACEMENT_3D('',#5545,#5546,#5547);
#5545 = CARTESIAN_POINT('',(28.230000577272,-85.13000057727,1.55));
#5546 = DIRECTION('',(0.,0.,-1.));
#5547 = DIRECTION('',(0.999999999998,2.138050821579E-06,0.));
#5548 = ORIENTED_EDGE('',*,*,#5549,.F.);
#5549 = EDGE_CURVE('',#5550,#5541,#5552,.T.);
#5550 = VERTEX_POINT('',#5551);
#5551 = CARTESIAN_POINT('',(28.23,-85.4,1.51));
#5552 = LINE('',#5553,#5554);
#5553 = CARTESIAN_POINT('',(28.23,-85.4,1.51));
#5554 = VECTOR('',#5555,1.);
#5555 = DIRECTION('',(0.,0.,1.));
#5556 = ORIENTED_EDGE('',*,*,#5557,.F.);
#5557 = EDGE_CURVE('',#5518,#5550,#5558,.T.);
#5558 = CIRCLE('',#5559,0.269999422728);
#5559 = AXIS2_PLACEMENT_3D('',#5560,#5561,#5562);
#5560 = CARTESIAN_POINT('',(28.230000577272,-85.13000057727,1.51));
#5561 = DIRECTION('',(0.,0.,-1.));
#5562 = DIRECTION('',(0.999999999998,2.138050821579E-06,0.));
#5563 = CYLINDRICAL_SURFACE('',#5564,0.269999422728);
#5564 = AXIS2_PLACEMENT_3D('',#5565,#5566,#5567);
#5565 = CARTESIAN_POINT('',(28.230000577272,-85.13000057727,1.51));
#5566 = DIRECTION('',(0.,0.,-1.));
#5567 = DIRECTION('',(0.999999999998,2.138050821579E-06,0.));
#5568 = ADVANCED_FACE('',(#5569),#5594,.T.);
#5569 = FACE_BOUND('',#5570,.T.);
#5570 = EDGE_LOOP('',(#5571,#5572,#5580,#5588));
#5571 = ORIENTED_EDGE('',*,*,#5549,.T.);
#5572 = ORIENTED_EDGE('',*,*,#5573,.T.);
#5573 = EDGE_CURVE('',#5541,#5574,#5576,.T.);
#5574 = VERTEX_POINT('',#5575);
#5575 = CARTESIAN_POINT('',(26.27,-85.4,1.55));
#5576 = LINE('',#5577,#5578);
#5577 = CARTESIAN_POINT('',(28.23,-85.4,1.55));
#5578 = VECTOR('',#5579,1.);
#5579 = DIRECTION('',(-1.,0.,0.));
#5580 = ORIENTED_EDGE('',*,*,#5581,.F.);
#5581 = EDGE_CURVE('',#5582,#5574,#5584,.T.);
#5582 = VERTEX_POINT('',#5583);
#5583 = CARTESIAN_POINT('',(26.27,-85.4,1.51));
#5584 = LINE('',#5585,#5586);
#5585 = CARTESIAN_POINT('',(26.27,-85.4,1.51));
#5586 = VECTOR('',#5587,1.);
#5587 = DIRECTION('',(0.,0.,1.));
#5588 = ORIENTED_EDGE('',*,*,#5589,.F.);
#5589 = EDGE_CURVE('',#5550,#5582,#5590,.T.);
#5590 = LINE('',#5591,#5592);
#5591 = CARTESIAN_POINT('',(28.23,-85.4,1.51));
#5592 = VECTOR('',#5593,1.);
#5593 = DIRECTION('',(-1.,0.,0.));
#5594 = PLANE('',#5595);
#5595 = AXIS2_PLACEMENT_3D('',#5596,#5597,#5598);
#5596 = CARTESIAN_POINT('',(28.23,-85.4,1.51));
#5597 = DIRECTION('',(0.,-1.,0.));
#5598 = DIRECTION('',(-1.,0.,0.));
#5599 = ADVANCED_FACE('',(#5600),#5627,.T.);
#5600 = FACE_BOUND('',#5601,.T.);
#5601 = EDGE_LOOP('',(#5602,#5603,#5612,#5620));
#5602 = ORIENTED_EDGE('',*,*,#5581,.T.);
#5603 = ORIENTED_EDGE('',*,*,#5604,.T.);
#5604 = EDGE_CURVE('',#5574,#5605,#5607,.T.);
#5605 = VERTEX_POINT('',#5606);
#5606 = CARTESIAN_POINT('',(26.,-85.13,1.55));
#5607 = CIRCLE('',#5608,0.269999422728);
#5608 = AXIS2_PLACEMENT_3D('',#5609,#5610,#5611);
#5609 = CARTESIAN_POINT('',(26.269999422728,-85.13000057727,1.55));
#5610 = DIRECTION('',(0.,0.,-1.));
#5611 = DIRECTION('',(2.138050795262E-06,-0.999999999998,0.));
#5612 = ORIENTED_EDGE('',*,*,#5613,.F.);
#5613 = EDGE_CURVE('',#5614,#5605,#5616,.T.);
#5614 = VERTEX_POINT('',#5615);
#5615 = CARTESIAN_POINT('',(26.,-85.13,1.51));
#5616 = LINE('',#5617,#5618);
#5617 = CARTESIAN_POINT('',(26.,-85.13,1.51));
#5618 = VECTOR('',#5619,1.);
#5619 = DIRECTION('',(0.,0.,1.));
#5620 = ORIENTED_EDGE('',*,*,#5621,.F.);
#5621 = EDGE_CURVE('',#5582,#5614,#5622,.T.);
#5622 = CIRCLE('',#5623,0.269999422728);
#5623 = AXIS2_PLACEMENT_3D('',#5624,#5625,#5626);
#5624 = CARTESIAN_POINT('',(26.269999422728,-85.13000057727,1.51));
#5625 = DIRECTION('',(0.,0.,-1.));
#5626 = DIRECTION('',(2.138050795262E-06,-0.999999999998,0.));
#5627 = CYLINDRICAL_SURFACE('',#5628,0.269999422728);
#5628 = AXIS2_PLACEMENT_3D('',#5629,#5630,#5631);
#5629 = CARTESIAN_POINT('',(26.269999422728,-85.13000057727,1.51));
#5630 = DIRECTION('',(0.,0.,-1.));
#5631 = DIRECTION('',(2.138050795262E-06,-0.999999999998,0.));
#5632 = ADVANCED_FACE('',(#5633),#5649,.T.);
#5633 = FACE_BOUND('',#5634,.T.);
#5634 = EDGE_LOOP('',(#5635,#5636,#5642,#5643));
#5635 = ORIENTED_EDGE('',*,*,#5613,.T.);
#5636 = ORIENTED_EDGE('',*,*,#5637,.T.);
#5637 = EDGE_CURVE('',#5605,#5405,#5638,.T.);
#5638 = LINE('',#5639,#5640);
#5639 = CARTESIAN_POINT('',(26.,-85.13,1.55));
#5640 = VECTOR('',#5641,1.);
#5641 = DIRECTION('',(0.,1.,0.));
#5642 = ORIENTED_EDGE('',*,*,#5402,.F.);
#5643 = ORIENTED_EDGE('',*,*,#5644,.F.);
#5644 = EDGE_CURVE('',#5614,#5403,#5645,.T.);
#5645 = LINE('',#5646,#5647);
#5646 = CARTESIAN_POINT('',(26.,-85.13,1.51));
#5647 = VECTOR('',#5648,1.);
#5648 = DIRECTION('',(0.,1.,0.));
#5649 = PLANE('',#5650);
#5650 = AXIS2_PLACEMENT_3D('',#5651,#5652,#5653);
#5651 = CARTESIAN_POINT('',(26.,-85.13,1.51));
#5652 = DIRECTION('',(-1.,0.,0.));
#5653 = DIRECTION('',(0.,1.,0.));
#5654 = ADVANCED_FACE('',(#5655),#5665,.F.);
#5655 = FACE_BOUND('',#5656,.T.);
#5656 = EDGE_LOOP('',(#5657,#5658,#5659,#5660,#5661,#5662,#5663,#5664));
#5657 = ORIENTED_EDGE('',*,*,#5429,.T.);
#5658 = ORIENTED_EDGE('',*,*,#5461,.T.);
#5659 = ORIENTED_EDGE('',*,*,#5493,.T.);
#5660 = ORIENTED_EDGE('',*,*,#5525,.T.);
#5661 = ORIENTED_EDGE('',*,*,#5557,.T.);
#5662 = ORIENTED_EDGE('',*,*,#5589,.T.);
#5663 = ORIENTED_EDGE('',*,*,#5621,.T.);
#5664 = ORIENTED_EDGE('',*,*,#5644,.T.);
#5665 = PLANE('',#5666);
#5666 = AXIS2_PLACEMENT_3D('',#5667,#5668,#5669);
#5667 = CARTESIAN_POINT('',(0.,0.,1.51));
#5668 = DIRECTION('',(0.,0.,1.));
#5669 = DIRECTION('',(1.,0.,-0.));
#5670 = ADVANCED_FACE('',(#5671),#5681,.T.);
#5671 = FACE_BOUND('',#5672,.F.);
#5672 = EDGE_LOOP('',(#5673,#5674,#5675,#5676,#5677,#5678,#5679,#5680));
#5673 = ORIENTED_EDGE('',*,*,#5412,.T.);
#5674 = ORIENTED_EDGE('',*,*,#5445,.T.);
#5675 = ORIENTED_EDGE('',*,*,#5476,.T.);
#5676 = ORIENTED_EDGE('',*,*,#5509,.T.);
#5677 = ORIENTED_EDGE('',*,*,#5540,.T.);
#5678 = ORIENTED_EDGE('',*,*,#5573,.T.);
#5679 = ORIENTED_EDGE('',*,*,#5604,.T.);
#5680 = ORIENTED_EDGE('',*,*,#5637,.T.);
#5681 = PLANE('',#5682);
#5682 = AXIS2_PLACEMENT_3D('',#5683,#5684,#5685);
#5683 = CARTESIAN_POINT('',(0.,0.,1.55));
#5684 = DIRECTION('',(0.,0.,1.));
#5685 = DIRECTION('',(1.,0.,-0.));
#5686 = ( GEOMETRIC_REPRESENTATION_CONTEXT(3) 
GLOBAL_UNCERTAINTY_ASSIGNED_CONTEXT((#5690)) 
GLOBAL_UNIT_ASSIGNED_CONTEXT((#5687,#5688,#5689)) REPRESENTATION_CONTEXT
('Context #1','3D Context with UNIT and UNCERTAINTY') );
#5687 = ( LENGTH_UNIT() NAMED_UNIT(*) SI_UNIT(.MILLI.,.METRE.) );
#5688 = ( NAMED_UNIT(*) PLANE_ANGLE_UNIT() SI_UNIT($,.RADIAN.) );
#5689 = ( NAMED_UNIT(*) SI_UNIT($,.STERADIAN.) SOLID_ANGLE_UNIT() );
#5690 = UNCERTAINTY_MEASURE_WITH_UNIT(LENGTH_MEASURE(1.E-07),#5687,
  'distance_accuracy_value','confusion accuracy');
#5691 = CONTEXT_DEPENDENT_SHAPE_REPRESENTATION(#5692,#5694);
#5692 = ( REPRESENTATION_RELATIONSHIP('','',#783,#10) 
REPRESENTATION_RELATIONSHIP_WITH_TRANSFORMATION(#5693) 
SHAPE_REPRESENTATION_RELATIONSHIP() );
#5693 = ITEM_DEFINED_TRANSFORMATION('','',#11,#19);
#5694 = PRODUCT_DEFINITION_SHAPE('Placement','Placement of an item',
  #5695);
#5695 = NEXT_ASSEMBLY_USAGE_OCCURRENCE('2','=>[0:1:1:3]','',#5,#778,$);
#5696 = PRODUCT_RELATED_PRODUCT_CATEGORY('part',$,(#780));
#5697 = SHAPE_DEFINITION_REPRESENTATION(#5698,#5704);
#5698 = PRODUCT_DEFINITION_SHAPE('','',#5699);
#5699 = PRODUCT_DEFINITION('design','',#5700,#5703);
#5700 = PRODUCT_DEFINITION_FORMATION('','',#5701);
#5701 = PRODUCT('endcap_silkscreen','endcap_silkscreen','',(#5702));
#5702 = PRODUCT_CONTEXT('',#2,'mechanical');
#5703 = PRODUCT_DEFINITION_CONTEXT('part definition',#2,'design');
#5704 = SHAPE_REPRESENTATION('',(#11,#5705,#5839),#5966);
#5705 = SHELL_BASED_SURFACE_MODEL('',(#5706));
#5706 = OPEN_SHELL('',(#5707));
#5707 = ADVANCED_FACE('',(#5708),#5834,.T.);
#5708 = FACE_BOUND('',#5709,.F.);
#5709 = EDGE_LOOP('',(#5710,#5721,#5729,#5737,#5745,#5754,#5762,#5770,
    #5779,#5787,#5796,#5804,#5812,#5820,#5828));
#5710 = ORIENTED_EDGE('',*,*,#5711,.T.);
#5711 = EDGE_CURVE('',#5712,#5714,#5716,.T.);
#5712 = VERTEX_POINT('',#5713);
#5713 = CARTESIAN_POINT('',(30.456992,-82.24164,1.585));
#5714 = VERTEX_POINT('',#5715);
#5715 = CARTESIAN_POINT('',(30.551587,-82.215734,1.585));
#5716 = CIRCLE('',#5717,4.999982421472E-02);
#5717 = AXIS2_PLACEMENT_3D('',#5718,#5719,#5720);
#5718 = CARTESIAN_POINT('',(30.506865994877,-82.23809499555,1.585));
#5719 = DIRECTION('',(0.,0.,-1.));
#5720 = DIRECTION('',(-0.9974834044,-7.090033812382E-02,-0.));
#5721 = ORIENTED_EDGE('',*,*,#5722,.T.);
#5722 = EDGE_CURVE('',#5714,#5723,#5725,.T.);
#5723 = VERTEX_POINT('',#5724);
#5724 = CARTESIAN_POINT('',(30.595578,-82.303716,1.585));
#5725 = LINE('',#5726,#5727);
#5726 = CARTESIAN_POINT('',(30.551587,-82.215734,1.585));
#5727 = VECTOR('',#5728,1.);
#5728 = DIRECTION('',(0.4472135955,-0.894427191,0.));
#5729 = ORIENTED_EDGE('',*,*,#5730,.T.);
#5730 = EDGE_CURVE('',#5723,#5731,#5733,.T.);
#5731 = VERTEX_POINT('',#5732);
#5732 = CARTESIAN_POINT('',(30.681574,-82.389712,1.585));
#5733 = LINE('',#5734,#5735);
#5734 = CARTESIAN_POINT('',(30.595578,-82.303716,1.585));
#5735 = VECTOR('',#5736,1.);
#5736 = DIRECTION('',(0.707106781187,-0.707106781187,0.));
#5737 = ORIENTED_EDGE('',*,*,#5738,.T.);
#5738 = EDGE_CURVE('',#5731,#5739,#5741,.T.);
#5739 = VERTEX_POINT('',#5740);
#5740 = CARTESIAN_POINT('',(30.820315,-82.482207,1.585));
#5741 = LINE('',#5742,#5743);
#5742 = CARTESIAN_POINT('',(30.681574,-82.389712,1.585));
#5743 = VECTOR('',#5744,1.);
#5744 = DIRECTION('',(0.832047526422,-0.554704348076,0.));
#5745 = ORIENTED_EDGE('',*,*,#5746,.T.);
#5746 = EDGE_CURVE('',#5739,#5747,#5749,.T.);
#5747 = VERTEX_POINT('',#5748);
#5748 = CARTESIAN_POINT('',(30.79258,-82.573809,1.585));
#5749 = CIRCLE('',#5750,4.999972133288E-02);
#5750 = AXIS2_PLACEMENT_3D('',#5751,#5752,#5753);
#5751 = CARTESIAN_POINT('',(30.792580138489,-82.52380927866,1.585));
#5752 = DIRECTION('',(0.,0.,-1.));
#5753 = DIRECTION('',(0.554700321762,0.832050210647,0.));
#5754 = ORIENTED_EDGE('',*,*,#5755,.T.);
#5755 = EDGE_CURVE('',#5747,#5756,#5758,.T.);
#5756 = VERTEX_POINT('',#5757);
#5757 = CARTESIAN_POINT('',(29.84258,-82.573809,1.585));
#5758 = LINE('',#5759,#5760);
#5759 = CARTESIAN_POINT('',(30.79258,-82.573809,1.585));
#5760 = VECTOR('',#5761,1.);
#5761 = DIRECTION('',(-1.,0.,0.));
#5762 = ORIENTED_EDGE('',*,*,#5763,.T.);
#5763 = EDGE_CURVE('',#5756,#5764,#5766,.T.);
#5764 = VERTEX_POINT('',#5765);
#5765 = CARTESIAN_POINT('',(29.84258,-82.809523,1.585));
#5766 = LINE('',#5767,#5768);
#5767 = CARTESIAN_POINT('',(29.84258,-82.573809,1.585));
#5768 = VECTOR('',#5769,1.);
#5769 = DIRECTION('',(0.,-1.,0.));
#5770 = ORIENTED_EDGE('',*,*,#5771,.T.);
#5771 = EDGE_CURVE('',#5764,#5772,#5774,.T.);
#5772 = VERTEX_POINT('',#5773);
#5773 = CARTESIAN_POINT('',(29.74258,-82.809523,1.585));
#5774 = CIRCLE('',#5775,5.000000000003E-02);
#5775 = AXIS2_PLACEMENT_3D('',#5776,#5777,#5778);
#5776 = CARTESIAN_POINT('',(29.79258,-82.80952295228,1.585));
#5777 = DIRECTION('',(-0.,0.,-1.));
#5778 = DIRECTION('',(1.,-9.54236725192E-07,-0.));
#5779 = ORIENTED_EDGE('',*,*,#5780,.T.);
#5780 = EDGE_CURVE('',#5772,#5781,#5783,.T.);
#5781 = VERTEX_POINT('',#5782);
#5782 = CARTESIAN_POINT('',(29.74258,-82.238095,1.585));
#5783 = LINE('',#5784,#5785);
#5784 = CARTESIAN_POINT('',(29.74258,-82.809523,1.585));
#5785 = VECTOR('',#5786,1.);
#5786 = DIRECTION('',(0.,1.,0.));
#5787 = ORIENTED_EDGE('',*,*,#5788,.T.);
#5788 = EDGE_CURVE('',#5781,#5789,#5791,.T.);
#5789 = VERTEX_POINT('',#5790);
#5790 = CARTESIAN_POINT('',(29.84258,-82.238095,1.585));
#5791 = CIRCLE('',#5792,5.000000000003E-02);
#5792 = AXIS2_PLACEMENT_3D('',#5793,#5794,#5795);
#5793 = CARTESIAN_POINT('',(29.79258,-82.23809504771,1.585));
#5794 = DIRECTION('',(0.,0.,-1.));
#5795 = DIRECTION('',(-1.,9.54236725192E-07,0.));
#5796 = ORIENTED_EDGE('',*,*,#5797,.T.);
#5797 = EDGE_CURVE('',#5789,#5798,#5800,.T.);
#5798 = VERTEX_POINT('',#5799);
#5799 = CARTESIAN_POINT('',(29.84258,-82.473809,1.585));
#5800 = LINE('',#5801,#5802);
#5801 = CARTESIAN_POINT('',(29.84258,-82.238095,1.585));
#5802 = VECTOR('',#5803,1.);
#5803 = DIRECTION('',(0.,-1.,0.));
#5804 = ORIENTED_EDGE('',*,*,#5805,.T.);
#5805 = EDGE_CURVE('',#5798,#5806,#5808,.T.);
#5806 = VERTEX_POINT('',#5807);
#5807 = CARTESIAN_POINT('',(30.627441,-82.473809,1.585));
#5808 = LINE('',#5809,#5810);
#5809 = CARTESIAN_POINT('',(29.84258,-82.473809,1.585));
#5810 = VECTOR('',#5811,1.);
#5811 = DIRECTION('',(1.,0.,0.));
#5812 = ORIENTED_EDGE('',*,*,#5813,.T.);
#5813 = EDGE_CURVE('',#5806,#5814,#5816,.T.);
#5814 = VERTEX_POINT('',#5815);
#5815 = CARTESIAN_POINT('',(30.509763,-82.355693,1.585));
#5816 = LINE('',#5817,#5818);
#5817 = CARTESIAN_POINT('',(30.627441,-82.473809,1.585));
#5818 = VECTOR('',#5819,1.);
#5819 = DIRECTION('',(-0.705792074752,0.708419047752,0.));
#5820 = ORIENTED_EDGE('',*,*,#5821,.T.);
#5821 = EDGE_CURVE('',#5814,#5822,#5824,.T.);
#5822 = VERTEX_POINT('',#5823);
#5823 = CARTESIAN_POINT('',(30.462145,-82.260456,1.585));
#5824 = LINE('',#5825,#5826);
#5825 = CARTESIAN_POINT('',(30.509763,-82.355693,1.585));
#5826 = VECTOR('',#5827,1.);
#5827 = DIRECTION('',(-0.447209838851,0.894429069315,0.));
#5828 = ORIENTED_EDGE('',*,*,#5829,.T.);
#5829 = EDGE_CURVE('',#5822,#5712,#5830,.T.);
#5830 = LINE('',#5831,#5832);
#5831 = CARTESIAN_POINT('',(30.462145,-82.260456,1.585));
#5832 = VECTOR('',#5833,1.);
#5833 = DIRECTION('',(-0.26413652018,0.964485302484,0.));
#5834 = PLANE('',#5835);
#5835 = AXIS2_PLACEMENT_3D('',#5836,#5837,#5838);
#5836 = CARTESIAN_POINT('',(0.,0.,1.585));
#5837 = DIRECTION('',(0.,0.,1.));
#5838 = DIRECTION('',(1.,0.,-0.));
#5839 = SHELL_BASED_SURFACE_MODEL('',(#5840));
#5840 = OPEN_SHELL('',(#5841));
#5841 = ADVANCED_FACE('',(#5842),#5961,.T.);
#5842 = FACE_BOUND('',#5843,.F.);
#5843 = EDGE_LOOP('',(#5844,#5854,#5862,#5871,#5879,#5888,#5896,#5905,
    #5913,#5922,#5930,#5938,#5946,#5955));
#5844 = ORIENTED_EDGE('',*,*,#5845,.T.);
#5845 = EDGE_CURVE('',#5846,#5848,#5850,.T.);
#5846 = VERTEX_POINT('',#5847);
#5847 = CARTESIAN_POINT('',(29.865458,-81.240993,1.585));
#5848 = VERTEX_POINT('',#5849);
#5849 = CARTESIAN_POINT('',(29.971784,-81.190337,1.585));
#5850 = LINE('',#5851,#5852);
#5851 = CARTESIAN_POINT('',(29.865458,-81.240993,1.585));
#5852 = VECTOR('',#5853,1.);
#5853 = DIRECTION('',(0.902779519658,0.430103637378,0.));
#5854 = ORIENTED_EDGE('',*,*,#5855,.T.);
#5855 = EDGE_CURVE('',#5848,#5856,#5858,.T.);
#5856 = VERTEX_POINT('',#5857);
#5857 = CARTESIAN_POINT('',(30.79258,-81.188095,1.585));
#5858 = LINE('',#5859,#5860);
#5859 = CARTESIAN_POINT('',(29.971784,-81.190337,1.585));
#5860 = VECTOR('',#5861,1.);
#5861 = DIRECTION('',(0.999996269489,2.731484602983E-03,0.));
#5862 = ORIENTED_EDGE('',*,*,#5863,.T.);
#5863 = EDGE_CURVE('',#5856,#5864,#5866,.T.);
#5864 = VERTEX_POINT('',#5865);
#5865 = CARTESIAN_POINT('',(30.79258,-81.288095,1.585));
#5866 = CIRCLE('',#5867,5.000000000002E-02);
#5867 = AXIS2_PLACEMENT_3D('',#5868,#5869,#5870);
#5868 = CARTESIAN_POINT('',(30.792579952288,-81.238095,1.585));
#5869 = DIRECTION('',(0.,0.,-1.));
#5870 = DIRECTION('',(9.542362278122E-07,1.,0.));
#5871 = ORIENTED_EDGE('',*,*,#5872,.T.);
#5872 = EDGE_CURVE('',#5864,#5873,#5875,.T.);
#5873 = VERTEX_POINT('',#5874);
#5874 = CARTESIAN_POINT('',(29.994861,-81.288095,1.585));
#5875 = LINE('',#5876,#5877);
#5876 = CARTESIAN_POINT('',(30.79258,-81.288095,1.585));
#5877 = VECTOR('',#5878,1.);
#5878 = DIRECTION('',(-1.,0.,0.));
#5879 = ORIENTED_EDGE('',*,*,#5880,.T.);
#5880 = EDGE_CURVE('',#5873,#5881,#5883,.T.);
#5881 = VERTEX_POINT('',#5882);
#5882 = CARTESIAN_POINT('',(29.84258,-81.440374,1.585));
#5883 = CIRCLE('',#5884,0.215063031663);
#5884 = AXIS2_PLACEMENT_3D('',#5885,#5886,#5887);
#5885 = CARTESIAN_POINT('',(30.050358361586,-81.49587409049,1.585));
#5886 = DIRECTION('',(0.,0.,1.));
#5887 = DIRECTION('',(-0.258051610067,0.966131133202,0.));
#5888 = ORIENTED_EDGE('',*,*,#5889,.T.);
#5889 = EDGE_CURVE('',#5881,#5890,#5892,.T.);
#5890 = VERTEX_POINT('',#5891);
#5891 = CARTESIAN_POINT('',(29.84258,-81.607243,1.585));
#5892 = LINE('',#5893,#5894);
#5893 = CARTESIAN_POINT('',(29.84258,-81.440374,1.585));
#5894 = VECTOR('',#5895,1.);
#5895 = DIRECTION('',(0.,-1.,0.));
#5896 = ORIENTED_EDGE('',*,*,#5897,.T.);
#5897 = EDGE_CURVE('',#5890,#5898,#5900,.T.);
#5898 = VERTEX_POINT('',#5899);
#5899 = CARTESIAN_POINT('',(29.994861,-81.759523,1.585));
#5900 = CIRCLE('',#5901,0.215063792962);
#5901 = AXIS2_PLACEMENT_3D('',#5902,#5903,#5904);
#5902 = CARTESIAN_POINT('',(30.050359271096,-81.55174336445,1.585));
#5903 = DIRECTION('',(0.,0.,1.));
#5904 = DIRECTION('',(-0.966128552996,-0.258061270024,0.));
#5905 = ORIENTED_EDGE('',*,*,#5906,.T.);
#5906 = EDGE_CURVE('',#5898,#5907,#5909,.T.);
#5907 = VERTEX_POINT('',#5908);
#5908 = CARTESIAN_POINT('',(30.79258,-81.759523,1.585));
#5909 = LINE('',#5910,#5911);
#5910 = CARTESIAN_POINT('',(29.994861,-81.759523,1.585));
#5911 = VECTOR('',#5912,1.);
#5912 = DIRECTION('',(1.,0.,0.));
#5913 = ORIENTED_EDGE('',*,*,#5914,.T.);
#5914 = EDGE_CURVE('',#5907,#5915,#5917,.T.);
#5915 = VERTEX_POINT('',#5916);
#5916 = CARTESIAN_POINT('',(30.79258,-81.859523,1.585));
#5917 = CIRCLE('',#5918,5.000000000002E-02);
#5918 = AXIS2_PLACEMENT_3D('',#5919,#5920,#5921);
#5919 = CARTESIAN_POINT('',(30.792579952288,-81.809523,1.585));
#5920 = DIRECTION('',(0.,0.,-1.));
#5921 = DIRECTION('',(9.54236440975E-07,1.,0.));
#5922 = ORIENTED_EDGE('',*,*,#5923,.T.);
#5923 = EDGE_CURVE('',#5915,#5924,#5926,.T.);
#5924 = VERTEX_POINT('',#5925);
#5925 = CARTESIAN_POINT('',(29.971784,-81.85728,1.585));
#5926 = LINE('',#5927,#5928);
#5927 = CARTESIAN_POINT('',(30.79258,-81.859523,1.585));
#5928 = VECTOR('',#5929,1.);
#5929 = DIRECTION('',(-0.99999626616,2.732702918863E-03,0.));
#5930 = ORIENTED_EDGE('',*,*,#5931,.T.);
#5931 = EDGE_CURVE('',#5924,#5932,#5934,.T.);
#5932 = VERTEX_POINT('',#5933);
#5933 = CARTESIAN_POINT('',(29.852463,-81.797259,1.585));
#5934 = LINE('',#5935,#5936);
#5935 = CARTESIAN_POINT('',(29.971784,-81.85728,1.585));
#5936 = VECTOR('',#5937,1.);
#5937 = DIRECTION('',(-0.893344973043,0.449371515718,0.));
#5938 = ORIENTED_EDGE('',*,*,#5939,.T.);
#5939 = EDGE_CURVE('',#5932,#5940,#5942,.T.);
#5940 = VERTEX_POINT('',#5941);
#5941 = CARTESIAN_POINT('',(29.795479,-81.736646,1.585));
#5942 = LINE('',#5943,#5944);
#5943 = CARTESIAN_POINT('',(29.852463,-81.797259,1.585));
#5944 = VECTOR('',#5945,1.);
#5945 = DIRECTION('',(-0.684959655317,0.72858099796,0.));
#5946 = ORIENTED_EDGE('',*,*,#5947,.T.);
#5947 = EDGE_CURVE('',#5940,#5948,#5950,.T.);
#5948 = VERTEX_POINT('',#5949);
#5949 = CARTESIAN_POINT('',(29.804845,-81.297978,1.585));
#5950 = CIRCLE('',#5951,0.375843268046);
#5951 = AXIS2_PLACEMENT_3D('',#5952,#5953,#5954);
#5952 = CARTESIAN_POINT('',(30.105262628067,-81.52382620318,1.585));
#5953 = DIRECTION('',(0.,0.,-1.));
#5954 = DIRECTION('',(-0.824236202708,-0.566246132124,-0.));
#5955 = ORIENTED_EDGE('',*,*,#5956,.T.);
#5956 = EDGE_CURVE('',#5948,#5846,#5957,.T.);
#5957 = LINE('',#5958,#5959);
#5958 = CARTESIAN_POINT('',(29.804845,-81.297978,1.585));
#5959 = VECTOR('',#5960,1.);
#5960 = DIRECTION('',(0.728574999312,0.68496603593,0.));
#5961 = PLANE('',#5962);
#5962 = AXIS2_PLACEMENT_3D('',#5963,#5964,#5965);
#5963 = CARTESIAN_POINT('',(0.,0.,1.585));
#5964 = DIRECTION('',(0.,0.,1.));
#5965 = DIRECTION('',(1.,0.,-0.));
#5966 = ( GEOMETRIC_REPRESENTATION_CONTEXT(3) 
GLOBAL_UNCERTAINTY_ASSIGNED_CONTEXT((#5970)) 
GLOBAL_UNIT_ASSIGNED_CONTEXT((#5967,#5968,#5969)) REPRESENTATION_CONTEXT
('Context #1','3D Context with UNIT and UNCERTAINTY') );
#5967 = ( LENGTH_UNIT() NAMED_UNIT(*) SI_UNIT(.MILLI.,.METRE.) );
#5968 = ( NAMED_UNIT(*) PLANE_ANGLE_UNIT() SI_UNIT($,.RADIAN.) );
#5969 = ( NAMED_UNIT(*) SI_UNIT($,.STERADIAN.) SOLID_ANGLE_UNIT() );
#5970 = UNCERTAINTY_MEASURE_WITH_UNIT(LENGTH_MEASURE(1.E-07),#5967,
  'distance_accuracy_value','confusion accuracy');
#5971 = CONTEXT_DEPENDENT_SHAPE_REPRESENTATION(#5972,#5974);
#5972 = ( REPRESENTATION_RELATIONSHIP('','',#5704,#10) 
REPRESENTATION_RELATIONSHIP_WITH_TRANSFORMATION(#5973) 
SHAPE_REPRESENTATION_RELATIONSHIP() );
#5973 = ITEM_DEFINED_TRANSFORMATION('','',#11,#23);
#5974 = PRODUCT_DEFINITION_SHAPE('Placement','Placement of an item',
  #5975);
#5975 = NEXT_ASSEMBLY_USAGE_OCCURRENCE('3','=>[0:1:1:4]','',#5,#5699,$);
#5976 = PRODUCT_RELATED_PRODUCT_CATEGORY('part',$,(#5701));
#5977 = SHAPE_DEFINITION_REPRESENTATION(#5978,#5984);
#5978 = PRODUCT_DEFINITION_SHAPE('','',#5979);
#5979 = PRODUCT_DEFINITION('design','',#5980,#5983);
#5980 = PRODUCT_DEFINITION_FORMATION('','',#5981);
#5981 = PRODUCT('endcap_soldermask','endcap_soldermask','',(#5982));
#5982 = PRODUCT_CONTEXT('',#2,'mechanical');
#5983 = PRODUCT_DEFINITION_CONTEXT('part definition',#2,'design');
#5984 = MANIFOLD_SURFACE_SHAPE_REPRESENTATION('',(#11,#5985),#7165);
#5985 = SHELL_BASED_SURFACE_MODEL('',(#5986));
#5986 = OPEN_SHELL('',(#5987));
#5987 = ADVANCED_FACE('',(#5988,#6022,#6033,#6044,#6114,#6184,#6254,
    #6324,#6394,#6405,#6416,#6486,#6556,#6626,#6696,#6766,#6777,#6788,
    #6858,#6928,#6998,#7068,#7138,#7149),#7160,.T.);
#5988 = FACE_BOUND('',#5989,.F.);
#5989 = EDGE_LOOP('',(#5990,#6000,#6008,#6016));
#5990 = ORIENTED_EDGE('',*,*,#5991,.T.);
#5991 = EDGE_CURVE('',#5992,#5994,#5996,.T.);
#5992 = VERTEX_POINT('',#5993);
#5993 = CARTESIAN_POINT('',(25.,-175.,1.56));
#5994 = VERTEX_POINT('',#5995);
#5995 = CARTESIAN_POINT('',(25.,-25.,1.56));
#5996 = LINE('',#5997,#5998);
#5997 = CARTESIAN_POINT('',(25.,-175.,1.56));
#5998 = VECTOR('',#5999,1.);
#5999 = DIRECTION('',(0.,1.,0.));
#6000 = ORIENTED_EDGE('',*,*,#6001,.T.);
#6001 = EDGE_CURVE('',#5994,#6002,#6004,.T.);
#6002 = VERTEX_POINT('',#6003);
#6003 = CARTESIAN_POINT('',(35.,-25.,1.56));
#6004 = LINE('',#6005,#6006);
#6005 = CARTESIAN_POINT('',(25.,-25.,1.56));
#6006 = VECTOR('',#6007,1.);
#6007 = DIRECTION('',(1.,0.,0.));
#6008 = ORIENTED_EDGE('',*,*,#6009,.T.);
#6009 = EDGE_CURVE('',#6002,#6010,#6012,.T.);
#6010 = VERTEX_POINT('',#6011);
#6011 = CARTESIAN_POINT('',(35.,-175.,1.56));
#6012 = LINE('',#6013,#6014);
#6013 = CARTESIAN_POINT('',(35.,-25.,1.56));
#6014 = VECTOR('',#6015,1.);
#6015 = DIRECTION('',(0.,-1.,0.));
#6016 = ORIENTED_EDGE('',*,*,#6017,.T.);
#6017 = EDGE_CURVE('',#6010,#5992,#6018,.T.);
#6018 = LINE('',#6019,#6020);
#6019 = CARTESIAN_POINT('',(35.,-175.,1.56));
#6020 = VECTOR('',#6021,1.);
#6021 = DIRECTION('',(-1.,0.,0.));
#6022 = FACE_BOUND('',#6023,.F.);
#6023 = EDGE_LOOP('',(#6024));
#6024 = ORIENTED_EDGE('',*,*,#6025,.T.);
#6025 = EDGE_CURVE('',#6026,#6026,#6028,.T.);
#6026 = VERTEX_POINT('',#6027);
#6027 = CARTESIAN_POINT('',(33.199999,-171.,1.56));
#6028 = CIRCLE('',#6029,3.199999);
#6029 = AXIS2_PLACEMENT_3D('',#6030,#6031,#6032);
#6030 = CARTESIAN_POINT('',(30.,-171.,1.56));
#6031 = DIRECTION('',(0.,0.,1.));
#6032 = DIRECTION('',(1.,0.,-0.));
#6033 = FACE_BOUND('',#6034,.F.);
#6034 = EDGE_LOOP('',(#6035));
#6035 = ORIENTED_EDGE('',*,*,#6036,.T.);
#6036 = EDGE_CURVE('',#6037,#6037,#6039,.T.);
#6037 = VERTEX_POINT('',#6038);
#6038 = CARTESIAN_POINT('',(27.25,-122.45,1.56));
#6039 = CIRCLE('',#6040,0.35);
#6040 = AXIS2_PLACEMENT_3D('',#6041,#6042,#6043);
#6041 = CARTESIAN_POINT('',(26.9,-122.45,1.56));
#6042 = DIRECTION('',(0.,0.,1.));
#6043 = DIRECTION('',(1.,0.,-0.));
#6044 = FACE_BOUND('',#6045,.F.);
#6045 = EDGE_LOOP('',(#6046,#6057,#6065,#6074,#6082,#6091,#6099,#6108));
#6046 = ORIENTED_EDGE('',*,*,#6047,.T.);
#6047 = EDGE_CURVE('',#6048,#6050,#6052,.T.);
#6048 = VERTEX_POINT('',#6049);
#6049 = CARTESIAN_POINT('',(28.5,-120.37,1.56));
#6050 = VERTEX_POINT('',#6051);
#6051 = CARTESIAN_POINT('',(28.23,-120.1,1.56));
#6052 = CIRCLE('',#6053,0.269999422728);
#6053 = AXIS2_PLACEMENT_3D('',#6054,#6055,#6056);
#6054 = CARTESIAN_POINT('',(28.230000577272,-120.3699994227,1.56));
#6055 = DIRECTION('',(0.,0.,1.));
#6056 = DIRECTION('',(0.999999999998,-2.138050821579E-06,0.));
#6057 = ORIENTED_EDGE('',*,*,#6058,.T.);
#6058 = EDGE_CURVE('',#6050,#6059,#6061,.T.);
#6059 = VERTEX_POINT('',#6060);
#6060 = CARTESIAN_POINT('',(26.27,-120.1,1.56));
#6061 = LINE('',#6062,#6063);
#6062 = CARTESIAN_POINT('',(28.23,-120.1,1.56));
#6063 = VECTOR('',#6064,1.);
#6064 = DIRECTION('',(-1.,0.,0.));
#6065 = ORIENTED_EDGE('',*,*,#6066,.T.);
#6066 = EDGE_CURVE('',#6059,#6067,#6069,.T.);
#6067 = VERTEX_POINT('',#6068);
#6068 = CARTESIAN_POINT('',(26.,-120.37,1.56));
#6069 = CIRCLE('',#6070,0.269999422728);
#6070 = AXIS2_PLACEMENT_3D('',#6071,#6072,#6073);
#6071 = CARTESIAN_POINT('',(26.269999422728,-120.3699994227,1.56));
#6072 = DIRECTION('',(0.,0.,1.));
#6073 = DIRECTION('',(2.138050795262E-06,0.999999999998,-0.));
#6074 = ORIENTED_EDGE('',*,*,#6075,.T.);
#6075 = EDGE_CURVE('',#6067,#6076,#6078,.T.);
#6076 = VERTEX_POINT('',#6077);
#6077 = CARTESIAN_POINT('',(26.,-121.63,1.56));
#6078 = LINE('',#6079,#6080);
#6079 = CARTESIAN_POINT('',(26.,-120.37,1.56));
#6080 = VECTOR('',#6081,1.);
#6081 = DIRECTION('',(0.,-1.,0.));
#6082 = ORIENTED_EDGE('',*,*,#6083,.T.);
#6083 = EDGE_CURVE('',#6076,#6084,#6086,.T.);
#6084 = VERTEX_POINT('',#6085);
#6085 = CARTESIAN_POINT('',(26.27,-121.9,1.56));
#6086 = CIRCLE('',#6087,0.269999422728);
#6087 = AXIS2_PLACEMENT_3D('',#6088,#6089,#6090);
#6088 = CARTESIAN_POINT('',(26.269999422728,-121.6300005772,1.56));
#6089 = DIRECTION('',(0.,0.,1.));
#6090 = DIRECTION('',(-0.999999999998,2.138050821579E-06,0.));
#6091 = ORIENTED_EDGE('',*,*,#6092,.T.);
#6092 = EDGE_CURVE('',#6084,#6093,#6095,.T.);
#6093 = VERTEX_POINT('',#6094);
#6094 = CARTESIAN_POINT('',(28.23,-121.9,1.56));
#6095 = LINE('',#6096,#6097);
#6096 = CARTESIAN_POINT('',(26.27,-121.9,1.56));
#6097 = VECTOR('',#6098,1.);
#6098 = DIRECTION('',(1.,0.,0.));
#6099 = ORIENTED_EDGE('',*,*,#6100,.T.);
#6100 = EDGE_CURVE('',#6093,#6101,#6103,.T.);
#6101 = VERTEX_POINT('',#6102);
#6102 = CARTESIAN_POINT('',(28.5,-121.63,1.56));
#6103 = CIRCLE('',#6104,0.269999422728);
#6104 = AXIS2_PLACEMENT_3D('',#6105,#6106,#6107);
#6105 = CARTESIAN_POINT('',(28.230000577272,-121.6300005772,1.56));
#6106 = DIRECTION('',(0.,0.,1.));
#6107 = DIRECTION('',(-2.138050795262E-06,-0.999999999998,0.));
#6108 = ORIENTED_EDGE('',*,*,#6109,.T.);
#6109 = EDGE_CURVE('',#6101,#6048,#6110,.T.);
#6110 = LINE('',#6111,#6112);
#6111 = CARTESIAN_POINT('',(28.5,-121.63,1.56));
#6112 = VECTOR('',#6113,1.);
#6113 = DIRECTION('',(0.,1.,0.));
#6114 = FACE_BOUND('',#6115,.F.);
#6115 = EDGE_LOOP('',(#6116,#6127,#6135,#6144,#6152,#6161,#6169,#6178));
#6116 = ORIENTED_EDGE('',*,*,#6117,.T.);
#6117 = EDGE_CURVE('',#6118,#6120,#6122,.T.);
#6118 = VERTEX_POINT('',#6119);
#6119 = CARTESIAN_POINT('',(28.5,-117.87,1.56));
#6120 = VERTEX_POINT('',#6121);
#6121 = CARTESIAN_POINT('',(28.23,-117.6,1.56));
#6122 = CIRCLE('',#6123,0.269999422728);
#6123 = AXIS2_PLACEMENT_3D('',#6124,#6125,#6126);
#6124 = CARTESIAN_POINT('',(28.230000577272,-117.8699994227,1.56));
#6125 = DIRECTION('',(0.,0.,1.));
#6126 = DIRECTION('',(0.999999999998,-2.138050821579E-06,0.));
#6127 = ORIENTED_EDGE('',*,*,#6128,.T.);
#6128 = EDGE_CURVE('',#6120,#6129,#6131,.T.);
#6129 = VERTEX_POINT('',#6130);
#6130 = CARTESIAN_POINT('',(26.27,-117.6,1.56));
#6131 = LINE('',#6132,#6133);
#6132 = CARTESIAN_POINT('',(28.23,-117.6,1.56));
#6133 = VECTOR('',#6134,1.);
#6134 = DIRECTION('',(-1.,0.,0.));
#6135 = ORIENTED_EDGE('',*,*,#6136,.T.);
#6136 = EDGE_CURVE('',#6129,#6137,#6139,.T.);
#6137 = VERTEX_POINT('',#6138);
#6138 = CARTESIAN_POINT('',(26.,-117.87,1.56));
#6139 = CIRCLE('',#6140,0.269999422728);
#6140 = AXIS2_PLACEMENT_3D('',#6141,#6142,#6143);
#6141 = CARTESIAN_POINT('',(26.269999422728,-117.8699994227,1.56));
#6142 = DIRECTION('',(0.,0.,1.));
#6143 = DIRECTION('',(2.138050795262E-06,0.999999999998,-0.));
#6144 = ORIENTED_EDGE('',*,*,#6145,.T.);
#6145 = EDGE_CURVE('',#6137,#6146,#6148,.T.);
#6146 = VERTEX_POINT('',#6147);
#6147 = CARTESIAN_POINT('',(26.,-119.13,1.56));
#6148 = LINE('',#6149,#6150);
#6149 = CARTESIAN_POINT('',(26.,-117.87,1.56));
#6150 = VECTOR('',#6151,1.);
#6151 = DIRECTION('',(0.,-1.,0.));
#6152 = ORIENTED_EDGE('',*,*,#6153,.T.);
#6153 = EDGE_CURVE('',#6146,#6154,#6156,.T.);
#6154 = VERTEX_POINT('',#6155);
#6155 = CARTESIAN_POINT('',(26.27,-119.4,1.56));
#6156 = CIRCLE('',#6157,0.269999422728);
#6157 = AXIS2_PLACEMENT_3D('',#6158,#6159,#6160);
#6158 = CARTESIAN_POINT('',(26.269999422728,-119.1300005772,1.56));
#6159 = DIRECTION('',(0.,0.,1.));
#6160 = DIRECTION('',(-0.999999999998,2.138050821579E-06,0.));
#6161 = ORIENTED_EDGE('',*,*,#6162,.T.);
#6162 = EDGE_CURVE('',#6154,#6163,#6165,.T.);
#6163 = VERTEX_POINT('',#6164);
#6164 = CARTESIAN_POINT('',(28.23,-119.4,1.56));
#6165 = LINE('',#6166,#6167);
#6166 = CARTESIAN_POINT('',(26.27,-119.4,1.56));
#6167 = VECTOR('',#6168,1.);
#6168 = DIRECTION('',(1.,0.,0.));
#6169 = ORIENTED_EDGE('',*,*,#6170,.T.);
#6170 = EDGE_CURVE('',#6163,#6171,#6173,.T.);
#6171 = VERTEX_POINT('',#6172);
#6172 = CARTESIAN_POINT('',(28.5,-119.13,1.56));
#6173 = CIRCLE('',#6174,0.269999422728);
#6174 = AXIS2_PLACEMENT_3D('',#6175,#6176,#6177);
#6175 = CARTESIAN_POINT('',(28.230000577272,-119.1300005772,1.56));
#6176 = DIRECTION('',(0.,0.,1.));
#6177 = DIRECTION('',(-2.138050795262E-06,-0.999999999998,0.));
#6178 = ORIENTED_EDGE('',*,*,#6179,.T.);
#6179 = EDGE_CURVE('',#6171,#6118,#6180,.T.);
#6180 = LINE('',#6181,#6182);
#6181 = CARTESIAN_POINT('',(28.5,-119.13,1.56));
#6182 = VECTOR('',#6183,1.);
#6183 = DIRECTION('',(0.,1.,0.));
#6184 = FACE_BOUND('',#6185,.F.);
#6185 = EDGE_LOOP('',(#6186,#6197,#6205,#6214,#6222,#6231,#6239,#6248));
#6186 = ORIENTED_EDGE('',*,*,#6187,.T.);
#6187 = EDGE_CURVE('',#6188,#6190,#6192,.T.);
#6188 = VERTEX_POINT('',#6189);
#6189 = CARTESIAN_POINT('',(28.5,-115.37,1.56));
#6190 = VERTEX_POINT('',#6191);
#6191 = CARTESIAN_POINT('',(28.23,-115.1,1.56));
#6192 = CIRCLE('',#6193,0.269999422728);
#6193 = AXIS2_PLACEMENT_3D('',#6194,#6195,#6196);
#6194 = CARTESIAN_POINT('',(28.230000577272,-115.3699994227,1.56));
#6195 = DIRECTION('',(0.,0.,1.));
#6196 = DIRECTION('',(0.999999999998,-2.138050821579E-06,0.));
#6197 = ORIENTED_EDGE('',*,*,#6198,.T.);
#6198 = EDGE_CURVE('',#6190,#6199,#6201,.T.);
#6199 = VERTEX_POINT('',#6200);
#6200 = CARTESIAN_POINT('',(26.27,-115.1,1.56));
#6201 = LINE('',#6202,#6203);
#6202 = CARTESIAN_POINT('',(28.23,-115.1,1.56));
#6203 = VECTOR('',#6204,1.);
#6204 = DIRECTION('',(-1.,0.,0.));
#6205 = ORIENTED_EDGE('',*,*,#6206,.T.);
#6206 = EDGE_CURVE('',#6199,#6207,#6209,.T.);
#6207 = VERTEX_POINT('',#6208);
#6208 = CARTESIAN_POINT('',(26.,-115.37,1.56));
#6209 = CIRCLE('',#6210,0.269999422728);
#6210 = AXIS2_PLACEMENT_3D('',#6211,#6212,#6213);
#6211 = CARTESIAN_POINT('',(26.269999422728,-115.3699994227,1.56));
#6212 = DIRECTION('',(0.,0.,1.));
#6213 = DIRECTION('',(2.138050795262E-06,0.999999999998,-0.));
#6214 = ORIENTED_EDGE('',*,*,#6215,.T.);
#6215 = EDGE_CURVE('',#6207,#6216,#6218,.T.);
#6216 = VERTEX_POINT('',#6217);
#6217 = CARTESIAN_POINT('',(26.,-116.63,1.56));
#6218 = LINE('',#6219,#6220);
#6219 = CARTESIAN_POINT('',(26.,-115.37,1.56));
#6220 = VECTOR('',#6221,1.);
#6221 = DIRECTION('',(0.,-1.,0.));
#6222 = ORIENTED_EDGE('',*,*,#6223,.T.);
#6223 = EDGE_CURVE('',#6216,#6224,#6226,.T.);
#6224 = VERTEX_POINT('',#6225);
#6225 = CARTESIAN_POINT('',(26.27,-116.9,1.56));
#6226 = CIRCLE('',#6227,0.269999422728);
#6227 = AXIS2_PLACEMENT_3D('',#6228,#6229,#6230);
#6228 = CARTESIAN_POINT('',(26.269999422728,-116.6300005772,1.56));
#6229 = DIRECTION('',(0.,0.,1.));
#6230 = DIRECTION('',(-0.999999999998,2.138050821579E-06,0.));
#6231 = ORIENTED_EDGE('',*,*,#6232,.T.);
#6232 = EDGE_CURVE('',#6224,#6233,#6235,.T.);
#6233 = VERTEX_POINT('',#6234);
#6234 = CARTESIAN_POINT('',(28.23,-116.9,1.56));
#6235 = LINE('',#6236,#6237);
#6236 = CARTESIAN_POINT('',(26.27,-116.9,1.56));
#6237 = VECTOR('',#6238,1.);
#6238 = DIRECTION('',(1.,0.,0.));
#6239 = ORIENTED_EDGE('',*,*,#6240,.T.);
#6240 = EDGE_CURVE('',#6233,#6241,#6243,.T.);
#6241 = VERTEX_POINT('',#6242);
#6242 = CARTESIAN_POINT('',(28.5,-116.63,1.56));
#6243 = CIRCLE('',#6244,0.269999422728);
#6244 = AXIS2_PLACEMENT_3D('',#6245,#6246,#6247);
#6245 = CARTESIAN_POINT('',(28.230000577272,-116.6300005772,1.56));
#6246 = DIRECTION('',(0.,0.,1.));
#6247 = DIRECTION('',(-2.138050795262E-06,-0.999999999998,0.));
#6248 = ORIENTED_EDGE('',*,*,#6249,.T.);
#6249 = EDGE_CURVE('',#6241,#6188,#6250,.T.);
#6250 = LINE('',#6251,#6252);
#6251 = CARTESIAN_POINT('',(28.5,-116.63,1.56));
#6252 = VECTOR('',#6253,1.);
#6253 = DIRECTION('',(0.,1.,0.));
#6254 = FACE_BOUND('',#6255,.F.);
#6255 = EDGE_LOOP('',(#6256,#6267,#6275,#6284,#6292,#6301,#6309,#6318));
#6256 = ORIENTED_EDGE('',*,*,#6257,.T.);
#6257 = EDGE_CURVE('',#6258,#6260,#6262,.T.);
#6258 = VERTEX_POINT('',#6259);
#6259 = CARTESIAN_POINT('',(28.5,-112.87,1.56));
#6260 = VERTEX_POINT('',#6261);
#6261 = CARTESIAN_POINT('',(28.23,-112.6,1.56));
#6262 = CIRCLE('',#6263,0.269999422728);
#6263 = AXIS2_PLACEMENT_3D('',#6264,#6265,#6266);
#6264 = CARTESIAN_POINT('',(28.230000577272,-112.8699994227,1.56));
#6265 = DIRECTION('',(0.,0.,1.));
#6266 = DIRECTION('',(0.999999999998,-2.138050821579E-06,0.));
#6267 = ORIENTED_EDGE('',*,*,#6268,.T.);
#6268 = EDGE_CURVE('',#6260,#6269,#6271,.T.);
#6269 = VERTEX_POINT('',#6270);
#6270 = CARTESIAN_POINT('',(26.27,-112.6,1.56));
#6271 = LINE('',#6272,#6273);
#6272 = CARTESIAN_POINT('',(28.23,-112.6,1.56));
#6273 = VECTOR('',#6274,1.);
#6274 = DIRECTION('',(-1.,0.,0.));
#6275 = ORIENTED_EDGE('',*,*,#6276,.T.);
#6276 = EDGE_CURVE('',#6269,#6277,#6279,.T.);
#6277 = VERTEX_POINT('',#6278);
#6278 = CARTESIAN_POINT('',(26.,-112.87,1.56));
#6279 = CIRCLE('',#6280,0.269999422728);
#6280 = AXIS2_PLACEMENT_3D('',#6281,#6282,#6283);
#6281 = CARTESIAN_POINT('',(26.269999422728,-112.8699994227,1.56));
#6282 = DIRECTION('',(0.,0.,1.));
#6283 = DIRECTION('',(2.138050795262E-06,0.999999999998,-0.));
#6284 = ORIENTED_EDGE('',*,*,#6285,.T.);
#6285 = EDGE_CURVE('',#6277,#6286,#6288,.T.);
#6286 = VERTEX_POINT('',#6287);
#6287 = CARTESIAN_POINT('',(26.,-114.13,1.56));
#6288 = LINE('',#6289,#6290);
#6289 = CARTESIAN_POINT('',(26.,-112.87,1.56));
#6290 = VECTOR('',#6291,1.);
#6291 = DIRECTION('',(0.,-1.,0.));
#6292 = ORIENTED_EDGE('',*,*,#6293,.T.);
#6293 = EDGE_CURVE('',#6286,#6294,#6296,.T.);
#6294 = VERTEX_POINT('',#6295);
#6295 = CARTESIAN_POINT('',(26.27,-114.4,1.56));
#6296 = CIRCLE('',#6297,0.269999422728);
#6297 = AXIS2_PLACEMENT_3D('',#6298,#6299,#6300);
#6298 = CARTESIAN_POINT('',(26.269999422728,-114.1300005772,1.56));
#6299 = DIRECTION('',(0.,0.,1.));
#6300 = DIRECTION('',(-0.999999999998,2.138050821579E-06,0.));
#6301 = ORIENTED_EDGE('',*,*,#6302,.T.);
#6302 = EDGE_CURVE('',#6294,#6303,#6305,.T.);
#6303 = VERTEX_POINT('',#6304);
#6304 = CARTESIAN_POINT('',(28.23,-114.4,1.56));
#6305 = LINE('',#6306,#6307);
#6306 = CARTESIAN_POINT('',(26.27,-114.4,1.56));
#6307 = VECTOR('',#6308,1.);
#6308 = DIRECTION('',(1.,0.,0.));
#6309 = ORIENTED_EDGE('',*,*,#6310,.T.);
#6310 = EDGE_CURVE('',#6303,#6311,#6313,.T.);
#6311 = VERTEX_POINT('',#6312);
#6312 = CARTESIAN_POINT('',(28.5,-114.13,1.56));
#6313 = CIRCLE('',#6314,0.269999422728);
#6314 = AXIS2_PLACEMENT_3D('',#6315,#6316,#6317);
#6315 = CARTESIAN_POINT('',(28.230000577272,-114.1300005772,1.56));
#6316 = DIRECTION('',(0.,0.,1.));
#6317 = DIRECTION('',(-2.138050795262E-06,-0.999999999998,0.));
#6318 = ORIENTED_EDGE('',*,*,#6319,.T.);
#6319 = EDGE_CURVE('',#6311,#6258,#6320,.T.);
#6320 = LINE('',#6321,#6322);
#6321 = CARTESIAN_POINT('',(28.5,-114.13,1.56));
#6322 = VECTOR('',#6323,1.);
#6323 = DIRECTION('',(0.,1.,0.));
#6324 = FACE_BOUND('',#6325,.F.);
#6325 = EDGE_LOOP('',(#6326,#6337,#6345,#6354,#6362,#6371,#6379,#6388));
#6326 = ORIENTED_EDGE('',*,*,#6327,.T.);
#6327 = EDGE_CURVE('',#6328,#6330,#6332,.T.);
#6328 = VERTEX_POINT('',#6329);
#6329 = CARTESIAN_POINT('',(28.5,-110.37,1.56));
#6330 = VERTEX_POINT('',#6331);
#6331 = CARTESIAN_POINT('',(28.23,-110.1,1.56));
#6332 = CIRCLE('',#6333,0.269999422728);
#6333 = AXIS2_PLACEMENT_3D('',#6334,#6335,#6336);
#6334 = CARTESIAN_POINT('',(28.230000577272,-110.3699994227,1.56));
#6335 = DIRECTION('',(0.,0.,1.));
#6336 = DIRECTION('',(0.999999999998,-2.138050821579E-06,0.));
#6337 = ORIENTED_EDGE('',*,*,#6338,.T.);
#6338 = EDGE_CURVE('',#6330,#6339,#6341,.T.);
#6339 = VERTEX_POINT('',#6340);
#6340 = CARTESIAN_POINT('',(26.27,-110.1,1.56));
#6341 = LINE('',#6342,#6343);
#6342 = CARTESIAN_POINT('',(28.23,-110.1,1.56));
#6343 = VECTOR('',#6344,1.);
#6344 = DIRECTION('',(-1.,0.,0.));
#6345 = ORIENTED_EDGE('',*,*,#6346,.T.);
#6346 = EDGE_CURVE('',#6339,#6347,#6349,.T.);
#6347 = VERTEX_POINT('',#6348);
#6348 = CARTESIAN_POINT('',(26.,-110.37,1.56));
#6349 = CIRCLE('',#6350,0.269999422728);
#6350 = AXIS2_PLACEMENT_3D('',#6351,#6352,#6353);
#6351 = CARTESIAN_POINT('',(26.269999422728,-110.3699994227,1.56));
#6352 = DIRECTION('',(0.,0.,1.));
#6353 = DIRECTION('',(2.138050795262E-06,0.999999999998,-0.));
#6354 = ORIENTED_EDGE('',*,*,#6355,.T.);
#6355 = EDGE_CURVE('',#6347,#6356,#6358,.T.);
#6356 = VERTEX_POINT('',#6357);
#6357 = CARTESIAN_POINT('',(26.,-111.63,1.56));
#6358 = LINE('',#6359,#6360);
#6359 = CARTESIAN_POINT('',(26.,-110.37,1.56));
#6360 = VECTOR('',#6361,1.);
#6361 = DIRECTION('',(0.,-1.,0.));
#6362 = ORIENTED_EDGE('',*,*,#6363,.T.);
#6363 = EDGE_CURVE('',#6356,#6364,#6366,.T.);
#6364 = VERTEX_POINT('',#6365);
#6365 = CARTESIAN_POINT('',(26.27,-111.9,1.56));
#6366 = CIRCLE('',#6367,0.269999422728);
#6367 = AXIS2_PLACEMENT_3D('',#6368,#6369,#6370);
#6368 = CARTESIAN_POINT('',(26.269999422728,-111.6300005772,1.56));
#6369 = DIRECTION('',(0.,0.,1.));
#6370 = DIRECTION('',(-0.999999999998,2.138050821579E-06,0.));
#6371 = ORIENTED_EDGE('',*,*,#6372,.T.);
#6372 = EDGE_CURVE('',#6364,#6373,#6375,.T.);
#6373 = VERTEX_POINT('',#6374);
#6374 = CARTESIAN_POINT('',(28.23,-111.9,1.56));
#6375 = LINE('',#6376,#6377);
#6376 = CARTESIAN_POINT('',(26.27,-111.9,1.56));
#6377 = VECTOR('',#6378,1.);
#6378 = DIRECTION('',(1.,0.,0.));
#6379 = ORIENTED_EDGE('',*,*,#6380,.T.);
#6380 = EDGE_CURVE('',#6373,#6381,#6383,.T.);
#6381 = VERTEX_POINT('',#6382);
#6382 = CARTESIAN_POINT('',(28.5,-111.63,1.56));
#6383 = CIRCLE('',#6384,0.269999422728);
#6384 = AXIS2_PLACEMENT_3D('',#6385,#6386,#6387);
#6385 = CARTESIAN_POINT('',(28.230000577272,-111.6300005772,1.56));
#6386 = DIRECTION('',(0.,0.,1.));
#6387 = DIRECTION('',(-2.138050795262E-06,-0.999999999998,0.));
#6388 = ORIENTED_EDGE('',*,*,#6389,.T.);
#6389 = EDGE_CURVE('',#6381,#6328,#6390,.T.);
#6390 = LINE('',#6391,#6392);
#6391 = CARTESIAN_POINT('',(28.5,-111.63,1.56));
#6392 = VECTOR('',#6393,1.);
#6393 = DIRECTION('',(0.,1.,0.));
#6394 = FACE_BOUND('',#6395,.F.);
#6395 = EDGE_LOOP('',(#6396));
#6396 = ORIENTED_EDGE('',*,*,#6397,.T.);
#6397 = EDGE_CURVE('',#6398,#6398,#6400,.T.);
#6398 = VERTEX_POINT('',#6399);
#6399 = CARTESIAN_POINT('',(27.25,-109.55,1.56));
#6400 = CIRCLE('',#6401,0.35);
#6401 = AXIS2_PLACEMENT_3D('',#6402,#6403,#6404);
#6402 = CARTESIAN_POINT('',(26.9,-109.55,1.56));
#6403 = DIRECTION('',(0.,0.,1.));
#6404 = DIRECTION('',(1.,0.,-0.));
#6405 = FACE_BOUND('',#6406,.F.);
#6406 = EDGE_LOOP('',(#6407));
#6407 = ORIENTED_EDGE('',*,*,#6408,.T.);
#6408 = EDGE_CURVE('',#6409,#6409,#6411,.T.);
#6409 = VERTEX_POINT('',#6410);
#6410 = CARTESIAN_POINT('',(27.25,-105.45,1.56));
#6411 = CIRCLE('',#6412,0.35);
#6412 = AXIS2_PLACEMENT_3D('',#6413,#6414,#6415);
#6413 = CARTESIAN_POINT('',(26.9,-105.45,1.56));
#6414 = DIRECTION('',(0.,0.,1.));
#6415 = DIRECTION('',(1.,0.,-0.));
#6416 = FACE_BOUND('',#6417,.F.);
#6417 = EDGE_LOOP('',(#6418,#6429,#6437,#6446,#6454,#6463,#6471,#6480));
#6418 = ORIENTED_EDGE('',*,*,#6419,.T.);
#6419 = EDGE_CURVE('',#6420,#6422,#6424,.T.);
#6420 = VERTEX_POINT('',#6421);
#6421 = CARTESIAN_POINT('',(28.5,-103.37,1.56));
#6422 = VERTEX_POINT('',#6423);
#6423 = CARTESIAN_POINT('',(28.23,-103.1,1.56));
#6424 = CIRCLE('',#6425,0.269999422728);
#6425 = AXIS2_PLACEMENT_3D('',#6426,#6427,#6428);
#6426 = CARTESIAN_POINT('',(28.230000577272,-103.3699994227,1.56));
#6427 = DIRECTION('',(0.,0.,1.));
#6428 = DIRECTION('',(0.999999999998,-2.138050821579E-06,0.));
#6429 = ORIENTED_EDGE('',*,*,#6430,.T.);
#6430 = EDGE_CURVE('',#6422,#6431,#6433,.T.);
#6431 = VERTEX_POINT('',#6432);
#6432 = CARTESIAN_POINT('',(26.27,-103.1,1.56));
#6433 = LINE('',#6434,#6435);
#6434 = CARTESIAN_POINT('',(28.23,-103.1,1.56));
#6435 = VECTOR('',#6436,1.);
#6436 = DIRECTION('',(-1.,0.,0.));
#6437 = ORIENTED_EDGE('',*,*,#6438,.T.);
#6438 = EDGE_CURVE('',#6431,#6439,#6441,.T.);
#6439 = VERTEX_POINT('',#6440);
#6440 = CARTESIAN_POINT('',(26.,-103.37,1.56));
#6441 = CIRCLE('',#6442,0.269999422728);
#6442 = AXIS2_PLACEMENT_3D('',#6443,#6444,#6445);
#6443 = CARTESIAN_POINT('',(26.269999422728,-103.3699994227,1.56));
#6444 = DIRECTION('',(0.,0.,1.));
#6445 = DIRECTION('',(2.138050795262E-06,0.999999999998,-0.));
#6446 = ORIENTED_EDGE('',*,*,#6447,.T.);
#6447 = EDGE_CURVE('',#6439,#6448,#6450,.T.);
#6448 = VERTEX_POINT('',#6449);
#6449 = CARTESIAN_POINT('',(26.,-104.63,1.56));
#6450 = LINE('',#6451,#6452);
#6451 = CARTESIAN_POINT('',(26.,-103.37,1.56));
#6452 = VECTOR('',#6453,1.);
#6453 = DIRECTION('',(0.,-1.,0.));
#6454 = ORIENTED_EDGE('',*,*,#6455,.T.);
#6455 = EDGE_CURVE('',#6448,#6456,#6458,.T.);
#6456 = VERTEX_POINT('',#6457);
#6457 = CARTESIAN_POINT('',(26.27,-104.9,1.56));
#6458 = CIRCLE('',#6459,0.269999422728);
#6459 = AXIS2_PLACEMENT_3D('',#6460,#6461,#6462);
#6460 = CARTESIAN_POINT('',(26.269999422728,-104.6300005772,1.56));
#6461 = DIRECTION('',(0.,0.,1.));
#6462 = DIRECTION('',(-0.999999999998,2.138050821579E-06,0.));
#6463 = ORIENTED_EDGE('',*,*,#6464,.T.);
#6464 = EDGE_CURVE('',#6456,#6465,#6467,.T.);
#6465 = VERTEX_POINT('',#6466);
#6466 = CARTESIAN_POINT('',(28.23,-104.9,1.56));
#6467 = LINE('',#6468,#6469);
#6468 = CARTESIAN_POINT('',(26.27,-104.9,1.56));
#6469 = VECTOR('',#6470,1.);
#6470 = DIRECTION('',(1.,0.,0.));
#6471 = ORIENTED_EDGE('',*,*,#6472,.T.);
#6472 = EDGE_CURVE('',#6465,#6473,#6475,.T.);
#6473 = VERTEX_POINT('',#6474);
#6474 = CARTESIAN_POINT('',(28.5,-104.63,1.56));
#6475 = CIRCLE('',#6476,0.269999422728);
#6476 = AXIS2_PLACEMENT_3D('',#6477,#6478,#6479);
#6477 = CARTESIAN_POINT('',(28.230000577272,-104.6300005772,1.56));
#6478 = DIRECTION('',(0.,0.,1.));
#6479 = DIRECTION('',(-2.138050795262E-06,-0.999999999998,0.));
#6480 = ORIENTED_EDGE('',*,*,#6481,.T.);
#6481 = EDGE_CURVE('',#6473,#6420,#6482,.T.);
#6482 = LINE('',#6483,#6484);
#6483 = CARTESIAN_POINT('',(28.5,-104.63,1.56));
#6484 = VECTOR('',#6485,1.);
#6485 = DIRECTION('',(0.,1.,0.));
#6486 = FACE_BOUND('',#6487,.F.);
#6487 = EDGE_LOOP('',(#6488,#6499,#6507,#6516,#6524,#6533,#6541,#6550));
#6488 = ORIENTED_EDGE('',*,*,#6489,.T.);
#6489 = EDGE_CURVE('',#6490,#6492,#6494,.T.);
#6490 = VERTEX_POINT('',#6491);
#6491 = CARTESIAN_POINT('',(28.5,-100.87,1.56));
#6492 = VERTEX_POINT('',#6493);
#6493 = CARTESIAN_POINT('',(28.23,-100.6,1.56));
#6494 = CIRCLE('',#6495,0.269999422728);
#6495 = AXIS2_PLACEMENT_3D('',#6496,#6497,#6498);
#6496 = CARTESIAN_POINT('',(28.230000577272,-100.8699994227,1.56));
#6497 = DIRECTION('',(0.,0.,1.));
#6498 = DIRECTION('',(0.999999999998,-2.138050821579E-06,0.));
#6499 = ORIENTED_EDGE('',*,*,#6500,.T.);
#6500 = EDGE_CURVE('',#6492,#6501,#6503,.T.);
#6501 = VERTEX_POINT('',#6502);
#6502 = CARTESIAN_POINT('',(26.27,-100.6,1.56));
#6503 = LINE('',#6504,#6505);
#6504 = CARTESIAN_POINT('',(28.23,-100.6,1.56));
#6505 = VECTOR('',#6506,1.);
#6506 = DIRECTION('',(-1.,0.,0.));
#6507 = ORIENTED_EDGE('',*,*,#6508,.T.);
#6508 = EDGE_CURVE('',#6501,#6509,#6511,.T.);
#6509 = VERTEX_POINT('',#6510);
#6510 = CARTESIAN_POINT('',(26.,-100.87,1.56));
#6511 = CIRCLE('',#6512,0.269999422728);
#6512 = AXIS2_PLACEMENT_3D('',#6513,#6514,#6515);
#6513 = CARTESIAN_POINT('',(26.269999422728,-100.8699994227,1.56));
#6514 = DIRECTION('',(0.,0.,1.));
#6515 = DIRECTION('',(2.138050795262E-06,0.999999999998,-0.));
#6516 = ORIENTED_EDGE('',*,*,#6517,.T.);
#6517 = EDGE_CURVE('',#6509,#6518,#6520,.T.);
#6518 = VERTEX_POINT('',#6519);
#6519 = CARTESIAN_POINT('',(26.,-102.13,1.56));
#6520 = LINE('',#6521,#6522);
#6521 = CARTESIAN_POINT('',(26.,-100.87,1.56));
#6522 = VECTOR('',#6523,1.);
#6523 = DIRECTION('',(0.,-1.,0.));
#6524 = ORIENTED_EDGE('',*,*,#6525,.T.);
#6525 = EDGE_CURVE('',#6518,#6526,#6528,.T.);
#6526 = VERTEX_POINT('',#6527);
#6527 = CARTESIAN_POINT('',(26.27,-102.4,1.56));
#6528 = CIRCLE('',#6529,0.269999422728);
#6529 = AXIS2_PLACEMENT_3D('',#6530,#6531,#6532);
#6530 = CARTESIAN_POINT('',(26.269999422728,-102.1300005772,1.56));
#6531 = DIRECTION('',(0.,0.,1.));
#6532 = DIRECTION('',(-0.999999999998,2.138050821579E-06,0.));
#6533 = ORIENTED_EDGE('',*,*,#6534,.T.);
#6534 = EDGE_CURVE('',#6526,#6535,#6537,.T.);
#6535 = VERTEX_POINT('',#6536);
#6536 = CARTESIAN_POINT('',(28.23,-102.4,1.56));
#6537 = LINE('',#6538,#6539);
#6538 = CARTESIAN_POINT('',(26.27,-102.4,1.56));
#6539 = VECTOR('',#6540,1.);
#6540 = DIRECTION('',(1.,0.,0.));
#6541 = ORIENTED_EDGE('',*,*,#6542,.T.);
#6542 = EDGE_CURVE('',#6535,#6543,#6545,.T.);
#6543 = VERTEX_POINT('',#6544);
#6544 = CARTESIAN_POINT('',(28.5,-102.13,1.56));
#6545 = CIRCLE('',#6546,0.269999422728);
#6546 = AXIS2_PLACEMENT_3D('',#6547,#6548,#6549);
#6547 = CARTESIAN_POINT('',(28.230000577272,-102.1300005772,1.56));
#6548 = DIRECTION('',(0.,0.,1.));
#6549 = DIRECTION('',(-2.138050795262E-06,-0.999999999998,0.));
#6550 = ORIENTED_EDGE('',*,*,#6551,.T.);
#6551 = EDGE_CURVE('',#6543,#6490,#6552,.T.);
#6552 = LINE('',#6553,#6554);
#6553 = CARTESIAN_POINT('',(28.5,-102.13,1.56));
#6554 = VECTOR('',#6555,1.);
#6555 = DIRECTION('',(0.,1.,0.));
#6556 = FACE_BOUND('',#6557,.F.);
#6557 = EDGE_LOOP('',(#6558,#6569,#6577,#6586,#6594,#6603,#6611,#6620));
#6558 = ORIENTED_EDGE('',*,*,#6559,.T.);
#6559 = EDGE_CURVE('',#6560,#6562,#6564,.T.);
#6560 = VERTEX_POINT('',#6561);
#6561 = CARTESIAN_POINT('',(28.5,-98.37,1.56));
#6562 = VERTEX_POINT('',#6563);
#6563 = CARTESIAN_POINT('',(28.23,-98.1,1.56));
#6564 = CIRCLE('',#6565,0.269999422728);
#6565 = AXIS2_PLACEMENT_3D('',#6566,#6567,#6568);
#6566 = CARTESIAN_POINT('',(28.230000577272,-98.36999942272,1.56));
#6567 = DIRECTION('',(0.,0.,1.));
#6568 = DIRECTION('',(0.999999999998,-2.138050821579E-06,0.));
#6569 = ORIENTED_EDGE('',*,*,#6570,.T.);
#6570 = EDGE_CURVE('',#6562,#6571,#6573,.T.);
#6571 = VERTEX_POINT('',#6572);
#6572 = CARTESIAN_POINT('',(26.27,-98.1,1.56));
#6573 = LINE('',#6574,#6575);
#6574 = CARTESIAN_POINT('',(28.23,-98.1,1.56));
#6575 = VECTOR('',#6576,1.);
#6576 = DIRECTION('',(-1.,0.,0.));
#6577 = ORIENTED_EDGE('',*,*,#6578,.T.);
#6578 = EDGE_CURVE('',#6571,#6579,#6581,.T.);
#6579 = VERTEX_POINT('',#6580);
#6580 = CARTESIAN_POINT('',(26.,-98.37,1.56));
#6581 = CIRCLE('',#6582,0.269999422728);
#6582 = AXIS2_PLACEMENT_3D('',#6583,#6584,#6585);
#6583 = CARTESIAN_POINT('',(26.269999422728,-98.36999942272,1.56));
#6584 = DIRECTION('',(0.,0.,1.));
#6585 = DIRECTION('',(2.138050795262E-06,0.999999999998,-0.));
#6586 = ORIENTED_EDGE('',*,*,#6587,.T.);
#6587 = EDGE_CURVE('',#6579,#6588,#6590,.T.);
#6588 = VERTEX_POINT('',#6589);
#6589 = CARTESIAN_POINT('',(26.,-99.63,1.56));
#6590 = LINE('',#6591,#6592);
#6591 = CARTESIAN_POINT('',(26.,-98.37,1.56));
#6592 = VECTOR('',#6593,1.);
#6593 = DIRECTION('',(0.,-1.,0.));
#6594 = ORIENTED_EDGE('',*,*,#6595,.T.);
#6595 = EDGE_CURVE('',#6588,#6596,#6598,.T.);
#6596 = VERTEX_POINT('',#6597);
#6597 = CARTESIAN_POINT('',(26.27,-99.9,1.56));
#6598 = CIRCLE('',#6599,0.269999422728);
#6599 = AXIS2_PLACEMENT_3D('',#6600,#6601,#6602);
#6600 = CARTESIAN_POINT('',(26.269999422728,-99.63000057727,1.56));
#6601 = DIRECTION('',(0.,0.,1.));
#6602 = DIRECTION('',(-0.999999999998,2.138050821579E-06,0.));
#6603 = ORIENTED_EDGE('',*,*,#6604,.T.);
#6604 = EDGE_CURVE('',#6596,#6605,#6607,.T.);
#6605 = VERTEX_POINT('',#6606);
#6606 = CARTESIAN_POINT('',(28.23,-99.9,1.56));
#6607 = LINE('',#6608,#6609);
#6608 = CARTESIAN_POINT('',(26.27,-99.9,1.56));
#6609 = VECTOR('',#6610,1.);
#6610 = DIRECTION('',(1.,0.,0.));
#6611 = ORIENTED_EDGE('',*,*,#6612,.T.);
#6612 = EDGE_CURVE('',#6605,#6613,#6615,.T.);
#6613 = VERTEX_POINT('',#6614);
#6614 = CARTESIAN_POINT('',(28.5,-99.63,1.56));
#6615 = CIRCLE('',#6616,0.269999422728);
#6616 = AXIS2_PLACEMENT_3D('',#6617,#6618,#6619);
#6617 = CARTESIAN_POINT('',(28.230000577272,-99.63000057727,1.56));
#6618 = DIRECTION('',(0.,0.,1.));
#6619 = DIRECTION('',(-2.138050795262E-06,-0.999999999998,0.));
#6620 = ORIENTED_EDGE('',*,*,#6621,.T.);
#6621 = EDGE_CURVE('',#6613,#6560,#6622,.T.);
#6622 = LINE('',#6623,#6624);
#6623 = CARTESIAN_POINT('',(28.5,-99.63,1.56));
#6624 = VECTOR('',#6625,1.);
#6625 = DIRECTION('',(0.,1.,0.));
#6626 = FACE_BOUND('',#6627,.F.);
#6627 = EDGE_LOOP('',(#6628,#6639,#6647,#6656,#6664,#6673,#6681,#6690));
#6628 = ORIENTED_EDGE('',*,*,#6629,.T.);
#6629 = EDGE_CURVE('',#6630,#6632,#6634,.T.);
#6630 = VERTEX_POINT('',#6631);
#6631 = CARTESIAN_POINT('',(28.5,-95.87,1.56));
#6632 = VERTEX_POINT('',#6633);
#6633 = CARTESIAN_POINT('',(28.23,-95.6,1.56));
#6634 = CIRCLE('',#6635,0.269999422728);
#6635 = AXIS2_PLACEMENT_3D('',#6636,#6637,#6638);
#6636 = CARTESIAN_POINT('',(28.230000577272,-95.86999942272,1.56));
#6637 = DIRECTION('',(0.,0.,1.));
#6638 = DIRECTION('',(0.999999999998,-2.138050821579E-06,0.));
#6639 = ORIENTED_EDGE('',*,*,#6640,.T.);
#6640 = EDGE_CURVE('',#6632,#6641,#6643,.T.);
#6641 = VERTEX_POINT('',#6642);
#6642 = CARTESIAN_POINT('',(26.27,-95.6,1.56));
#6643 = LINE('',#6644,#6645);
#6644 = CARTESIAN_POINT('',(28.23,-95.6,1.56));
#6645 = VECTOR('',#6646,1.);
#6646 = DIRECTION('',(-1.,0.,0.));
#6647 = ORIENTED_EDGE('',*,*,#6648,.T.);
#6648 = EDGE_CURVE('',#6641,#6649,#6651,.T.);
#6649 = VERTEX_POINT('',#6650);
#6650 = CARTESIAN_POINT('',(26.,-95.87,1.56));
#6651 = CIRCLE('',#6652,0.269999422728);
#6652 = AXIS2_PLACEMENT_3D('',#6653,#6654,#6655);
#6653 = CARTESIAN_POINT('',(26.269999422728,-95.86999942272,1.56));
#6654 = DIRECTION('',(0.,0.,1.));
#6655 = DIRECTION('',(2.138050795262E-06,0.999999999998,-0.));
#6656 = ORIENTED_EDGE('',*,*,#6657,.T.);
#6657 = EDGE_CURVE('',#6649,#6658,#6660,.T.);
#6658 = VERTEX_POINT('',#6659);
#6659 = CARTESIAN_POINT('',(26.,-97.13,1.56));
#6660 = LINE('',#6661,#6662);
#6661 = CARTESIAN_POINT('',(26.,-95.87,1.56));
#6662 = VECTOR('',#6663,1.);
#6663 = DIRECTION('',(0.,-1.,0.));
#6664 = ORIENTED_EDGE('',*,*,#6665,.T.);
#6665 = EDGE_CURVE('',#6658,#6666,#6668,.T.);
#6666 = VERTEX_POINT('',#6667);
#6667 = CARTESIAN_POINT('',(26.27,-97.4,1.56));
#6668 = CIRCLE('',#6669,0.269999422728);
#6669 = AXIS2_PLACEMENT_3D('',#6670,#6671,#6672);
#6670 = CARTESIAN_POINT('',(26.269999422728,-97.13000057727,1.56));
#6671 = DIRECTION('',(0.,0.,1.));
#6672 = DIRECTION('',(-0.999999999998,2.138050821579E-06,0.));
#6673 = ORIENTED_EDGE('',*,*,#6674,.T.);
#6674 = EDGE_CURVE('',#6666,#6675,#6677,.T.);
#6675 = VERTEX_POINT('',#6676);
#6676 = CARTESIAN_POINT('',(28.23,-97.4,1.56));
#6677 = LINE('',#6678,#6679);
#6678 = CARTESIAN_POINT('',(26.27,-97.4,1.56));
#6679 = VECTOR('',#6680,1.);
#6680 = DIRECTION('',(1.,0.,0.));
#6681 = ORIENTED_EDGE('',*,*,#6682,.T.);
#6682 = EDGE_CURVE('',#6675,#6683,#6685,.T.);
#6683 = VERTEX_POINT('',#6684);
#6684 = CARTESIAN_POINT('',(28.5,-97.13,1.56));
#6685 = CIRCLE('',#6686,0.269999422728);
#6686 = AXIS2_PLACEMENT_3D('',#6687,#6688,#6689);
#6687 = CARTESIAN_POINT('',(28.230000577272,-97.13000057727,1.56));
#6688 = DIRECTION('',(0.,0.,1.));
#6689 = DIRECTION('',(-2.138050795262E-06,-0.999999999998,0.));
#6690 = ORIENTED_EDGE('',*,*,#6691,.T.);
#6691 = EDGE_CURVE('',#6683,#6630,#6692,.T.);
#6692 = LINE('',#6693,#6694);
#6693 = CARTESIAN_POINT('',(28.5,-97.13,1.56));
#6694 = VECTOR('',#6695,1.);
#6695 = DIRECTION('',(0.,1.,0.));
#6696 = FACE_BOUND('',#6697,.F.);
#6697 = EDGE_LOOP('',(#6698,#6709,#6717,#6726,#6734,#6743,#6751,#6760));
#6698 = ORIENTED_EDGE('',*,*,#6699,.T.);
#6699 = EDGE_CURVE('',#6700,#6702,#6704,.T.);
#6700 = VERTEX_POINT('',#6701);
#6701 = CARTESIAN_POINT('',(28.5,-93.37,1.56));
#6702 = VERTEX_POINT('',#6703);
#6703 = CARTESIAN_POINT('',(28.23,-93.1,1.56));
#6704 = CIRCLE('',#6705,0.269999422728);
#6705 = AXIS2_PLACEMENT_3D('',#6706,#6707,#6708);
#6706 = CARTESIAN_POINT('',(28.230000577272,-93.36999942272,1.56));
#6707 = DIRECTION('',(0.,0.,1.));
#6708 = DIRECTION('',(0.999999999998,-2.138050821579E-06,0.));
#6709 = ORIENTED_EDGE('',*,*,#6710,.T.);
#6710 = EDGE_CURVE('',#6702,#6711,#6713,.T.);
#6711 = VERTEX_POINT('',#6712);
#6712 = CARTESIAN_POINT('',(26.27,-93.1,1.56));
#6713 = LINE('',#6714,#6715);
#6714 = CARTESIAN_POINT('',(28.23,-93.1,1.56));
#6715 = VECTOR('',#6716,1.);
#6716 = DIRECTION('',(-1.,0.,0.));
#6717 = ORIENTED_EDGE('',*,*,#6718,.T.);
#6718 = EDGE_CURVE('',#6711,#6719,#6721,.T.);
#6719 = VERTEX_POINT('',#6720);
#6720 = CARTESIAN_POINT('',(26.,-93.37,1.56));
#6721 = CIRCLE('',#6722,0.269999422728);
#6722 = AXIS2_PLACEMENT_3D('',#6723,#6724,#6725);
#6723 = CARTESIAN_POINT('',(26.269999422728,-93.36999942272,1.56));
#6724 = DIRECTION('',(0.,0.,1.));
#6725 = DIRECTION('',(2.138050795262E-06,0.999999999998,-0.));
#6726 = ORIENTED_EDGE('',*,*,#6727,.T.);
#6727 = EDGE_CURVE('',#6719,#6728,#6730,.T.);
#6728 = VERTEX_POINT('',#6729);
#6729 = CARTESIAN_POINT('',(26.,-94.63,1.56));
#6730 = LINE('',#6731,#6732);
#6731 = CARTESIAN_POINT('',(26.,-93.37,1.56));
#6732 = VECTOR('',#6733,1.);
#6733 = DIRECTION('',(0.,-1.,0.));
#6734 = ORIENTED_EDGE('',*,*,#6735,.T.);
#6735 = EDGE_CURVE('',#6728,#6736,#6738,.T.);
#6736 = VERTEX_POINT('',#6737);
#6737 = CARTESIAN_POINT('',(26.27,-94.9,1.56));
#6738 = CIRCLE('',#6739,0.269999422728);
#6739 = AXIS2_PLACEMENT_3D('',#6740,#6741,#6742);
#6740 = CARTESIAN_POINT('',(26.269999422728,-94.63000057727,1.56));
#6741 = DIRECTION('',(0.,0.,1.));
#6742 = DIRECTION('',(-0.999999999998,2.138050821579E-06,0.));
#6743 = ORIENTED_EDGE('',*,*,#6744,.T.);
#6744 = EDGE_CURVE('',#6736,#6745,#6747,.T.);
#6745 = VERTEX_POINT('',#6746);
#6746 = CARTESIAN_POINT('',(28.23,-94.9,1.56));
#6747 = LINE('',#6748,#6749);
#6748 = CARTESIAN_POINT('',(26.27,-94.9,1.56));
#6749 = VECTOR('',#6750,1.);
#6750 = DIRECTION('',(1.,0.,0.));
#6751 = ORIENTED_EDGE('',*,*,#6752,.T.);
#6752 = EDGE_CURVE('',#6745,#6753,#6755,.T.);
#6753 = VERTEX_POINT('',#6754);
#6754 = CARTESIAN_POINT('',(28.5,-94.63,1.56));
#6755 = CIRCLE('',#6756,0.269999422728);
#6756 = AXIS2_PLACEMENT_3D('',#6757,#6758,#6759);
#6757 = CARTESIAN_POINT('',(28.230000577272,-94.63000057727,1.56));
#6758 = DIRECTION('',(0.,0.,1.));
#6759 = DIRECTION('',(-2.138050795262E-06,-0.999999999998,0.));
#6760 = ORIENTED_EDGE('',*,*,#6761,.T.);
#6761 = EDGE_CURVE('',#6753,#6700,#6762,.T.);
#6762 = LINE('',#6763,#6764);
#6763 = CARTESIAN_POINT('',(28.5,-94.63,1.56));
#6764 = VECTOR('',#6765,1.);
#6765 = DIRECTION('',(0.,1.,0.));
#6766 = FACE_BOUND('',#6767,.F.);
#6767 = EDGE_LOOP('',(#6768));
#6768 = ORIENTED_EDGE('',*,*,#6769,.T.);
#6769 = EDGE_CURVE('',#6770,#6770,#6772,.T.);
#6770 = VERTEX_POINT('',#6771);
#6771 = CARTESIAN_POINT('',(27.25,-92.55,1.56));
#6772 = CIRCLE('',#6773,0.35);
#6773 = AXIS2_PLACEMENT_3D('',#6774,#6775,#6776);
#6774 = CARTESIAN_POINT('',(26.9,-92.55,1.56));
#6775 = DIRECTION('',(0.,0.,1.));
#6776 = DIRECTION('',(1.,0.,-0.));
#6777 = FACE_BOUND('',#6778,.F.);
#6778 = EDGE_LOOP('',(#6779));
#6779 = ORIENTED_EDGE('',*,*,#6780,.T.);
#6780 = EDGE_CURVE('',#6781,#6781,#6783,.T.);
#6781 = VERTEX_POINT('',#6782);
#6782 = CARTESIAN_POINT('',(27.25,-88.45,1.56));
#6783 = CIRCLE('',#6784,0.35);
#6784 = AXIS2_PLACEMENT_3D('',#6785,#6786,#6787);
#6785 = CARTESIAN_POINT('',(26.9,-88.45,1.56));
#6786 = DIRECTION('',(0.,0.,1.));
#6787 = DIRECTION('',(1.,0.,-0.));
#6788 = FACE_BOUND('',#6789,.F.);
#6789 = EDGE_LOOP('',(#6790,#6801,#6809,#6818,#6826,#6835,#6843,#6852));
#6790 = ORIENTED_EDGE('',*,*,#6791,.T.);
#6791 = EDGE_CURVE('',#6792,#6794,#6796,.T.);
#6792 = VERTEX_POINT('',#6793);
#6793 = CARTESIAN_POINT('',(28.5,-86.37,1.56));
#6794 = VERTEX_POINT('',#6795);
#6795 = CARTESIAN_POINT('',(28.23,-86.1,1.56));
#6796 = CIRCLE('',#6797,0.269999422728);
#6797 = AXIS2_PLACEMENT_3D('',#6798,#6799,#6800);
#6798 = CARTESIAN_POINT('',(28.230000577272,-86.36999942272,1.56));
#6799 = DIRECTION('',(0.,0.,1.));
#6800 = DIRECTION('',(0.999999999998,-2.138050821579E-06,0.));
#6801 = ORIENTED_EDGE('',*,*,#6802,.T.);
#6802 = EDGE_CURVE('',#6794,#6803,#6805,.T.);
#6803 = VERTEX_POINT('',#6804);
#6804 = CARTESIAN_POINT('',(26.27,-86.1,1.56));
#6805 = LINE('',#6806,#6807);
#6806 = CARTESIAN_POINT('',(28.23,-86.1,1.56));
#6807 = VECTOR('',#6808,1.);
#6808 = DIRECTION('',(-1.,0.,0.));
#6809 = ORIENTED_EDGE('',*,*,#6810,.T.);
#6810 = EDGE_CURVE('',#6803,#6811,#6813,.T.);
#6811 = VERTEX_POINT('',#6812);
#6812 = CARTESIAN_POINT('',(26.,-86.37,1.56));
#6813 = CIRCLE('',#6814,0.269999422728);
#6814 = AXIS2_PLACEMENT_3D('',#6815,#6816,#6817);
#6815 = CARTESIAN_POINT('',(26.269999422728,-86.36999942272,1.56));
#6816 = DIRECTION('',(0.,0.,1.));
#6817 = DIRECTION('',(2.138050795262E-06,0.999999999998,-0.));
#6818 = ORIENTED_EDGE('',*,*,#6819,.T.);
#6819 = EDGE_CURVE('',#6811,#6820,#6822,.T.);
#6820 = VERTEX_POINT('',#6821);
#6821 = CARTESIAN_POINT('',(26.,-87.63,1.56));
#6822 = LINE('',#6823,#6824);
#6823 = CARTESIAN_POINT('',(26.,-86.37,1.56));
#6824 = VECTOR('',#6825,1.);
#6825 = DIRECTION('',(0.,-1.,0.));
#6826 = ORIENTED_EDGE('',*,*,#6827,.T.);
#6827 = EDGE_CURVE('',#6820,#6828,#6830,.T.);
#6828 = VERTEX_POINT('',#6829);
#6829 = CARTESIAN_POINT('',(26.27,-87.9,1.56));
#6830 = CIRCLE('',#6831,0.269999422728);
#6831 = AXIS2_PLACEMENT_3D('',#6832,#6833,#6834);
#6832 = CARTESIAN_POINT('',(26.269999422728,-87.63000057727,1.56));
#6833 = DIRECTION('',(0.,0.,1.));
#6834 = DIRECTION('',(-0.999999999998,2.138050821579E-06,0.));
#6835 = ORIENTED_EDGE('',*,*,#6836,.T.);
#6836 = EDGE_CURVE('',#6828,#6837,#6839,.T.);
#6837 = VERTEX_POINT('',#6838);
#6838 = CARTESIAN_POINT('',(28.23,-87.9,1.56));
#6839 = LINE('',#6840,#6841);
#6840 = CARTESIAN_POINT('',(26.27,-87.9,1.56));
#6841 = VECTOR('',#6842,1.);
#6842 = DIRECTION('',(1.,0.,0.));
#6843 = ORIENTED_EDGE('',*,*,#6844,.T.);
#6844 = EDGE_CURVE('',#6837,#6845,#6847,.T.);
#6845 = VERTEX_POINT('',#6846);
#6846 = CARTESIAN_POINT('',(28.5,-87.63,1.56));
#6847 = CIRCLE('',#6848,0.269999422728);
#6848 = AXIS2_PLACEMENT_3D('',#6849,#6850,#6851);
#6849 = CARTESIAN_POINT('',(28.230000577272,-87.63000057727,1.56));
#6850 = DIRECTION('',(0.,0.,1.));
#6851 = DIRECTION('',(-2.138050795262E-06,-0.999999999998,0.));
#6852 = ORIENTED_EDGE('',*,*,#6853,.T.);
#6853 = EDGE_CURVE('',#6845,#6792,#6854,.T.);
#6854 = LINE('',#6855,#6856);
#6855 = CARTESIAN_POINT('',(28.5,-87.63,1.56));
#6856 = VECTOR('',#6857,1.);
#6857 = DIRECTION('',(0.,1.,0.));
#6858 = FACE_BOUND('',#6859,.F.);
#6859 = EDGE_LOOP('',(#6860,#6871,#6879,#6888,#6896,#6905,#6913,#6922));
#6860 = ORIENTED_EDGE('',*,*,#6861,.T.);
#6861 = EDGE_CURVE('',#6862,#6864,#6866,.T.);
#6862 = VERTEX_POINT('',#6863);
#6863 = CARTESIAN_POINT('',(28.5,-83.87,1.56));
#6864 = VERTEX_POINT('',#6865);
#6865 = CARTESIAN_POINT('',(28.23,-83.6,1.56));
#6866 = CIRCLE('',#6867,0.269999422728);
#6867 = AXIS2_PLACEMENT_3D('',#6868,#6869,#6870);
#6868 = CARTESIAN_POINT('',(28.230000577272,-83.86999942272,1.56));
#6869 = DIRECTION('',(0.,0.,1.));
#6870 = DIRECTION('',(0.999999999998,-2.138050821579E-06,0.));
#6871 = ORIENTED_EDGE('',*,*,#6872,.T.);
#6872 = EDGE_CURVE('',#6864,#6873,#6875,.T.);
#6873 = VERTEX_POINT('',#6874);
#6874 = CARTESIAN_POINT('',(26.27,-83.6,1.56));
#6875 = LINE('',#6876,#6877);
#6876 = CARTESIAN_POINT('',(28.23,-83.6,1.56));
#6877 = VECTOR('',#6878,1.);
#6878 = DIRECTION('',(-1.,0.,0.));
#6879 = ORIENTED_EDGE('',*,*,#6880,.T.);
#6880 = EDGE_CURVE('',#6873,#6881,#6883,.T.);
#6881 = VERTEX_POINT('',#6882);
#6882 = CARTESIAN_POINT('',(26.,-83.87,1.56));
#6883 = CIRCLE('',#6884,0.269999422728);
#6884 = AXIS2_PLACEMENT_3D('',#6885,#6886,#6887);
#6885 = CARTESIAN_POINT('',(26.269999422728,-83.86999942272,1.56));
#6886 = DIRECTION('',(0.,0.,1.));
#6887 = DIRECTION('',(2.138050795262E-06,0.999999999998,-0.));
#6888 = ORIENTED_EDGE('',*,*,#6889,.T.);
#6889 = EDGE_CURVE('',#6881,#6890,#6892,.T.);
#6890 = VERTEX_POINT('',#6891);
#6891 = CARTESIAN_POINT('',(26.,-85.13,1.56));
#6892 = LINE('',#6893,#6894);
#6893 = CARTESIAN_POINT('',(26.,-83.87,1.56));
#6894 = VECTOR('',#6895,1.);
#6895 = DIRECTION('',(0.,-1.,0.));
#6896 = ORIENTED_EDGE('',*,*,#6897,.T.);
#6897 = EDGE_CURVE('',#6890,#6898,#6900,.T.);
#6898 = VERTEX_POINT('',#6899);
#6899 = CARTESIAN_POINT('',(26.27,-85.4,1.56));
#6900 = CIRCLE('',#6901,0.269999422728);
#6901 = AXIS2_PLACEMENT_3D('',#6902,#6903,#6904);
#6902 = CARTESIAN_POINT('',(26.269999422728,-85.13000057727,1.56));
#6903 = DIRECTION('',(0.,0.,1.));
#6904 = DIRECTION('',(-0.999999999998,2.138050821579E-06,0.));
#6905 = ORIENTED_EDGE('',*,*,#6906,.T.);
#6906 = EDGE_CURVE('',#6898,#6907,#6909,.T.);
#6907 = VERTEX_POINT('',#6908);
#6908 = CARTESIAN_POINT('',(28.23,-85.4,1.56));
#6909 = LINE('',#6910,#6911);
#6910 = CARTESIAN_POINT('',(26.27,-85.4,1.56));
#6911 = VECTOR('',#6912,1.);
#6912 = DIRECTION('',(1.,0.,0.));
#6913 = ORIENTED_EDGE('',*,*,#6914,.T.);
#6914 = EDGE_CURVE('',#6907,#6915,#6917,.T.);
#6915 = VERTEX_POINT('',#6916);
#6916 = CARTESIAN_POINT('',(28.5,-85.13,1.56));
#6917 = CIRCLE('',#6918,0.269999422728);
#6918 = AXIS2_PLACEMENT_3D('',#6919,#6920,#6921);
#6919 = CARTESIAN_POINT('',(28.230000577272,-85.13000057727,1.56));
#6920 = DIRECTION('',(0.,0.,1.));
#6921 = DIRECTION('',(-2.138050795262E-06,-0.999999999998,0.));
#6922 = ORIENTED_EDGE('',*,*,#6923,.T.);
#6923 = EDGE_CURVE('',#6915,#6862,#6924,.T.);
#6924 = LINE('',#6925,#6926);
#6925 = CARTESIAN_POINT('',(28.5,-85.13,1.56));
#6926 = VECTOR('',#6927,1.);
#6927 = DIRECTION('',(0.,1.,0.));
#6928 = FACE_BOUND('',#6929,.F.);
#6929 = EDGE_LOOP('',(#6930,#6941,#6949,#6958,#6966,#6975,#6983,#6992));
#6930 = ORIENTED_EDGE('',*,*,#6931,.T.);
#6931 = EDGE_CURVE('',#6932,#6934,#6936,.T.);
#6932 = VERTEX_POINT('',#6933);
#6933 = CARTESIAN_POINT('',(28.5,-81.37,1.56));
#6934 = VERTEX_POINT('',#6935);
#6935 = CARTESIAN_POINT('',(28.23,-81.1,1.56));
#6936 = CIRCLE('',#6937,0.269999422728);
#6937 = AXIS2_PLACEMENT_3D('',#6938,#6939,#6940);
#6938 = CARTESIAN_POINT('',(28.230000577272,-81.36999942272,1.56));
#6939 = DIRECTION('',(0.,0.,1.));
#6940 = DIRECTION('',(0.999999999998,-2.138050821579E-06,0.));
#6941 = ORIENTED_EDGE('',*,*,#6942,.T.);
#6942 = EDGE_CURVE('',#6934,#6943,#6945,.T.);
#6943 = VERTEX_POINT('',#6944);
#6944 = CARTESIAN_POINT('',(26.27,-81.1,1.56));
#6945 = LINE('',#6946,#6947);
#6946 = CARTESIAN_POINT('',(28.23,-81.1,1.56));
#6947 = VECTOR('',#6948,1.);
#6948 = DIRECTION('',(-1.,0.,0.));
#6949 = ORIENTED_EDGE('',*,*,#6950,.T.);
#6950 = EDGE_CURVE('',#6943,#6951,#6953,.T.);
#6951 = VERTEX_POINT('',#6952);
#6952 = CARTESIAN_POINT('',(26.,-81.37,1.56));
#6953 = CIRCLE('',#6954,0.269999422728);
#6954 = AXIS2_PLACEMENT_3D('',#6955,#6956,#6957);
#6955 = CARTESIAN_POINT('',(26.269999422728,-81.36999942272,1.56));
#6956 = DIRECTION('',(0.,0.,1.));
#6957 = DIRECTION('',(2.138050795262E-06,0.999999999998,-0.));
#6958 = ORIENTED_EDGE('',*,*,#6959,.T.);
#6959 = EDGE_CURVE('',#6951,#6960,#6962,.T.);
#6960 = VERTEX_POINT('',#6961);
#6961 = CARTESIAN_POINT('',(26.,-82.63,1.56));
#6962 = LINE('',#6963,#6964);
#6963 = CARTESIAN_POINT('',(26.,-81.37,1.56));
#6964 = VECTOR('',#6965,1.);
#6965 = DIRECTION('',(0.,-1.,0.));
#6966 = ORIENTED_EDGE('',*,*,#6967,.T.);
#6967 = EDGE_CURVE('',#6960,#6968,#6970,.T.);
#6968 = VERTEX_POINT('',#6969);
#6969 = CARTESIAN_POINT('',(26.27,-82.9,1.56));
#6970 = CIRCLE('',#6971,0.269999422728);
#6971 = AXIS2_PLACEMENT_3D('',#6972,#6973,#6974);
#6972 = CARTESIAN_POINT('',(26.269999422728,-82.63000057727,1.56));
#6973 = DIRECTION('',(0.,0.,1.));
#6974 = DIRECTION('',(-0.999999999998,2.138050821579E-06,0.));
#6975 = ORIENTED_EDGE('',*,*,#6976,.T.);
#6976 = EDGE_CURVE('',#6968,#6977,#6979,.T.);
#6977 = VERTEX_POINT('',#6978);
#6978 = CARTESIAN_POINT('',(28.23,-82.9,1.56));
#6979 = LINE('',#6980,#6981);
#6980 = CARTESIAN_POINT('',(26.27,-82.9,1.56));
#6981 = VECTOR('',#6982,1.);
#6982 = DIRECTION('',(1.,0.,0.));
#6983 = ORIENTED_EDGE('',*,*,#6984,.T.);
#6984 = EDGE_CURVE('',#6977,#6985,#6987,.T.);
#6985 = VERTEX_POINT('',#6986);
#6986 = CARTESIAN_POINT('',(28.5,-82.63,1.56));
#6987 = CIRCLE('',#6988,0.269999422728);
#6988 = AXIS2_PLACEMENT_3D('',#6989,#6990,#6991);
#6989 = CARTESIAN_POINT('',(28.230000577272,-82.63000057727,1.56));
#6990 = DIRECTION('',(0.,0.,1.));
#6991 = DIRECTION('',(-2.138050795262E-06,-0.999999999998,0.));
#6992 = ORIENTED_EDGE('',*,*,#6993,.T.);
#6993 = EDGE_CURVE('',#6985,#6932,#6994,.T.);
#6994 = LINE('',#6995,#6996);
#6995 = CARTESIAN_POINT('',(28.5,-82.63,1.56));
#6996 = VECTOR('',#6997,1.);
#6997 = DIRECTION('',(0.,1.,0.));
#6998 = FACE_BOUND('',#6999,.F.);
#6999 = EDGE_LOOP('',(#7000,#7011,#7019,#7028,#7036,#7045,#7053,#7062));
#7000 = ORIENTED_EDGE('',*,*,#7001,.T.);
#7001 = EDGE_CURVE('',#7002,#7004,#7006,.T.);
#7002 = VERTEX_POINT('',#7003);
#7003 = CARTESIAN_POINT('',(28.5,-78.87,1.56));
#7004 = VERTEX_POINT('',#7005);
#7005 = CARTESIAN_POINT('',(28.23,-78.6,1.56));
#7006 = CIRCLE('',#7007,0.269999422728);
#7007 = AXIS2_PLACEMENT_3D('',#7008,#7009,#7010);
#7008 = CARTESIAN_POINT('',(28.230000577272,-78.86999942272,1.56));
#7009 = DIRECTION('',(0.,0.,1.));
#7010 = DIRECTION('',(0.999999999998,-2.138050821579E-06,0.));
#7011 = ORIENTED_EDGE('',*,*,#7012,.T.);
#7012 = EDGE_CURVE('',#7004,#7013,#7015,.T.);
#7013 = VERTEX_POINT('',#7014);
#7014 = CARTESIAN_POINT('',(26.27,-78.6,1.56));
#7015 = LINE('',#7016,#7017);
#7016 = CARTESIAN_POINT('',(28.23,-78.6,1.56));
#7017 = VECTOR('',#7018,1.);
#7018 = DIRECTION('',(-1.,0.,0.));
#7019 = ORIENTED_EDGE('',*,*,#7020,.T.);
#7020 = EDGE_CURVE('',#7013,#7021,#7023,.T.);
#7021 = VERTEX_POINT('',#7022);
#7022 = CARTESIAN_POINT('',(26.,-78.87,1.56));
#7023 = CIRCLE('',#7024,0.269999422728);
#7024 = AXIS2_PLACEMENT_3D('',#7025,#7026,#7027);
#7025 = CARTESIAN_POINT('',(26.269999422728,-78.86999942272,1.56));
#7026 = DIRECTION('',(0.,0.,1.));
#7027 = DIRECTION('',(2.138050795262E-06,0.999999999998,-0.));
#7028 = ORIENTED_EDGE('',*,*,#7029,.T.);
#7029 = EDGE_CURVE('',#7021,#7030,#7032,.T.);
#7030 = VERTEX_POINT('',#7031);
#7031 = CARTESIAN_POINT('',(26.,-80.13,1.56));
#7032 = LINE('',#7033,#7034);
#7033 = CARTESIAN_POINT('',(26.,-78.87,1.56));
#7034 = VECTOR('',#7035,1.);
#7035 = DIRECTION('',(0.,-1.,0.));
#7036 = ORIENTED_EDGE('',*,*,#7037,.T.);
#7037 = EDGE_CURVE('',#7030,#7038,#7040,.T.);
#7038 = VERTEX_POINT('',#7039);
#7039 = CARTESIAN_POINT('',(26.27,-80.4,1.56));
#7040 = CIRCLE('',#7041,0.269999422728);
#7041 = AXIS2_PLACEMENT_3D('',#7042,#7043,#7044);
#7042 = CARTESIAN_POINT('',(26.269999422728,-80.13000057727,1.56));
#7043 = DIRECTION('',(0.,0.,1.));
#7044 = DIRECTION('',(-0.999999999998,2.138050821579E-06,0.));
#7045 = ORIENTED_EDGE('',*,*,#7046,.T.);
#7046 = EDGE_CURVE('',#7038,#7047,#7049,.T.);
#7047 = VERTEX_POINT('',#7048);
#7048 = CARTESIAN_POINT('',(28.23,-80.4,1.56));
#7049 = LINE('',#7050,#7051);
#7050 = CARTESIAN_POINT('',(26.27,-80.4,1.56));
#7051 = VECTOR('',#7052,1.);
#7052 = DIRECTION('',(1.,0.,0.));
#7053 = ORIENTED_EDGE('',*,*,#7054,.T.);
#7054 = EDGE_CURVE('',#7047,#7055,#7057,.T.);
#7055 = VERTEX_POINT('',#7056);
#7056 = CARTESIAN_POINT('',(28.5,-80.13,1.56));
#7057 = CIRCLE('',#7058,0.269999422728);
#7058 = AXIS2_PLACEMENT_3D('',#7059,#7060,#7061);
#7059 = CARTESIAN_POINT('',(28.230000577272,-80.13000057727,1.56));
#7060 = DIRECTION('',(0.,0.,1.));
#7061 = DIRECTION('',(-2.138050795262E-06,-0.999999999998,0.));
#7062 = ORIENTED_EDGE('',*,*,#7063,.T.);
#7063 = EDGE_CURVE('',#7055,#7002,#7064,.T.);
#7064 = LINE('',#7065,#7066);
#7065 = CARTESIAN_POINT('',(28.5,-80.13,1.56));
#7066 = VECTOR('',#7067,1.);
#7067 = DIRECTION('',(0.,1.,0.));
#7068 = FACE_BOUND('',#7069,.F.);
#7069 = EDGE_LOOP('',(#7070,#7081,#7089,#7098,#7106,#7115,#7123,#7132));
#7070 = ORIENTED_EDGE('',*,*,#7071,.T.);
#7071 = EDGE_CURVE('',#7072,#7074,#7076,.T.);
#7072 = VERTEX_POINT('',#7073);
#7073 = CARTESIAN_POINT('',(28.5,-76.37,1.56));
#7074 = VERTEX_POINT('',#7075);
#7075 = CARTESIAN_POINT('',(28.23,-76.1,1.56));
#7076 = CIRCLE('',#7077,0.269999422728);
#7077 = AXIS2_PLACEMENT_3D('',#7078,#7079,#7080);
#7078 = CARTESIAN_POINT('',(28.230000577272,-76.36999942272,1.56));
#7079 = DIRECTION('',(0.,0.,1.));
#7080 = DIRECTION('',(0.999999999998,-2.138050821579E-06,0.));
#7081 = ORIENTED_EDGE('',*,*,#7082,.T.);
#7082 = EDGE_CURVE('',#7074,#7083,#7085,.T.);
#7083 = VERTEX_POINT('',#7084);
#7084 = CARTESIAN_POINT('',(26.27,-76.1,1.56));
#7085 = LINE('',#7086,#7087);
#7086 = CARTESIAN_POINT('',(28.23,-76.1,1.56));
#7087 = VECTOR('',#7088,1.);
#7088 = DIRECTION('',(-1.,0.,0.));
#7089 = ORIENTED_EDGE('',*,*,#7090,.T.);
#7090 = EDGE_CURVE('',#7083,#7091,#7093,.T.);
#7091 = VERTEX_POINT('',#7092);
#7092 = CARTESIAN_POINT('',(26.,-76.37,1.56));
#7093 = CIRCLE('',#7094,0.269999422728);
#7094 = AXIS2_PLACEMENT_3D('',#7095,#7096,#7097);
#7095 = CARTESIAN_POINT('',(26.269999422728,-76.36999942272,1.56));
#7096 = DIRECTION('',(0.,0.,1.));
#7097 = DIRECTION('',(2.138050795262E-06,0.999999999998,-0.));
#7098 = ORIENTED_EDGE('',*,*,#7099,.T.);
#7099 = EDGE_CURVE('',#7091,#7100,#7102,.T.);
#7100 = VERTEX_POINT('',#7101);
#7101 = CARTESIAN_POINT('',(26.,-77.63,1.56));
#7102 = LINE('',#7103,#7104);
#7103 = CARTESIAN_POINT('',(26.,-76.37,1.56));
#7104 = VECTOR('',#7105,1.);
#7105 = DIRECTION('',(0.,-1.,0.));
#7106 = ORIENTED_EDGE('',*,*,#7107,.T.);
#7107 = EDGE_CURVE('',#7100,#7108,#7110,.T.);
#7108 = VERTEX_POINT('',#7109);
#7109 = CARTESIAN_POINT('',(26.27,-77.9,1.56));
#7110 = CIRCLE('',#7111,0.269999422728);
#7111 = AXIS2_PLACEMENT_3D('',#7112,#7113,#7114);
#7112 = CARTESIAN_POINT('',(26.269999422728,-77.63000057727,1.56));
#7113 = DIRECTION('',(0.,0.,1.));
#7114 = DIRECTION('',(-0.999999999998,2.138050821579E-06,0.));
#7115 = ORIENTED_EDGE('',*,*,#7116,.T.);
#7116 = EDGE_CURVE('',#7108,#7117,#7119,.T.);
#7117 = VERTEX_POINT('',#7118);
#7118 = CARTESIAN_POINT('',(28.23,-77.9,1.56));
#7119 = LINE('',#7120,#7121);
#7120 = CARTESIAN_POINT('',(26.27,-77.9,1.56));
#7121 = VECTOR('',#7122,1.);
#7122 = DIRECTION('',(1.,0.,0.));
#7123 = ORIENTED_EDGE('',*,*,#7124,.T.);
#7124 = EDGE_CURVE('',#7117,#7125,#7127,.T.);
#7125 = VERTEX_POINT('',#7126);
#7126 = CARTESIAN_POINT('',(28.5,-77.63,1.56));
#7127 = CIRCLE('',#7128,0.269999422728);
#7128 = AXIS2_PLACEMENT_3D('',#7129,#7130,#7131);
#7129 = CARTESIAN_POINT('',(28.230000577272,-77.63000057727,1.56));
#7130 = DIRECTION('',(0.,0.,1.));
#7131 = DIRECTION('',(-2.138050795262E-06,-0.999999999998,0.));
#7132 = ORIENTED_EDGE('',*,*,#7133,.T.);
#7133 = EDGE_CURVE('',#7125,#7072,#7134,.T.);
#7134 = LINE('',#7135,#7136);
#7135 = CARTESIAN_POINT('',(28.5,-77.63,1.56));
#7136 = VECTOR('',#7137,1.);
#7137 = DIRECTION('',(0.,1.,0.));
#7138 = FACE_BOUND('',#7139,.F.);
#7139 = EDGE_LOOP('',(#7140));
#7140 = ORIENTED_EDGE('',*,*,#7141,.T.);
#7141 = EDGE_CURVE('',#7142,#7142,#7144,.T.);
#7142 = VERTEX_POINT('',#7143);
#7143 = CARTESIAN_POINT('',(27.25,-75.55,1.56));
#7144 = CIRCLE('',#7145,0.35);
#7145 = AXIS2_PLACEMENT_3D('',#7146,#7147,#7148);
#7146 = CARTESIAN_POINT('',(26.9,-75.55,1.56));
#7147 = DIRECTION('',(0.,0.,1.));
#7148 = DIRECTION('',(1.,0.,-0.));
#7149 = FACE_BOUND('',#7150,.F.);
#7150 = EDGE_LOOP('',(#7151));
#7151 = ORIENTED_EDGE('',*,*,#7152,.T.);
#7152 = EDGE_CURVE('',#7153,#7153,#7155,.T.);
#7153 = VERTEX_POINT('',#7154);
#7154 = CARTESIAN_POINT('',(33.199999,-29.,1.56));
#7155 = CIRCLE('',#7156,3.199999);
#7156 = AXIS2_PLACEMENT_3D('',#7157,#7158,#7159);
#7157 = CARTESIAN_POINT('',(30.,-29.,1.56));
#7158 = DIRECTION('',(0.,0.,1.));
#7159 = DIRECTION('',(1.,0.,-0.));
#7160 = PLANE('',#7161);
#7161 = AXIS2_PLACEMENT_3D('',#7162,#7163,#7164);
#7162 = CARTESIAN_POINT('',(0.,0.,1.56));
#7163 = DIRECTION('',(0.,0.,1.));
#7164 = DIRECTION('',(1.,0.,-0.));
#7165 = ( GEOMETRIC_REPRESENTATION_CONTEXT(3) 
GLOBAL_UNCERTAINTY_ASSIGNED_CONTEXT((#7169)) 
GLOBAL_UNIT_ASSIGNED_CONTEXT((#7166,#7167,#7168)) REPRESENTATION_CONTEXT
('Context #1','3D Context with UNIT and UNCERTAINTY') );
#7166 = ( LENGTH_UNIT() NAMED_UNIT(*) SI_UNIT(.MILLI.,.METRE.) );
#7167 = ( NAMED_UNIT(*) PLANE_ANGLE_UNIT() SI_UNIT($,.RADIAN.) );
#7168 = ( NAMED_UNIT(*) SI_UNIT($,.STERADIAN.) SOLID_ANGLE_UNIT() );
#7169 = UNCERTAINTY_MEASURE_WITH_UNIT(LENGTH_MEASURE(1.E-07),#7166,
  'distance_accuracy_value','confusion accuracy');
#7170 = CONTEXT_DEPENDENT_SHAPE_REPRESENTATION(#7171,#7173);
#7171 = ( REPRESENTATION_RELATIONSHIP('','',#5984,#10) 
REPRESENTATION_RELATIONSHIP_WITH_TRANSFORMATION(#7172) 
SHAPE_REPRESENTATION_RELATIONSHIP() );
#7172 = ITEM_DEFINED_TRANSFORMATION('','',#11,#27);
#7173 = PRODUCT_DEFINITION_SHAPE('Placement','Placement of an item',
  #7174);
#7174 = NEXT_ASSEMBLY_USAGE_OCCURRENCE('4','=>[0:1:1:5]','',#5,#5979,$);
#7175 = PRODUCT_RELATED_PRODUCT_CATEGORY('part',$,(#5981));
#7176 = SHAPE_DEFINITION_REPRESENTATION(#7177,#7183);
#7177 = PRODUCT_DEFINITION_SHAPE('','',#7178);
#7178 = PRODUCT_DEFINITION('design','',#7179,#7182);
#7179 = PRODUCT_DEFINITION_FORMATION('','',#7180);
#7180 = PRODUCT('endcap_soldermask','endcap_soldermask','',(#7181));
#7181 = PRODUCT_CONTEXT('',#2,'mechanical');
#7182 = PRODUCT_DEFINITION_CONTEXT('part definition',#2,'design');
#7183 = MANIFOLD_SURFACE_SHAPE_REPRESENTATION('',(#11,#7184),#7314);
#7184 = SHELL_BASED_SURFACE_MODEL('',(#7185));
#7185 = OPEN_SHELL('',(#7186));
#7186 = ADVANCED_FACE('',(#7187,#7221,#7232,#7243,#7254,#7265,#7276,
    #7287,#7298),#7309,.T.);
#7187 = FACE_BOUND('',#7188,.T.);
#7188 = EDGE_LOOP('',(#7189,#7199,#7207,#7215));
#7189 = ORIENTED_EDGE('',*,*,#7190,.T.);
#7190 = EDGE_CURVE('',#7191,#7193,#7195,.T.);
#7191 = VERTEX_POINT('',#7192);
#7192 = CARTESIAN_POINT('',(25.,-175.,-5.E-02));
#7193 = VERTEX_POINT('',#7194);
#7194 = CARTESIAN_POINT('',(25.,-25.,-5.E-02));
#7195 = LINE('',#7196,#7197);
#7196 = CARTESIAN_POINT('',(25.,-175.,-5.E-02));
#7197 = VECTOR('',#7198,1.);
#7198 = DIRECTION('',(0.,1.,0.));
#7199 = ORIENTED_EDGE('',*,*,#7200,.T.);
#7200 = EDGE_CURVE('',#7193,#7201,#7203,.T.);
#7201 = VERTEX_POINT('',#7202);
#7202 = CARTESIAN_POINT('',(35.,-25.,-5.E-02));
#7203 = LINE('',#7204,#7205);
#7204 = CARTESIAN_POINT('',(25.,-25.,-5.E-02));
#7205 = VECTOR('',#7206,1.);
#7206 = DIRECTION('',(1.,0.,0.));
#7207 = ORIENTED_EDGE('',*,*,#7208,.T.);
#7208 = EDGE_CURVE('',#7201,#7209,#7211,.T.);
#7209 = VERTEX_POINT('',#7210);
#7210 = CARTESIAN_POINT('',(35.,-175.,-5.E-02));
#7211 = LINE('',#7212,#7213);
#7212 = CARTESIAN_POINT('',(35.,-25.,-5.E-02));
#7213 = VECTOR('',#7214,1.);
#7214 = DIRECTION('',(0.,-1.,0.));
#7215 = ORIENTED_EDGE('',*,*,#7216,.T.);
#7216 = EDGE_CURVE('',#7209,#7191,#7217,.T.);
#7217 = LINE('',#7218,#7219);
#7218 = CARTESIAN_POINT('',(35.,-175.,-5.E-02));
#7219 = VECTOR('',#7220,1.);
#7220 = DIRECTION('',(-1.,0.,0.));
#7221 = FACE_BOUND('',#7222,.T.);
#7222 = EDGE_LOOP('',(#7223));
#7223 = ORIENTED_EDGE('',*,*,#7224,.T.);
#7224 = EDGE_CURVE('',#7225,#7225,#7227,.T.);
#7225 = VERTEX_POINT('',#7226);
#7226 = CARTESIAN_POINT('',(33.199999,-171.,-5.E-02));
#7227 = CIRCLE('',#7228,3.199999);
#7228 = AXIS2_PLACEMENT_3D('',#7229,#7230,#7231);
#7229 = CARTESIAN_POINT('',(30.,-171.,-5.E-02));
#7230 = DIRECTION('',(0.,0.,1.));
#7231 = DIRECTION('',(1.,0.,-0.));
#7232 = FACE_BOUND('',#7233,.T.);
#7233 = EDGE_LOOP('',(#7234));
#7234 = ORIENTED_EDGE('',*,*,#7235,.T.);
#7235 = EDGE_CURVE('',#7236,#7236,#7238,.T.);
#7236 = VERTEX_POINT('',#7237);
#7237 = CARTESIAN_POINT('',(27.25,-122.45,-5.E-02));
#7238 = CIRCLE('',#7239,0.35);
#7239 = AXIS2_PLACEMENT_3D('',#7240,#7241,#7242);
#7240 = CARTESIAN_POINT('',(26.9,-122.45,-5.E-02));
#7241 = DIRECTION('',(0.,0.,1.));
#7242 = DIRECTION('',(1.,0.,-0.));
#7243 = FACE_BOUND('',#7244,.T.);
#7244 = EDGE_LOOP('',(#7245));
#7245 = ORIENTED_EDGE('',*,*,#7246,.T.);
#7246 = EDGE_CURVE('',#7247,#7247,#7249,.T.);
#7247 = VERTEX_POINT('',#7248);
#7248 = CARTESIAN_POINT('',(27.25,-109.55,-5.E-02));
#7249 = CIRCLE('',#7250,0.35);
#7250 = AXIS2_PLACEMENT_3D('',#7251,#7252,#7253);
#7251 = CARTESIAN_POINT('',(26.9,-109.55,-5.E-02));
#7252 = DIRECTION('',(0.,0.,1.));
#7253 = DIRECTION('',(1.,0.,-0.));
#7254 = FACE_BOUND('',#7255,.T.);
#7255 = EDGE_LOOP('',(#7256));
#7256 = ORIENTED_EDGE('',*,*,#7257,.T.);
#7257 = EDGE_CURVE('',#7258,#7258,#7260,.T.);
#7258 = VERTEX_POINT('',#7259);
#7259 = CARTESIAN_POINT('',(27.25,-105.45,-5.E-02));
#7260 = CIRCLE('',#7261,0.35);
#7261 = AXIS2_PLACEMENT_3D('',#7262,#7263,#7264);
#7262 = CARTESIAN_POINT('',(26.9,-105.45,-5.E-02));
#7263 = DIRECTION('',(0.,0.,1.));
#7264 = DIRECTION('',(1.,0.,-0.));
#7265 = FACE_BOUND('',#7266,.T.);
#7266 = EDGE_LOOP('',(#7267));
#7267 = ORIENTED_EDGE('',*,*,#7268,.T.);
#7268 = EDGE_CURVE('',#7269,#7269,#7271,.T.);
#7269 = VERTEX_POINT('',#7270);
#7270 = CARTESIAN_POINT('',(27.25,-92.55,-5.E-02));
#7271 = CIRCLE('',#7272,0.35);
#7272 = AXIS2_PLACEMENT_3D('',#7273,#7274,#7275);
#7273 = CARTESIAN_POINT('',(26.9,-92.55,-5.E-02));
#7274 = DIRECTION('',(0.,0.,1.));
#7275 = DIRECTION('',(1.,0.,-0.));
#7276 = FACE_BOUND('',#7277,.T.);
#7277 = EDGE_LOOP('',(#7278));
#7278 = ORIENTED_EDGE('',*,*,#7279,.T.);
#7279 = EDGE_CURVE('',#7280,#7280,#7282,.T.);
#7280 = VERTEX_POINT('',#7281);
#7281 = CARTESIAN_POINT('',(27.25,-88.45,-5.E-02));
#7282 = CIRCLE('',#7283,0.35);
#7283 = AXIS2_PLACEMENT_3D('',#7284,#7285,#7286);
#7284 = CARTESIAN_POINT('',(26.9,-88.45,-5.E-02));
#7285 = DIRECTION('',(0.,0.,1.));
#7286 = DIRECTION('',(1.,0.,-0.));
#7287 = FACE_BOUND('',#7288,.T.);
#7288 = EDGE_LOOP('',(#7289));
#7289 = ORIENTED_EDGE('',*,*,#7290,.T.);
#7290 = EDGE_CURVE('',#7291,#7291,#7293,.T.);
#7291 = VERTEX_POINT('',#7292);
#7292 = CARTESIAN_POINT('',(27.25,-75.55,-5.E-02));
#7293 = CIRCLE('',#7294,0.35);
#7294 = AXIS2_PLACEMENT_3D('',#7295,#7296,#7297);
#7295 = CARTESIAN_POINT('',(26.9,-75.55,-5.E-02));
#7296 = DIRECTION('',(0.,0.,1.));
#7297 = DIRECTION('',(1.,0.,-0.));
#7298 = FACE_BOUND('',#7299,.T.);
#7299 = EDGE_LOOP('',(#7300));
#7300 = ORIENTED_EDGE('',*,*,#7301,.T.);
#7301 = EDGE_CURVE('',#7302,#7302,#7304,.T.);
#7302 = VERTEX_POINT('',#7303);
#7303 = CARTESIAN_POINT('',(33.199999,-29.,-5.E-02));
#7304 = CIRCLE('',#7305,3.199999);
#7305 = AXIS2_PLACEMENT_3D('',#7306,#7307,#7308);
#7306 = CARTESIAN_POINT('',(30.,-29.,-5.E-02));
#7307 = DIRECTION('',(0.,0.,1.));
#7308 = DIRECTION('',(1.,0.,-0.));
#7309 = PLANE('',#7310);
#7310 = AXIS2_PLACEMENT_3D('',#7311,#7312,#7313);
#7311 = CARTESIAN_POINT('',(0.,0.,-5.E-02));
#7312 = DIRECTION('',(-0.,-0.,-1.));
#7313 = DIRECTION('',(-1.,0.,0.));
#7314 = ( GEOMETRIC_REPRESENTATION_CONTEXT(3) 
GLOBAL_UNCERTAINTY_ASSIGNED_CONTEXT((#7318)) 
GLOBAL_UNIT_ASSIGNED_CONTEXT((#7315,#7316,#7317)) REPRESENTATION_CONTEXT
('Context #1','3D Context with UNIT and UNCERTAINTY') );
#7315 = ( LENGTH_UNIT() NAMED_UNIT(*) SI_UNIT(.MILLI.,.METRE.) );
#7316 = ( NAMED_UNIT(*) PLANE_ANGLE_UNIT() SI_UNIT($,.RADIAN.) );
#7317 = ( NAMED_UNIT(*) SI_UNIT($,.STERADIAN.) SOLID_ANGLE_UNIT() );
#7318 = UNCERTAINTY_MEASURE_WITH_UNIT(LENGTH_MEASURE(1.E-07),#7315,
  'distance_accuracy_value','confusion accuracy');
#7319 = CONTEXT_DEPENDENT_SHAPE_REPRESENTATION(#7320,#7322);
#7320 = ( REPRESENTATION_RELATIONSHIP('','',#7183,#10) 
REPRESENTATION_RELATIONSHIP_WITH_TRANSFORMATION(#7321) 
SHAPE_REPRESENTATION_RELATIONSHIP() );
#7321 = ITEM_DEFINED_TRANSFORMATION('','',#11,#31);
#7322 = PRODUCT_DEFINITION_SHAPE('Placement','Placement of an item',
  #7323);
#7323 = NEXT_ASSEMBLY_USAGE_OCCURRENCE('5','=>[0:1:1:6]','',#5,#7178,$);
#7324 = PRODUCT_RELATED_PRODUCT_CATEGORY('part',$,(#7180));
#7325 = SHAPE_DEFINITION_REPRESENTATION(#7326,#7332);
#7326 = PRODUCT_DEFINITION_SHAPE('','',#7327);
#7327 = PRODUCT_DEFINITION('design','',#7328,#7331);
#7328 = PRODUCT_DEFINITION_FORMATION('','',#7329);
#7329 = PRODUCT('endcap_PCB','endcap_PCB','',(#7330));
#7330 = PRODUCT_CONTEXT('',#2,'mechanical');
#7331 = PRODUCT_DEFINITION_CONTEXT('part definition',#2,'design');
#7332 = ADVANCED_BREP_SHAPE_REPRESENTATION('',(#11,#7333),#7795);
#7333 = MANIFOLD_SOLID_BREP('',#7334);
#7334 = CLOSED_SHELL('',(#7335,#7375,#7406,#7437,#7542,#7647,#7659,#7676
    ,#7693,#7710,#7727,#7744,#7761,#7778));
#7335 = ADVANCED_FACE('',(#7336),#7370,.T.);
#7336 = FACE_BOUND('',#7337,.T.);
#7337 = EDGE_LOOP('',(#7338,#7348,#7356,#7364));
#7338 = ORIENTED_EDGE('',*,*,#7339,.T.);
#7339 = EDGE_CURVE('',#7340,#7342,#7344,.T.);
#7340 = VERTEX_POINT('',#7341);
#7341 = CARTESIAN_POINT('',(35.,-175.,0.));
#7342 = VERTEX_POINT('',#7343);
#7343 = CARTESIAN_POINT('',(35.,-175.,1.51));
#7344 = LINE('',#7345,#7346);
#7345 = CARTESIAN_POINT('',(35.,-175.,0.));
#7346 = VECTOR('',#7347,1.);
#7347 = DIRECTION('',(0.,0.,1.));
#7348 = ORIENTED_EDGE('',*,*,#7349,.T.);
#7349 = EDGE_CURVE('',#7342,#7350,#7352,.T.);
#7350 = VERTEX_POINT('',#7351);
#7351 = CARTESIAN_POINT('',(25.,-175.,1.51));
#7352 = LINE('',#7353,#7354);
#7353 = CARTESIAN_POINT('',(35.,-175.,1.51));
#7354 = VECTOR('',#7355,1.);
#7355 = DIRECTION('',(-1.,0.,0.));
#7356 = ORIENTED_EDGE('',*,*,#7357,.F.);
#7357 = EDGE_CURVE('',#7358,#7350,#7360,.T.);
#7358 = VERTEX_POINT('',#7359);
#7359 = CARTESIAN_POINT('',(25.,-175.,0.));
#7360 = LINE('',#7361,#7362);
#7361 = CARTESIAN_POINT('',(25.,-175.,0.));
#7362 = VECTOR('',#7363,1.);
#7363 = DIRECTION('',(0.,0.,1.));
#7364 = ORIENTED_EDGE('',*,*,#7365,.F.);
#7365 = EDGE_CURVE('',#7340,#7358,#7366,.T.);
#7366 = LINE('',#7367,#7368);
#7367 = CARTESIAN_POINT('',(35.,-175.,0.));
#7368 = VECTOR('',#7369,1.);
#7369 = DIRECTION('',(-1.,0.,0.));
#7370 = PLANE('',#7371);
#7371 = AXIS2_PLACEMENT_3D('',#7372,#7373,#7374);
#7372 = CARTESIAN_POINT('',(35.,-175.,0.));
#7373 = DIRECTION('',(0.,-1.,0.));
#7374 = DIRECTION('',(-1.,0.,0.));
#7375 = ADVANCED_FACE('',(#7376),#7401,.T.);
#7376 = FACE_BOUND('',#7377,.T.);
#7377 = EDGE_LOOP('',(#7378,#7388,#7394,#7395));
#7378 = ORIENTED_EDGE('',*,*,#7379,.T.);
#7379 = EDGE_CURVE('',#7380,#7382,#7384,.T.);
#7380 = VERTEX_POINT('',#7381);
#7381 = CARTESIAN_POINT('',(35.,-25.,0.));
#7382 = VERTEX_POINT('',#7383);
#7383 = CARTESIAN_POINT('',(35.,-25.,1.51));
#7384 = LINE('',#7385,#7386);
#7385 = CARTESIAN_POINT('',(35.,-25.,0.));
#7386 = VECTOR('',#7387,1.);
#7387 = DIRECTION('',(0.,0.,1.));
#7388 = ORIENTED_EDGE('',*,*,#7389,.T.);
#7389 = EDGE_CURVE('',#7382,#7342,#7390,.T.);
#7390 = LINE('',#7391,#7392);
#7391 = CARTESIAN_POINT('',(35.,-25.,1.51));
#7392 = VECTOR('',#7393,1.);
#7393 = DIRECTION('',(0.,-1.,0.));
#7394 = ORIENTED_EDGE('',*,*,#7339,.F.);
#7395 = ORIENTED_EDGE('',*,*,#7396,.F.);
#7396 = EDGE_CURVE('',#7380,#7340,#7397,.T.);
#7397 = LINE('',#7398,#7399);
#7398 = CARTESIAN_POINT('',(35.,-25.,0.));
#7399 = VECTOR('',#7400,1.);
#7400 = DIRECTION('',(0.,-1.,0.));
#7401 = PLANE('',#7402);
#7402 = AXIS2_PLACEMENT_3D('',#7403,#7404,#7405);
#7403 = CARTESIAN_POINT('',(35.,-25.,0.));
#7404 = DIRECTION('',(1.,0.,-0.));
#7405 = DIRECTION('',(0.,-1.,0.));
#7406 = ADVANCED_FACE('',(#7407),#7432,.T.);
#7407 = FACE_BOUND('',#7408,.T.);
#7408 = EDGE_LOOP('',(#7409,#7410,#7418,#7426));
#7409 = ORIENTED_EDGE('',*,*,#7357,.T.);
#7410 = ORIENTED_EDGE('',*,*,#7411,.T.);
#7411 = EDGE_CURVE('',#7350,#7412,#7414,.T.);
#7412 = VERTEX_POINT('',#7413);
#7413 = CARTESIAN_POINT('',(25.,-25.,1.51));
#7414 = LINE('',#7415,#7416);
#7415 = CARTESIAN_POINT('',(25.,-175.,1.51));
#7416 = VECTOR('',#7417,1.);
#7417 = DIRECTION('',(0.,1.,0.));
#7418 = ORIENTED_EDGE('',*,*,#7419,.F.);
#7419 = EDGE_CURVE('',#7420,#7412,#7422,.T.);
#7420 = VERTEX_POINT('',#7421);
#7421 = CARTESIAN_POINT('',(25.,-25.,0.));
#7422 = LINE('',#7423,#7424);
#7423 = CARTESIAN_POINT('',(25.,-25.,0.));
#7424 = VECTOR('',#7425,1.);
#7425 = DIRECTION('',(0.,0.,1.));
#7426 = ORIENTED_EDGE('',*,*,#7427,.F.);
#7427 = EDGE_CURVE('',#7358,#7420,#7428,.T.);
#7428 = LINE('',#7429,#7430);
#7429 = CARTESIAN_POINT('',(25.,-175.,0.));
#7430 = VECTOR('',#7431,1.);
#7431 = DIRECTION('',(0.,1.,0.));
#7432 = PLANE('',#7433);
#7433 = AXIS2_PLACEMENT_3D('',#7434,#7435,#7436);
#7434 = CARTESIAN_POINT('',(25.,-175.,0.));
#7435 = DIRECTION('',(-1.,0.,0.));
#7436 = DIRECTION('',(0.,1.,0.));
#7437 = ADVANCED_FACE('',(#7438,#7449,#7460,#7471,#7482,#7493,#7504,
    #7515,#7526),#7537,.F.);
#7438 = FACE_BOUND('',#7439,.F.);
#7439 = EDGE_LOOP('',(#7440,#7441,#7442,#7448));
#7440 = ORIENTED_EDGE('',*,*,#7365,.F.);
#7441 = ORIENTED_EDGE('',*,*,#7396,.F.);
#7442 = ORIENTED_EDGE('',*,*,#7443,.F.);
#7443 = EDGE_CURVE('',#7420,#7380,#7444,.T.);
#7444 = LINE('',#7445,#7446);
#7445 = CARTESIAN_POINT('',(25.,-25.,0.));
#7446 = VECTOR('',#7447,1.);
#7447 = DIRECTION('',(1.,0.,0.));
#7448 = ORIENTED_EDGE('',*,*,#7427,.F.);
#7449 = FACE_BOUND('',#7450,.F.);
#7450 = EDGE_LOOP('',(#7451));
#7451 = ORIENTED_EDGE('',*,*,#7452,.T.);
#7452 = EDGE_CURVE('',#7453,#7453,#7455,.T.);
#7453 = VERTEX_POINT('',#7454);
#7454 = CARTESIAN_POINT('',(26.9,-122.8,0.));
#7455 = CIRCLE('',#7456,0.35);
#7456 = AXIS2_PLACEMENT_3D('',#7457,#7458,#7459);
#7457 = CARTESIAN_POINT('',(26.9,-122.45,0.));
#7458 = DIRECTION('',(-0.,0.,-1.));
#7459 = DIRECTION('',(-0.,-1.,0.));
#7460 = FACE_BOUND('',#7461,.F.);
#7461 = EDGE_LOOP('',(#7462));
#7462 = ORIENTED_EDGE('',*,*,#7463,.T.);
#7463 = EDGE_CURVE('',#7464,#7464,#7466,.T.);
#7464 = VERTEX_POINT('',#7465);
#7465 = CARTESIAN_POINT('',(26.9,-109.9,0.));
#7466 = CIRCLE('',#7467,0.35);
#7467 = AXIS2_PLACEMENT_3D('',#7468,#7469,#7470);
#7468 = CARTESIAN_POINT('',(26.9,-109.55,0.));
#7469 = DIRECTION('',(-0.,0.,-1.));
#7470 = DIRECTION('',(-0.,-1.,0.));
#7471 = FACE_BOUND('',#7472,.F.);
#7472 = EDGE_LOOP('',(#7473));
#7473 = ORIENTED_EDGE('',*,*,#7474,.T.);
#7474 = EDGE_CURVE('',#7475,#7475,#7477,.T.);
#7475 = VERTEX_POINT('',#7476);
#7476 = CARTESIAN_POINT('',(26.9,-105.8,0.));
#7477 = CIRCLE('',#7478,0.35);
#7478 = AXIS2_PLACEMENT_3D('',#7479,#7480,#7481);
#7479 = CARTESIAN_POINT('',(26.9,-105.45,0.));
#7480 = DIRECTION('',(-0.,0.,-1.));
#7481 = DIRECTION('',(-0.,-1.,0.));
#7482 = FACE_BOUND('',#7483,.F.);
#7483 = EDGE_LOOP('',(#7484));
#7484 = ORIENTED_EDGE('',*,*,#7485,.T.);
#7485 = EDGE_CURVE('',#7486,#7486,#7488,.T.);
#7486 = VERTEX_POINT('',#7487);
#7487 = CARTESIAN_POINT('',(30.,-172.6,0.));
#7488 = CIRCLE('',#7489,1.6);
#7489 = AXIS2_PLACEMENT_3D('',#7490,#7491,#7492);
#7490 = CARTESIAN_POINT('',(30.,-171.,0.));
#7491 = DIRECTION('',(-0.,0.,-1.));
#7492 = DIRECTION('',(-0.,-1.,0.));
#7493 = FACE_BOUND('',#7494,.F.);
#7494 = EDGE_LOOP('',(#7495));
#7495 = ORIENTED_EDGE('',*,*,#7496,.T.);
#7496 = EDGE_CURVE('',#7497,#7497,#7499,.T.);
#7497 = VERTEX_POINT('',#7498);
#7498 = CARTESIAN_POINT('',(26.9,-92.9,0.));
#7499 = CIRCLE('',#7500,0.35);
#7500 = AXIS2_PLACEMENT_3D('',#7501,#7502,#7503);
#7501 = CARTESIAN_POINT('',(26.9,-92.55,0.));
#7502 = DIRECTION('',(-0.,0.,-1.));
#7503 = DIRECTION('',(-0.,-1.,0.));
#7504 = FACE_BOUND('',#7505,.F.);
#7505 = EDGE_LOOP('',(#7506));
#7506 = ORIENTED_EDGE('',*,*,#7507,.T.);
#7507 = EDGE_CURVE('',#7508,#7508,#7510,.T.);
#7508 = VERTEX_POINT('',#7509);
#7509 = CARTESIAN_POINT('',(26.9,-88.8,0.));
#7510 = CIRCLE('',#7511,0.35);
#7511 = AXIS2_PLACEMENT_3D('',#7512,#7513,#7514);
#7512 = CARTESIAN_POINT('',(26.9,-88.45,0.));
#7513 = DIRECTION('',(-0.,0.,-1.));
#7514 = DIRECTION('',(-0.,-1.,0.));
#7515 = FACE_BOUND('',#7516,.F.);
#7516 = EDGE_LOOP('',(#7517));
#7517 = ORIENTED_EDGE('',*,*,#7518,.T.);
#7518 = EDGE_CURVE('',#7519,#7519,#7521,.T.);
#7519 = VERTEX_POINT('',#7520);
#7520 = CARTESIAN_POINT('',(26.9,-75.9,0.));
#7521 = CIRCLE('',#7522,0.35);
#7522 = AXIS2_PLACEMENT_3D('',#7523,#7524,#7525);
#7523 = CARTESIAN_POINT('',(26.9,-75.55,0.));
#7524 = DIRECTION('',(-0.,0.,-1.));
#7525 = DIRECTION('',(-0.,-1.,0.));
#7526 = FACE_BOUND('',#7527,.F.);
#7527 = EDGE_LOOP('',(#7528));
#7528 = ORIENTED_EDGE('',*,*,#7529,.T.);
#7529 = EDGE_CURVE('',#7530,#7530,#7532,.T.);
#7530 = VERTEX_POINT('',#7531);
#7531 = CARTESIAN_POINT('',(30.,-30.6,0.));
#7532 = CIRCLE('',#7533,1.6);
#7533 = AXIS2_PLACEMENT_3D('',#7534,#7535,#7536);
#7534 = CARTESIAN_POINT('',(30.,-29.,0.));
#7535 = DIRECTION('',(-0.,0.,-1.));
#7536 = DIRECTION('',(-0.,-1.,0.));
#7537 = PLANE('',#7538);
#7538 = AXIS2_PLACEMENT_3D('',#7539,#7540,#7541);
#7539 = CARTESIAN_POINT('',(0.,0.,0.));
#7540 = DIRECTION('',(0.,0.,1.));
#7541 = DIRECTION('',(1.,0.,-0.));
#7542 = ADVANCED_FACE('',(#7543,#7554,#7565,#7576,#7587,#7598,#7609,
    #7620,#7631),#7642,.T.);
#7543 = FACE_BOUND('',#7544,.T.);
#7544 = EDGE_LOOP('',(#7545,#7546,#7547,#7553));
#7545 = ORIENTED_EDGE('',*,*,#7349,.F.);
#7546 = ORIENTED_EDGE('',*,*,#7389,.F.);
#7547 = ORIENTED_EDGE('',*,*,#7548,.F.);
#7548 = EDGE_CURVE('',#7412,#7382,#7549,.T.);
#7549 = LINE('',#7550,#7551);
#7550 = CARTESIAN_POINT('',(25.,-25.,1.51));
#7551 = VECTOR('',#7552,1.);
#7552 = DIRECTION('',(1.,0.,0.));
#7553 = ORIENTED_EDGE('',*,*,#7411,.F.);
#7554 = FACE_BOUND('',#7555,.T.);
#7555 = EDGE_LOOP('',(#7556));
#7556 = ORIENTED_EDGE('',*,*,#7557,.T.);
#7557 = EDGE_CURVE('',#7558,#7558,#7560,.T.);
#7558 = VERTEX_POINT('',#7559);
#7559 = CARTESIAN_POINT('',(26.9,-122.8,1.51));
#7560 = CIRCLE('',#7561,0.35);
#7561 = AXIS2_PLACEMENT_3D('',#7562,#7563,#7564);
#7562 = CARTESIAN_POINT('',(26.9,-122.45,1.51));
#7563 = DIRECTION('',(-0.,0.,-1.));
#7564 = DIRECTION('',(-0.,-1.,0.));
#7565 = FACE_BOUND('',#7566,.T.);
#7566 = EDGE_LOOP('',(#7567));
#7567 = ORIENTED_EDGE('',*,*,#7568,.T.);
#7568 = EDGE_CURVE('',#7569,#7569,#7571,.T.);
#7569 = VERTEX_POINT('',#7570);
#7570 = CARTESIAN_POINT('',(26.9,-109.9,1.51));
#7571 = CIRCLE('',#7572,0.35);
#7572 = AXIS2_PLACEMENT_3D('',#7573,#7574,#7575);
#7573 = CARTESIAN_POINT('',(26.9,-109.55,1.51));
#7574 = DIRECTION('',(-0.,0.,-1.));
#7575 = DIRECTION('',(-0.,-1.,0.));
#7576 = FACE_BOUND('',#7577,.T.);
#7577 = EDGE_LOOP('',(#7578));
#7578 = ORIENTED_EDGE('',*,*,#7579,.T.);
#7579 = EDGE_CURVE('',#7580,#7580,#7582,.T.);
#7580 = VERTEX_POINT('',#7581);
#7581 = CARTESIAN_POINT('',(26.9,-105.8,1.51));
#7582 = CIRCLE('',#7583,0.35);
#7583 = AXIS2_PLACEMENT_3D('',#7584,#7585,#7586);
#7584 = CARTESIAN_POINT('',(26.9,-105.45,1.51));
#7585 = DIRECTION('',(-0.,0.,-1.));
#7586 = DIRECTION('',(-0.,-1.,0.));
#7587 = FACE_BOUND('',#7588,.T.);
#7588 = EDGE_LOOP('',(#7589));
#7589 = ORIENTED_EDGE('',*,*,#7590,.T.);
#7590 = EDGE_CURVE('',#7591,#7591,#7593,.T.);
#7591 = VERTEX_POINT('',#7592);
#7592 = CARTESIAN_POINT('',(30.,-172.6,1.51));
#7593 = CIRCLE('',#7594,1.6);
#7594 = AXIS2_PLACEMENT_3D('',#7595,#7596,#7597);
#7595 = CARTESIAN_POINT('',(30.,-171.,1.51));
#7596 = DIRECTION('',(-0.,0.,-1.));
#7597 = DIRECTION('',(-0.,-1.,0.));
#7598 = FACE_BOUND('',#7599,.T.);
#7599 = EDGE_LOOP('',(#7600));
#7600 = ORIENTED_EDGE('',*,*,#7601,.T.);
#7601 = EDGE_CURVE('',#7602,#7602,#7604,.T.);
#7602 = VERTEX_POINT('',#7603);
#7603 = CARTESIAN_POINT('',(26.9,-92.9,1.51));
#7604 = CIRCLE('',#7605,0.35);
#7605 = AXIS2_PLACEMENT_3D('',#7606,#7607,#7608);
#7606 = CARTESIAN_POINT('',(26.9,-92.55,1.51));
#7607 = DIRECTION('',(-0.,0.,-1.));
#7608 = DIRECTION('',(-0.,-1.,0.));
#7609 = FACE_BOUND('',#7610,.T.);
#7610 = EDGE_LOOP('',(#7611));
#7611 = ORIENTED_EDGE('',*,*,#7612,.T.);
#7612 = EDGE_CURVE('',#7613,#7613,#7615,.T.);
#7613 = VERTEX_POINT('',#7614);
#7614 = CARTESIAN_POINT('',(26.9,-88.8,1.51));
#7615 = CIRCLE('',#7616,0.35);
#7616 = AXIS2_PLACEMENT_3D('',#7617,#7618,#7619);
#7617 = CARTESIAN_POINT('',(26.9,-88.45,1.51));
#7618 = DIRECTION('',(-0.,0.,-1.));
#7619 = DIRECTION('',(-0.,-1.,0.));
#7620 = FACE_BOUND('',#7621,.T.);
#7621 = EDGE_LOOP('',(#7622));
#7622 = ORIENTED_EDGE('',*,*,#7623,.T.);
#7623 = EDGE_CURVE('',#7624,#7624,#7626,.T.);
#7624 = VERTEX_POINT('',#7625);
#7625 = CARTESIAN_POINT('',(26.9,-75.9,1.51));
#7626 = CIRCLE('',#7627,0.35);
#7627 = AXIS2_PLACEMENT_3D('',#7628,#7629,#7630);
#7628 = CARTESIAN_POINT('',(26.9,-75.55,1.51));
#7629 = DIRECTION('',(-0.,0.,-1.));
#7630 = DIRECTION('',(-0.,-1.,0.));
#7631 = FACE_BOUND('',#7632,.T.);
#7632 = EDGE_LOOP('',(#7633));
#7633 = ORIENTED_EDGE('',*,*,#7634,.T.);
#7634 = EDGE_CURVE('',#7635,#7635,#7637,.T.);
#7635 = VERTEX_POINT('',#7636);
#7636 = CARTESIAN_POINT('',(30.,-30.6,1.51));
#7637 = CIRCLE('',#7638,1.6);
#7638 = AXIS2_PLACEMENT_3D('',#7639,#7640,#7641);
#7639 = CARTESIAN_POINT('',(30.,-29.,1.51));
#7640 = DIRECTION('',(-0.,0.,-1.));
#7641 = DIRECTION('',(-0.,-1.,0.));
#7642 = PLANE('',#7643);
#7643 = AXIS2_PLACEMENT_3D('',#7644,#7645,#7646);
#7644 = CARTESIAN_POINT('',(0.,0.,1.51));
#7645 = DIRECTION('',(0.,0.,1.));
#7646 = DIRECTION('',(1.,0.,-0.));
#7647 = ADVANCED_FACE('',(#7648),#7654,.T.);
#7648 = FACE_BOUND('',#7649,.T.);
#7649 = EDGE_LOOP('',(#7650,#7651,#7652,#7653));
#7650 = ORIENTED_EDGE('',*,*,#7419,.T.);
#7651 = ORIENTED_EDGE('',*,*,#7548,.T.);
#7652 = ORIENTED_EDGE('',*,*,#7379,.F.);
#7653 = ORIENTED_EDGE('',*,*,#7443,.F.);
#7654 = PLANE('',#7655);
#7655 = AXIS2_PLACEMENT_3D('',#7656,#7657,#7658);
#7656 = CARTESIAN_POINT('',(25.,-25.,0.));
#7657 = DIRECTION('',(0.,1.,0.));
#7658 = DIRECTION('',(1.,0.,0.));
#7659 = ADVANCED_FACE('',(#7660),#7671,.F.);
#7660 = FACE_BOUND('',#7661,.T.);
#7661 = EDGE_LOOP('',(#7662,#7663,#7669,#7670));
#7662 = ORIENTED_EDGE('',*,*,#7452,.T.);
#7663 = ORIENTED_EDGE('',*,*,#7664,.T.);
#7664 = EDGE_CURVE('',#7453,#7558,#7665,.T.);
#7665 = LINE('',#7666,#7667);
#7666 = CARTESIAN_POINT('',(26.9,-122.8,-4.6E-02));
#7667 = VECTOR('',#7668,1.);
#7668 = DIRECTION('',(0.,0.,1.));
#7669 = ORIENTED_EDGE('',*,*,#7557,.F.);
#7670 = ORIENTED_EDGE('',*,*,#7664,.F.);
#7671 = CYLINDRICAL_SURFACE('',#7672,0.35);
#7672 = AXIS2_PLACEMENT_3D('',#7673,#7674,#7675);
#7673 = CARTESIAN_POINT('',(26.9,-122.45,-4.6E-02));
#7674 = DIRECTION('',(-0.,-0.,-1.));
#7675 = DIRECTION('',(-0.,-1.,0.));
#7676 = ADVANCED_FACE('',(#7677),#7688,.F.);
#7677 = FACE_BOUND('',#7678,.T.);
#7678 = EDGE_LOOP('',(#7679,#7680,#7686,#7687));
#7679 = ORIENTED_EDGE('',*,*,#7463,.T.);
#7680 = ORIENTED_EDGE('',*,*,#7681,.T.);
#7681 = EDGE_CURVE('',#7464,#7569,#7682,.T.);
#7682 = LINE('',#7683,#7684);
#7683 = CARTESIAN_POINT('',(26.9,-109.9,-4.6E-02));
#7684 = VECTOR('',#7685,1.);
#7685 = DIRECTION('',(0.,0.,1.));
#7686 = ORIENTED_EDGE('',*,*,#7568,.F.);
#7687 = ORIENTED_EDGE('',*,*,#7681,.F.);
#7688 = CYLINDRICAL_SURFACE('',#7689,0.35);
#7689 = AXIS2_PLACEMENT_3D('',#7690,#7691,#7692);
#7690 = CARTESIAN_POINT('',(26.9,-109.55,-4.6E-02));
#7691 = DIRECTION('',(-0.,-0.,-1.));
#7692 = DIRECTION('',(-0.,-1.,0.));
#7693 = ADVANCED_FACE('',(#7694),#7705,.F.);
#7694 = FACE_BOUND('',#7695,.T.);
#7695 = EDGE_LOOP('',(#7696,#7697,#7703,#7704));
#7696 = ORIENTED_EDGE('',*,*,#7474,.T.);
#7697 = ORIENTED_EDGE('',*,*,#7698,.T.);
#7698 = EDGE_CURVE('',#7475,#7580,#7699,.T.);
#7699 = LINE('',#7700,#7701);
#7700 = CARTESIAN_POINT('',(26.9,-105.8,-4.6E-02));
#7701 = VECTOR('',#7702,1.);
#7702 = DIRECTION('',(0.,0.,1.));
#7703 = ORIENTED_EDGE('',*,*,#7579,.F.);
#7704 = ORIENTED_EDGE('',*,*,#7698,.F.);
#7705 = CYLINDRICAL_SURFACE('',#7706,0.35);
#7706 = AXIS2_PLACEMENT_3D('',#7707,#7708,#7709);
#7707 = CARTESIAN_POINT('',(26.9,-105.45,-4.6E-02));
#7708 = DIRECTION('',(-0.,-0.,-1.));
#7709 = DIRECTION('',(-0.,-1.,0.));
#7710 = ADVANCED_FACE('',(#7711),#7722,.F.);
#7711 = FACE_BOUND('',#7712,.T.);
#7712 = EDGE_LOOP('',(#7713,#7714,#7720,#7721));
#7713 = ORIENTED_EDGE('',*,*,#7485,.T.);
#7714 = ORIENTED_EDGE('',*,*,#7715,.T.);
#7715 = EDGE_CURVE('',#7486,#7591,#7716,.T.);
#7716 = LINE('',#7717,#7718);
#7717 = CARTESIAN_POINT('',(30.,-172.6,-4.6E-02));
#7718 = VECTOR('',#7719,1.);
#7719 = DIRECTION('',(0.,0.,1.));
#7720 = ORIENTED_EDGE('',*,*,#7590,.F.);
#7721 = ORIENTED_EDGE('',*,*,#7715,.F.);
#7722 = CYLINDRICAL_SURFACE('',#7723,1.6);
#7723 = AXIS2_PLACEMENT_3D('',#7724,#7725,#7726);
#7724 = CARTESIAN_POINT('',(30.,-171.,-4.6E-02));
#7725 = DIRECTION('',(-0.,-0.,-1.));
#7726 = DIRECTION('',(-0.,-1.,0.));
#7727 = ADVANCED_FACE('',(#7728),#7739,.F.);
#7728 = FACE_BOUND('',#7729,.T.);
#7729 = EDGE_LOOP('',(#7730,#7731,#7737,#7738));
#7730 = ORIENTED_EDGE('',*,*,#7496,.T.);
#7731 = ORIENTED_EDGE('',*,*,#7732,.T.);
#7732 = EDGE_CURVE('',#7497,#7602,#7733,.T.);
#7733 = LINE('',#7734,#7735);
#7734 = CARTESIAN_POINT('',(26.9,-92.9,-4.6E-02));
#7735 = VECTOR('',#7736,1.);
#7736 = DIRECTION('',(0.,0.,1.));
#7737 = ORIENTED_EDGE('',*,*,#7601,.F.);
#7738 = ORIENTED_EDGE('',*,*,#7732,.F.);
#7739 = CYLINDRICAL_SURFACE('',#7740,0.35);
#7740 = AXIS2_PLACEMENT_3D('',#7741,#7742,#7743);
#7741 = CARTESIAN_POINT('',(26.9,-92.55,-4.6E-02));
#7742 = DIRECTION('',(-0.,-0.,-1.));
#7743 = DIRECTION('',(-0.,-1.,0.));
#7744 = ADVANCED_FACE('',(#7745),#7756,.F.);
#7745 = FACE_BOUND('',#7746,.T.);
#7746 = EDGE_LOOP('',(#7747,#7748,#7754,#7755));
#7747 = ORIENTED_EDGE('',*,*,#7507,.T.);
#7748 = ORIENTED_EDGE('',*,*,#7749,.T.);
#7749 = EDGE_CURVE('',#7508,#7613,#7750,.T.);
#7750 = LINE('',#7751,#7752);
#7751 = CARTESIAN_POINT('',(26.9,-88.8,-4.6E-02));
#7752 = VECTOR('',#7753,1.);
#7753 = DIRECTION('',(0.,0.,1.));
#7754 = ORIENTED_EDGE('',*,*,#7612,.F.);
#7755 = ORIENTED_EDGE('',*,*,#7749,.F.);
#7756 = CYLINDRICAL_SURFACE('',#7757,0.35);
#7757 = AXIS2_PLACEMENT_3D('',#7758,#7759,#7760);
#7758 = CARTESIAN_POINT('',(26.9,-88.45,-4.6E-02));
#7759 = DIRECTION('',(-0.,-0.,-1.));
#7760 = DIRECTION('',(-0.,-1.,0.));
#7761 = ADVANCED_FACE('',(#7762),#7773,.F.);
#7762 = FACE_BOUND('',#7763,.T.);
#7763 = EDGE_LOOP('',(#7764,#7765,#7771,#7772));
#7764 = ORIENTED_EDGE('',*,*,#7518,.T.);
#7765 = ORIENTED_EDGE('',*,*,#7766,.T.);
#7766 = EDGE_CURVE('',#7519,#7624,#7767,.T.);
#7767 = LINE('',#7768,#7769);
#7768 = CARTESIAN_POINT('',(26.9,-75.9,-4.6E-02));
#7769 = VECTOR('',#7770,1.);
#7770 = DIRECTION('',(0.,0.,1.));
#7771 = ORIENTED_EDGE('',*,*,#7623,.F.);
#7772 = ORIENTED_EDGE('',*,*,#7766,.F.);
#7773 = CYLINDRICAL_SURFACE('',#7774,0.35);
#7774 = AXIS2_PLACEMENT_3D('',#7775,#7776,#7777);
#7775 = CARTESIAN_POINT('',(26.9,-75.55,-4.6E-02));
#7776 = DIRECTION('',(-0.,-0.,-1.));
#7777 = DIRECTION('',(-0.,-1.,0.));
#7778 = ADVANCED_FACE('',(#7779),#7790,.F.);
#7779 = FACE_BOUND('',#7780,.T.);
#7780 = EDGE_LOOP('',(#7781,#7782,#7788,#7789));
#7781 = ORIENTED_EDGE('',*,*,#7529,.T.);
#7782 = ORIENTED_EDGE('',*,*,#7783,.T.);
#7783 = EDGE_CURVE('',#7530,#7635,#7784,.T.);
#7784 = LINE('',#7785,#7786);
#7785 = CARTESIAN_POINT('',(30.,-30.6,-4.6E-02));
#7786 = VECTOR('',#7787,1.);
#7787 = DIRECTION('',(0.,0.,1.));
#7788 = ORIENTED_EDGE('',*,*,#7634,.F.);
#7789 = ORIENTED_EDGE('',*,*,#7783,.F.);
#7790 = CYLINDRICAL_SURFACE('',#7791,1.6);
#7791 = AXIS2_PLACEMENT_3D('',#7792,#7793,#7794);
#7792 = CARTESIAN_POINT('',(30.,-29.,-4.6E-02));
#7793 = DIRECTION('',(-0.,-0.,-1.));
#7794 = DIRECTION('',(-0.,-1.,0.));
#7795 = ( GEOMETRIC_REPRESENTATION_CONTEXT(3) 
GLOBAL_UNCERTAINTY_ASSIGNED_CONTEXT((#7799)) 
GLOBAL_UNIT_ASSIGNED_CONTEXT((#7796,#7797,#7798)) REPRESENTATION_CONTEXT
('Context #1','3D Context with UNIT and UNCERTAINTY') );
#7796 = ( LENGTH_UNIT() NAMED_UNIT(*) SI_UNIT(.MILLI.,.METRE.) );
#7797 = ( NAMED_UNIT(*) PLANE_ANGLE_UNIT() SI_UNIT($,.RADIAN.) );
#7798 = ( NAMED_UNIT(*) SI_UNIT($,.STERADIAN.) SOLID_ANGLE_UNIT() );
#7799 = UNCERTAINTY_MEASURE_WITH_UNIT(LENGTH_MEASURE(1.E-07),#7796,
  'distance_accuracy_value','confusion accuracy');
#7800 = CONTEXT_DEPENDENT_SHAPE_REPRESENTATION(#7801,#7803);
#7801 = ( REPRESENTATION_RELATIONSHIP('','',#7332,#10) 
REPRESENTATION_RELATIONSHIP_WITH_TRANSFORMATION(#7802) 
SHAPE_REPRESENTATION_RELATIONSHIP() );
#7802 = ITEM_DEFINED_TRANSFORMATION('','',#11,#35);
#7803 = PRODUCT_DEFINITION_SHAPE('Placement','Placement of an item',
  #7804);
#7804 = NEXT_ASSEMBLY_USAGE_OCCURRENCE('6','=>[0:1:1:7]','',#5,#7327,$);
#7805 = PRODUCT_RELATED_PRODUCT_CATEGORY('part',$,(#7329));
#7806 = MECHANICAL_DESIGN_GEOMETRIC_PRESENTATION_REPRESENTATION('',(
    #7807),#7165);
#7807 = STYLED_ITEM('color',(#7808),#5987);
#7808 = PRESENTATION_STYLE_ASSIGNMENT((#7809));
#7809 = SURFACE_STYLE_USAGE(.BOTH.,#7810);
#7810 = SURFACE_SIDE_STYLE('',(#7811,#7815));
#7811 = SURFACE_STYLE_FILL_AREA(#7812);
#7812 = FILL_AREA_STYLE('',(#7813));
#7813 = FILL_AREA_STYLE_COLOUR('',#7814);
#7814 = COLOUR_RGB('',0.313304153717,0.484529207832,0.410020903123);
#7815 = SURFACE_STYLE_RENDERING_WITH_PROPERTIES(.NORMAL_SHADING.,#7814,(
    #7816));
#7816 = SURFACE_STYLE_TRANSPARENT(0.170000016689);
#7817 = MECHANICAL_DESIGN_GEOMETRIC_PRESENTATION_REPRESENTATION('',(
    #7818),#7795);
#7818 = STYLED_ITEM('color',(#7819),#7333);
#7819 = PRESENTATION_STYLE_ASSIGNMENT((#7820));
#7820 = SURFACE_STYLE_USAGE(.BOTH.,#7821);
#7821 = SURFACE_SIDE_STYLE('',(#7822));
#7822 = SURFACE_STYLE_FILL_AREA(#7823);
#7823 = FILL_AREA_STYLE('',(#7824));
#7824 = FILL_AREA_STYLE_COLOUR('',#7825);
#7825 = COLOUR_RGB('',0.583831500637,0.583831500637,0.583831500637);
#7826 = MECHANICAL_DESIGN_GEOMETRIC_PRESENTATION_REPRESENTATION('',(
    #7827,#7837),#5966);
#7827 = STYLED_ITEM('color',(#7828),#5707);
#7828 = PRESENTATION_STYLE_ASSIGNMENT((#7829));
#7829 = SURFACE_STYLE_USAGE(.BOTH.,#7830);
#7830 = SURFACE_SIDE_STYLE('',(#7831,#7835));
#7831 = SURFACE_STYLE_FILL_AREA(#7832);
#7832 = FILL_AREA_STYLE('',(#7833));
#7833 = FILL_AREA_STYLE_COLOUR('',#7834);
#7834 = DRAUGHTING_PRE_DEFINED_COLOUR('white');
#7835 = SURFACE_STYLE_RENDERING_WITH_PROPERTIES(.NORMAL_SHADING.,#7834,(
    #7836));
#7836 = SURFACE_STYLE_TRANSPARENT(0.100000023842);
#7837 = STYLED_ITEM('color',(#7838),#5841);
#7838 = PRESENTATION_STYLE_ASSIGNMENT((#7839));
#7839 = SURFACE_STYLE_USAGE(.BOTH.,#7840);
#7840 = SURFACE_SIDE_STYLE('',(#7841,#7844));
#7841 = SURFACE_STYLE_FILL_AREA(#7842);
#7842 = FILL_AREA_STYLE('',(#7843));
#7843 = FILL_AREA_STYLE_COLOUR('',#7834);
#7844 = SURFACE_STYLE_RENDERING_WITH_PROPERTIES(.NORMAL_SHADING.,#7834,(
    #7845));
#7845 = SURFACE_STYLE_TRANSPARENT(0.100000023842);
#7846 = MECHANICAL_DESIGN_GEOMETRIC_PRESENTATION_REPRESENTATION('',(
    #7847),#7314);
#7847 = STYLED_ITEM('color',(#7848),#7186);
#7848 = PRESENTATION_STYLE_ASSIGNMENT((#7849));
#7849 = SURFACE_STYLE_USAGE(.BOTH.,#7850);
#7850 = SURFACE_SIDE_STYLE('',(#7851,#7854));
#7851 = SURFACE_STYLE_FILL_AREA(#7852);
#7852 = FILL_AREA_STYLE('',(#7853));
#7853 = FILL_AREA_STYLE_COLOUR('',#7814);
#7854 = SURFACE_STYLE_RENDERING_WITH_PROPERTIES(.NORMAL_SHADING.,#7814,(
    #7855));
#7855 = SURFACE_STYLE_TRANSPARENT(0.170000016689);
#7856 = MECHANICAL_DESIGN_GEOMETRIC_PRESENTATION_REPRESENTATION('',(
    #7857,#7865),#765);
#7857 = STYLED_ITEM('color',(#7858),#53);
#7858 = PRESENTATION_STYLE_ASSIGNMENT((#7859));
#7859 = SURFACE_STYLE_USAGE(.BOTH.,#7860);
#7860 = SURFACE_SIDE_STYLE('',(#7861));
#7861 = SURFACE_STYLE_FILL_AREA(#7862);
#7862 = FILL_AREA_STYLE('',(#7863));
#7863 = FILL_AREA_STYLE_COLOUR('',#7864);
#7864 = COLOUR_RGB('',0.854305825093,0.803630995277,0.);
#7865 = STYLED_ITEM('color',(#7866),#207);
#7866 = PRESENTATION_STYLE_ASSIGNMENT((#7867));
#7867 = SURFACE_STYLE_USAGE(.BOTH.,#7868);
#7868 = SURFACE_SIDE_STYLE('',(#7869));
#7869 = SURFACE_STYLE_FILL_AREA(#7870);
#7870 = FILL_AREA_STYLE('',(#7871));
#7871 = FILL_AREA_STYLE_COLOUR('',#7864);
#7872 = MECHANICAL_DESIGN_GEOMETRIC_PRESENTATION_REPRESENTATION('',(
    #7873,#7881,#7888,#7895,#7902,#7909,#7916,#7923,#7930,#7937,#7944,
    #7951,#7958,#7965,#7972,#7979,#7986,#7993,#8000,#8007,#8014),#5686);
#7873 = STYLED_ITEM('color',(#7874),#784);
#7874 = PRESENTATION_STYLE_ASSIGNMENT((#7875));
#7875 = SURFACE_STYLE_USAGE(.BOTH.,#7876);
#7876 = SURFACE_SIDE_STYLE('',(#7877));
#7877 = SURFACE_STYLE_FILL_AREA(#7878);
#7878 = FILL_AREA_STYLE('',(#7879));
#7879 = FILL_AREA_STYLE_COLOUR('',#7880);
#7880 = COLOUR_RGB('',0.735356983052,0.735356983052,0.735356983052);
#7881 = STYLED_ITEM('color',(#7882),#876);
#7882 = PRESENTATION_STYLE_ASSIGNMENT((#7883));
#7883 = SURFACE_STYLE_USAGE(.BOTH.,#7884);
#7884 = SURFACE_SIDE_STYLE('',(#7885));
#7885 = SURFACE_STYLE_FILL_AREA(#7886);
#7886 = FILL_AREA_STYLE('',(#7887));
#7887 = FILL_AREA_STYLE_COLOUR('',#7880);
#7888 = STYLED_ITEM('color',(#7889),#968);
#7889 = PRESENTATION_STYLE_ASSIGNMENT((#7890));
#7890 = SURFACE_STYLE_USAGE(.BOTH.,#7891);
#7891 = SURFACE_SIDE_STYLE('',(#7892));
#7892 = SURFACE_STYLE_FILL_AREA(#7893);
#7893 = FILL_AREA_STYLE('',(#7894));
#7894 = FILL_AREA_STYLE_COLOUR('',#7880);
#7895 = STYLED_ITEM('color',(#7896),#1060);
#7896 = PRESENTATION_STYLE_ASSIGNMENT((#7897));
#7897 = SURFACE_STYLE_USAGE(.BOTH.,#7898);
#7898 = SURFACE_SIDE_STYLE('',(#7899));
#7899 = SURFACE_STYLE_FILL_AREA(#7900);
#7900 = FILL_AREA_STYLE('',(#7901));
#7901 = FILL_AREA_STYLE_COLOUR('',#7880);
#7902 = STYLED_ITEM('color',(#7903),#1152);
#7903 = PRESENTATION_STYLE_ASSIGNMENT((#7904));
#7904 = SURFACE_STYLE_USAGE(.BOTH.,#7905);
#7905 = SURFACE_SIDE_STYLE('',(#7906));
#7906 = SURFACE_STYLE_FILL_AREA(#7907);
#7907 = FILL_AREA_STYLE('',(#7908));
#7908 = FILL_AREA_STYLE_COLOUR('',#7880);
#7909 = STYLED_ITEM('color',(#7910),#1244);
#7910 = PRESENTATION_STYLE_ASSIGNMENT((#7911));
#7911 = SURFACE_STYLE_USAGE(.BOTH.,#7912);
#7912 = SURFACE_SIDE_STYLE('',(#7913));
#7913 = SURFACE_STYLE_FILL_AREA(#7914);
#7914 = FILL_AREA_STYLE('',(#7915));
#7915 = FILL_AREA_STYLE_COLOUR('',#7880);
#7916 = STYLED_ITEM('color',(#7917),#1336);
#7917 = PRESENTATION_STYLE_ASSIGNMENT((#7918));
#7918 = SURFACE_STYLE_USAGE(.BOTH.,#7919);
#7919 = SURFACE_SIDE_STYLE('',(#7920));
#7920 = SURFACE_STYLE_FILL_AREA(#7921);
#7921 = FILL_AREA_STYLE('',(#7922));
#7922 = FILL_AREA_STYLE_COLOUR('',#7880);
#7923 = STYLED_ITEM('color',(#7924),#1626);
#7924 = PRESENTATION_STYLE_ASSIGNMENT((#7925));
#7925 = SURFACE_STYLE_USAGE(.BOTH.,#7926);
#7926 = SURFACE_SIDE_STYLE('',(#7927));
#7927 = SURFACE_STYLE_FILL_AREA(#7928);
#7928 = FILL_AREA_STYLE('',(#7929));
#7929 = FILL_AREA_STYLE_COLOUR('',#7880);
#7930 = STYLED_ITEM('color',(#7931),#1916);
#7931 = PRESENTATION_STYLE_ASSIGNMENT((#7932));
#7932 = SURFACE_STYLE_USAGE(.BOTH.,#7933);
#7933 = SURFACE_SIDE_STYLE('',(#7934));
#7934 = SURFACE_STYLE_FILL_AREA(#7935);
#7935 = FILL_AREA_STYLE('',(#7936));
#7936 = FILL_AREA_STYLE_COLOUR('',#7880);
#7937 = STYLED_ITEM('color',(#7938),#2206);
#7938 = PRESENTATION_STYLE_ASSIGNMENT((#7939));
#7939 = SURFACE_STYLE_USAGE(.BOTH.,#7940);
#7940 = SURFACE_SIDE_STYLE('',(#7941));
#7941 = SURFACE_STYLE_FILL_AREA(#7942);
#7942 = FILL_AREA_STYLE('',(#7943));
#7943 = FILL_AREA_STYLE_COLOUR('',#7880);
#7944 = STYLED_ITEM('color',(#7945),#2496);
#7945 = PRESENTATION_STYLE_ASSIGNMENT((#7946));
#7946 = SURFACE_STYLE_USAGE(.BOTH.,#7947);
#7947 = SURFACE_SIDE_STYLE('',(#7948));
#7948 = SURFACE_STYLE_FILL_AREA(#7949);
#7949 = FILL_AREA_STYLE('',(#7950));
#7950 = FILL_AREA_STYLE_COLOUR('',#7880);
#7951 = STYLED_ITEM('color',(#7952),#2786);
#7952 = PRESENTATION_STYLE_ASSIGNMENT((#7953));
#7953 = SURFACE_STYLE_USAGE(.BOTH.,#7954);
#7954 = SURFACE_SIDE_STYLE('',(#7955));
#7955 = SURFACE_STYLE_FILL_AREA(#7956);
#7956 = FILL_AREA_STYLE('',(#7957));
#7957 = FILL_AREA_STYLE_COLOUR('',#7880);
#7958 = STYLED_ITEM('color',(#7959),#3076);
#7959 = PRESENTATION_STYLE_ASSIGNMENT((#7960));
#7960 = SURFACE_STYLE_USAGE(.BOTH.,#7961);
#7961 = SURFACE_SIDE_STYLE('',(#7962));
#7962 = SURFACE_STYLE_FILL_AREA(#7963);
#7963 = FILL_AREA_STYLE('',(#7964));
#7964 = FILL_AREA_STYLE_COLOUR('',#7880);
#7965 = STYLED_ITEM('color',(#7966),#3366);
#7966 = PRESENTATION_STYLE_ASSIGNMENT((#7967));
#7967 = SURFACE_STYLE_USAGE(.BOTH.,#7968);
#7968 = SURFACE_SIDE_STYLE('',(#7969));
#7969 = SURFACE_STYLE_FILL_AREA(#7970);
#7970 = FILL_AREA_STYLE('',(#7971));
#7971 = FILL_AREA_STYLE_COLOUR('',#7880);
#7972 = STYLED_ITEM('color',(#7973),#3656);
#7973 = PRESENTATION_STYLE_ASSIGNMENT((#7974));
#7974 = SURFACE_STYLE_USAGE(.BOTH.,#7975);
#7975 = SURFACE_SIDE_STYLE('',(#7976));
#7976 = SURFACE_STYLE_FILL_AREA(#7977);
#7977 = FILL_AREA_STYLE('',(#7978));
#7978 = FILL_AREA_STYLE_COLOUR('',#7880);
#7979 = STYLED_ITEM('color',(#7980),#3946);
#7980 = PRESENTATION_STYLE_ASSIGNMENT((#7981));
#7981 = SURFACE_STYLE_USAGE(.BOTH.,#7982);
#7982 = SURFACE_SIDE_STYLE('',(#7983));
#7983 = SURFACE_STYLE_FILL_AREA(#7984);
#7984 = FILL_AREA_STYLE('',(#7985));
#7985 = FILL_AREA_STYLE_COLOUR('',#7880);
#7986 = STYLED_ITEM('color',(#7987),#4236);
#7987 = PRESENTATION_STYLE_ASSIGNMENT((#7988));
#7988 = SURFACE_STYLE_USAGE(.BOTH.,#7989);
#7989 = SURFACE_SIDE_STYLE('',(#7990));
#7990 = SURFACE_STYLE_FILL_AREA(#7991);
#7991 = FILL_AREA_STYLE('',(#7992));
#7992 = FILL_AREA_STYLE_COLOUR('',#7880);
#7993 = STYLED_ITEM('color',(#7994),#4526);
#7994 = PRESENTATION_STYLE_ASSIGNMENT((#7995));
#7995 = SURFACE_STYLE_USAGE(.BOTH.,#7996);
#7996 = SURFACE_SIDE_STYLE('',(#7997));
#7997 = SURFACE_STYLE_FILL_AREA(#7998);
#7998 = FILL_AREA_STYLE('',(#7999));
#7999 = FILL_AREA_STYLE_COLOUR('',#7880);
#8000 = STYLED_ITEM('color',(#8001),#4816);
#8001 = PRESENTATION_STYLE_ASSIGNMENT((#8002));
#8002 = SURFACE_STYLE_USAGE(.BOTH.,#8003);
#8003 = SURFACE_SIDE_STYLE('',(#8004));
#8004 = SURFACE_STYLE_FILL_AREA(#8005);
#8005 = FILL_AREA_STYLE('',(#8006));
#8006 = FILL_AREA_STYLE_COLOUR('',#7880);
#8007 = STYLED_ITEM('color',(#8008),#5106);
#8008 = PRESENTATION_STYLE_ASSIGNMENT((#8009));
#8009 = SURFACE_STYLE_USAGE(.BOTH.,#8010);
#8010 = SURFACE_SIDE_STYLE('',(#8011));
#8011 = SURFACE_STYLE_FILL_AREA(#8012);
#8012 = FILL_AREA_STYLE('',(#8013));
#8013 = FILL_AREA_STYLE_COLOUR('',#7880);
#8014 = STYLED_ITEM('color',(#8015),#5396);
#8015 = PRESENTATION_STYLE_ASSIGNMENT((#8016));
#8016 = SURFACE_STYLE_USAGE(.BOTH.,#8017);
#8017 = SURFACE_SIDE_STYLE('',(#8018));
#8018 = SURFACE_STYLE_FILL_AREA(#8019);
#8019 = FILL_AREA_STYLE('',(#8020));
#8020 = FILL_AREA_STYLE_COLOUR('',#7880);
ENDSEC;
END-ISO-10303-21;
