ISO-10303-21;
HEADER;
/* Generated by software containing ST-Developer
 * from STEP Tools, Inc. (www.steptools.com) 
 */

FILE_DESCRIPTION(
/* description */ (''),
/* implementation_level */ '2;1');

FILE_NAME(
/* name */ 'spacer.step',
/* time_stamp */ '2026-01-11T17:28:23+09:00',
/* author */ (''),
/* organization */ (''),
/* preprocessor_version */ 'ST-DEVELOPER v20.1',
/* originating_system */ 'Autodesk Translation Framework v14.21.0.0',
/* authorisation */ '');

FILE_SCHEMA (('AUTOMOTIVE_DESIGN { 1 0 10303 214 3 1 1 }'));
ENDSEC;

DATA;
#10=MECHANICAL_DESIGN_GEOMETRIC_PRESENTATION_REPRESENTATION('',(#13),#6167);
#11=SHAPE_REPRESENTATION_RELATIONSHIP('SRR','None',#6174,#12);
#12=ADVANCED_BREP_SHAPE_REPRESENTATION('',(#14),#6166);
#13=STYLED_ITEM('',(#6183),#14);
#14=MANIFOLD_SOLID_BREP('\X2\30DC30C730A3\X0\18',#3947);
#15=FACE_BOUND('',#188,.T.);
#16=FACE_BOUND('',#284,.T.);
#17=FACE_OUTER_BOUND('',#183,.T.);
#18=FACE_OUTER_BOUND('',#184,.T.);
#19=FACE_OUTER_BOUND('',#185,.T.);
#20=FACE_OUTER_BOUND('',#186,.T.);
#21=FACE_OUTER_BOUND('',#187,.T.);
#22=FACE_OUTER_BOUND('',#189,.T.);
#23=FACE_OUTER_BOUND('',#190,.T.);
#24=FACE_OUTER_BOUND('',#191,.T.);
#25=FACE_OUTER_BOUND('',#192,.T.);
#26=FACE_OUTER_BOUND('',#193,.T.);
#27=FACE_OUTER_BOUND('',#194,.T.);
#28=FACE_OUTER_BOUND('',#195,.T.);
#29=FACE_OUTER_BOUND('',#196,.T.);
#30=FACE_OUTER_BOUND('',#197,.T.);
#31=FACE_OUTER_BOUND('',#198,.T.);
#32=FACE_OUTER_BOUND('',#199,.T.);
#33=FACE_OUTER_BOUND('',#200,.T.);
#34=FACE_OUTER_BOUND('',#201,.T.);
#35=FACE_OUTER_BOUND('',#202,.T.);
#36=FACE_OUTER_BOUND('',#203,.T.);
#37=FACE_OUTER_BOUND('',#204,.T.);
#38=FACE_OUTER_BOUND('',#205,.T.);
#39=FACE_OUTER_BOUND('',#206,.T.);
#40=FACE_OUTER_BOUND('',#207,.T.);
#41=FACE_OUTER_BOUND('',#208,.T.);
#42=FACE_OUTER_BOUND('',#209,.T.);
#43=FACE_OUTER_BOUND('',#210,.T.);
#44=FACE_OUTER_BOUND('',#211,.T.);
#45=FACE_OUTER_BOUND('',#212,.T.);
#46=FACE_OUTER_BOUND('',#213,.T.);
#47=FACE_OUTER_BOUND('',#214,.T.);
#48=FACE_OUTER_BOUND('',#215,.T.);
#49=FACE_OUTER_BOUND('',#216,.T.);
#50=FACE_OUTER_BOUND('',#217,.T.);
#51=FACE_OUTER_BOUND('',#218,.T.);
#52=FACE_OUTER_BOUND('',#219,.T.);
#53=FACE_OUTER_BOUND('',#220,.T.);
#54=FACE_OUTER_BOUND('',#221,.T.);
#55=FACE_OUTER_BOUND('',#222,.T.);
#56=FACE_OUTER_BOUND('',#223,.T.);
#57=FACE_OUTER_BOUND('',#224,.T.);
#58=FACE_OUTER_BOUND('',#225,.T.);
#59=FACE_OUTER_BOUND('',#226,.T.);
#60=FACE_OUTER_BOUND('',#227,.T.);
#61=FACE_OUTER_BOUND('',#228,.T.);
#62=FACE_OUTER_BOUND('',#229,.T.);
#63=FACE_OUTER_BOUND('',#230,.T.);
#64=FACE_OUTER_BOUND('',#231,.T.);
#65=FACE_OUTER_BOUND('',#232,.T.);
#66=FACE_OUTER_BOUND('',#233,.T.);
#67=FACE_OUTER_BOUND('',#234,.T.);
#68=FACE_OUTER_BOUND('',#235,.T.);
#69=FACE_OUTER_BOUND('',#236,.T.);
#70=FACE_OUTER_BOUND('',#237,.T.);
#71=FACE_OUTER_BOUND('',#238,.T.);
#72=FACE_OUTER_BOUND('',#239,.T.);
#73=FACE_OUTER_BOUND('',#240,.T.);
#74=FACE_OUTER_BOUND('',#241,.T.);
#75=FACE_OUTER_BOUND('',#242,.T.);
#76=FACE_OUTER_BOUND('',#243,.T.);
#77=FACE_OUTER_BOUND('',#244,.T.);
#78=FACE_OUTER_BOUND('',#245,.T.);
#79=FACE_OUTER_BOUND('',#246,.T.);
#80=FACE_OUTER_BOUND('',#247,.T.);
#81=FACE_OUTER_BOUND('',#248,.T.);
#82=FACE_OUTER_BOUND('',#249,.T.);
#83=FACE_OUTER_BOUND('',#250,.T.);
#84=FACE_OUTER_BOUND('',#251,.T.);
#85=FACE_OUTER_BOUND('',#252,.T.);
#86=FACE_OUTER_BOUND('',#253,.T.);
#87=FACE_OUTER_BOUND('',#254,.T.);
#88=FACE_OUTER_BOUND('',#255,.T.);
#89=FACE_OUTER_BOUND('',#256,.T.);
#90=FACE_OUTER_BOUND('',#257,.T.);
#91=FACE_OUTER_BOUND('',#258,.T.);
#92=FACE_OUTER_BOUND('',#259,.T.);
#93=FACE_OUTER_BOUND('',#260,.T.);
#94=FACE_OUTER_BOUND('',#261,.T.);
#95=FACE_OUTER_BOUND('',#262,.T.);
#96=FACE_OUTER_BOUND('',#263,.T.);
#97=FACE_OUTER_BOUND('',#264,.T.);
#98=FACE_OUTER_BOUND('',#265,.T.);
#99=FACE_OUTER_BOUND('',#266,.T.);
#100=FACE_OUTER_BOUND('',#267,.T.);
#101=FACE_OUTER_BOUND('',#268,.T.);
#102=FACE_OUTER_BOUND('',#269,.T.);
#103=FACE_OUTER_BOUND('',#270,.T.);
#104=FACE_OUTER_BOUND('',#271,.T.);
#105=FACE_OUTER_BOUND('',#272,.T.);
#106=FACE_OUTER_BOUND('',#273,.T.);
#107=FACE_OUTER_BOUND('',#274,.T.);
#108=FACE_OUTER_BOUND('',#275,.T.);
#109=FACE_OUTER_BOUND('',#276,.T.);
#110=FACE_OUTER_BOUND('',#277,.T.);
#111=FACE_OUTER_BOUND('',#278,.T.);
#112=FACE_OUTER_BOUND('',#279,.T.);
#113=FACE_OUTER_BOUND('',#280,.T.);
#114=FACE_OUTER_BOUND('',#281,.T.);
#115=FACE_OUTER_BOUND('',#282,.T.);
#116=FACE_OUTER_BOUND('',#283,.T.);
#117=FACE_OUTER_BOUND('',#285,.T.);
#118=FACE_OUTER_BOUND('',#286,.T.);
#119=FACE_OUTER_BOUND('',#287,.T.);
#120=FACE_OUTER_BOUND('',#288,.T.);
#121=FACE_OUTER_BOUND('',#289,.T.);
#122=FACE_OUTER_BOUND('',#290,.T.);
#123=FACE_OUTER_BOUND('',#291,.T.);
#124=FACE_OUTER_BOUND('',#292,.T.);
#125=FACE_OUTER_BOUND('',#293,.T.);
#126=FACE_OUTER_BOUND('',#294,.T.);
#127=FACE_OUTER_BOUND('',#295,.T.);
#128=FACE_OUTER_BOUND('',#296,.T.);
#129=FACE_OUTER_BOUND('',#297,.T.);
#130=FACE_OUTER_BOUND('',#298,.T.);
#131=FACE_OUTER_BOUND('',#299,.T.);
#132=FACE_OUTER_BOUND('',#300,.T.);
#133=FACE_OUTER_BOUND('',#301,.T.);
#134=FACE_OUTER_BOUND('',#302,.T.);
#135=FACE_OUTER_BOUND('',#303,.T.);
#136=FACE_OUTER_BOUND('',#304,.T.);
#137=FACE_OUTER_BOUND('',#305,.T.);
#138=FACE_OUTER_BOUND('',#306,.T.);
#139=FACE_OUTER_BOUND('',#307,.T.);
#140=FACE_OUTER_BOUND('',#308,.T.);
#141=FACE_OUTER_BOUND('',#309,.T.);
#142=FACE_OUTER_BOUND('',#310,.T.);
#143=FACE_OUTER_BOUND('',#311,.T.);
#144=FACE_OUTER_BOUND('',#312,.T.);
#145=FACE_OUTER_BOUND('',#313,.T.);
#146=FACE_OUTER_BOUND('',#314,.T.);
#147=FACE_OUTER_BOUND('',#315,.T.);
#148=FACE_OUTER_BOUND('',#316,.T.);
#149=FACE_OUTER_BOUND('',#317,.T.);
#150=FACE_OUTER_BOUND('',#318,.T.);
#151=FACE_OUTER_BOUND('',#319,.T.);
#152=FACE_OUTER_BOUND('',#320,.T.);
#153=FACE_OUTER_BOUND('',#321,.T.);
#154=FACE_OUTER_BOUND('',#322,.T.);
#155=FACE_OUTER_BOUND('',#323,.T.);
#156=FACE_OUTER_BOUND('',#324,.T.);
#157=FACE_OUTER_BOUND('',#325,.T.);
#158=FACE_OUTER_BOUND('',#326,.T.);
#159=FACE_OUTER_BOUND('',#327,.T.);
#160=FACE_OUTER_BOUND('',#328,.T.);
#161=FACE_OUTER_BOUND('',#329,.T.);
#162=FACE_OUTER_BOUND('',#330,.T.);
#163=FACE_OUTER_BOUND('',#331,.T.);
#164=FACE_OUTER_BOUND('',#332,.T.);
#165=FACE_OUTER_BOUND('',#333,.T.);
#166=FACE_OUTER_BOUND('',#334,.T.);
#167=FACE_OUTER_BOUND('',#335,.T.);
#168=FACE_OUTER_BOUND('',#336,.T.);
#169=FACE_OUTER_BOUND('',#337,.T.);
#170=FACE_OUTER_BOUND('',#338,.T.);
#171=FACE_OUTER_BOUND('',#339,.T.);
#172=FACE_OUTER_BOUND('',#340,.T.);
#173=FACE_OUTER_BOUND('',#341,.T.);
#174=FACE_OUTER_BOUND('',#342,.T.);
#175=FACE_OUTER_BOUND('',#343,.T.);
#176=FACE_OUTER_BOUND('',#344,.T.);
#177=FACE_OUTER_BOUND('',#345,.T.);
#178=FACE_OUTER_BOUND('',#346,.T.);
#179=FACE_OUTER_BOUND('',#347,.T.);
#180=FACE_OUTER_BOUND('',#348,.T.);
#181=FACE_OUTER_BOUND('',#349,.T.);
#182=FACE_OUTER_BOUND('',#350,.T.);
#183=EDGE_LOOP('',(#2463,#2464,#2465,#2466));
#184=EDGE_LOOP('',(#2467,#2468,#2469,#2470));
#185=EDGE_LOOP('',(#2471,#2472,#2473,#2474));
#186=EDGE_LOOP('',(#2475,#2476,#2477,#2478));
#187=EDGE_LOOP('',(#2479,#2480,#2481,#2482));
#188=EDGE_LOOP('',(#2483,#2484,#2485,#2486,#2487,#2488,#2489,#2490,#2491,
#2492,#2493,#2494,#2495,#2496,#2497,#2498,#2499,#2500,#2501,#2502,#2503,
#2504,#2505,#2506,#2507,#2508,#2509,#2510,#2511,#2512,#2513,#2514,#2515,
#2516,#2517,#2518,#2519,#2520,#2521,#2522,#2523,#2524,#2525,#2526,#2527,
#2528,#2529,#2530,#2531,#2532,#2533,#2534,#2535,#2536,#2537,#2538,#2539,
#2540,#2541,#2542,#2543,#2544,#2545,#2546,#2547,#2548,#2549,#2550,#2551,
#2552,#2553,#2554,#2555,#2556,#2557,#2558,#2559,#2560,#2561,#2562,#2563,
#2564,#2565,#2566,#2567,#2568,#2569,#2570,#2571,#2572,#2573,#2574,#2575,
#2576,#2577,#2578,#2579,#2580,#2581,#2582,#2583,#2584,#2585,#2586,#2587,
#2588,#2589,#2590,#2591,#2592,#2593,#2594,#2595,#2596,#2597,#2598,#2599,
#2600,#2601,#2602,#2603,#2604,#2605,#2606));
#189=EDGE_LOOP('',(#2607,#2608,#2609,#2610));
#190=EDGE_LOOP('',(#2611,#2612,#2613,#2614));
#191=EDGE_LOOP('',(#2615,#2616,#2617,#2618));
#192=EDGE_LOOP('',(#2619,#2620,#2621,#2622));
#193=EDGE_LOOP('',(#2623,#2624,#2625,#2626));
#194=EDGE_LOOP('',(#2627,#2628,#2629,#2630));
#195=EDGE_LOOP('',(#2631,#2632,#2633,#2634));
#196=EDGE_LOOP('',(#2635,#2636,#2637,#2638));
#197=EDGE_LOOP('',(#2639,#2640,#2641,#2642));
#198=EDGE_LOOP('',(#2643,#2644,#2645,#2646));
#199=EDGE_LOOP('',(#2647,#2648,#2649,#2650));
#200=EDGE_LOOP('',(#2651,#2652,#2653,#2654));
#201=EDGE_LOOP('',(#2655,#2656,#2657,#2658));
#202=EDGE_LOOP('',(#2659,#2660,#2661,#2662));
#203=EDGE_LOOP('',(#2663,#2664,#2665,#2666));
#204=EDGE_LOOP('',(#2667,#2668,#2669,#2670));
#205=EDGE_LOOP('',(#2671,#2672,#2673,#2674));
#206=EDGE_LOOP('',(#2675,#2676,#2677,#2678));
#207=EDGE_LOOP('',(#2679,#2680,#2681,#2682));
#208=EDGE_LOOP('',(#2683,#2684,#2685,#2686));
#209=EDGE_LOOP('',(#2687,#2688,#2689,#2690));
#210=EDGE_LOOP('',(#2691,#2692,#2693,#2694));
#211=EDGE_LOOP('',(#2695,#2696,#2697,#2698));
#212=EDGE_LOOP('',(#2699,#2700,#2701,#2702));
#213=EDGE_LOOP('',(#2703,#2704,#2705,#2706));
#214=EDGE_LOOP('',(#2707,#2708,#2709,#2710));
#215=EDGE_LOOP('',(#2711,#2712,#2713,#2714));
#216=EDGE_LOOP('',(#2715,#2716,#2717,#2718));
#217=EDGE_LOOP('',(#2719,#2720,#2721,#2722));
#218=EDGE_LOOP('',(#2723,#2724,#2725,#2726));
#219=EDGE_LOOP('',(#2727,#2728,#2729,#2730));
#220=EDGE_LOOP('',(#2731,#2732,#2733,#2734));
#221=EDGE_LOOP('',(#2735,#2736,#2737,#2738));
#222=EDGE_LOOP('',(#2739,#2740,#2741,#2742));
#223=EDGE_LOOP('',(#2743,#2744,#2745,#2746));
#224=EDGE_LOOP('',(#2747,#2748,#2749,#2750));
#225=EDGE_LOOP('',(#2751,#2752,#2753,#2754));
#226=EDGE_LOOP('',(#2755,#2756,#2757,#2758));
#227=EDGE_LOOP('',(#2759,#2760,#2761,#2762));
#228=EDGE_LOOP('',(#2763,#2764,#2765,#2766));
#229=EDGE_LOOP('',(#2767,#2768,#2769,#2770));
#230=EDGE_LOOP('',(#2771,#2772,#2773,#2774));
#231=EDGE_LOOP('',(#2775,#2776,#2777,#2778));
#232=EDGE_LOOP('',(#2779,#2780,#2781,#2782));
#233=EDGE_LOOP('',(#2783,#2784,#2785,#2786));
#234=EDGE_LOOP('',(#2787,#2788,#2789,#2790));
#235=EDGE_LOOP('',(#2791,#2792,#2793,#2794));
#236=EDGE_LOOP('',(#2795,#2796,#2797,#2798));
#237=EDGE_LOOP('',(#2799,#2800,#2801,#2802));
#238=EDGE_LOOP('',(#2803,#2804,#2805,#2806));
#239=EDGE_LOOP('',(#2807,#2808,#2809,#2810));
#240=EDGE_LOOP('',(#2811,#2812,#2813,#2814));
#241=EDGE_LOOP('',(#2815,#2816,#2817,#2818));
#242=EDGE_LOOP('',(#2819,#2820,#2821,#2822));
#243=EDGE_LOOP('',(#2823,#2824,#2825,#2826));
#244=EDGE_LOOP('',(#2827,#2828,#2829,#2830));
#245=EDGE_LOOP('',(#2831,#2832,#2833,#2834));
#246=EDGE_LOOP('',(#2835,#2836,#2837,#2838));
#247=EDGE_LOOP('',(#2839,#2840,#2841,#2842));
#248=EDGE_LOOP('',(#2843,#2844,#2845,#2846));
#249=EDGE_LOOP('',(#2847,#2848,#2849,#2850));
#250=EDGE_LOOP('',(#2851,#2852,#2853,#2854));
#251=EDGE_LOOP('',(#2855,#2856,#2857,#2858));
#252=EDGE_LOOP('',(#2859,#2860,#2861,#2862));
#253=EDGE_LOOP('',(#2863,#2864,#2865,#2866));
#254=EDGE_LOOP('',(#2867,#2868,#2869,#2870));
#255=EDGE_LOOP('',(#2871,#2872,#2873,#2874));
#256=EDGE_LOOP('',(#2875,#2876,#2877,#2878));
#257=EDGE_LOOP('',(#2879,#2880,#2881,#2882));
#258=EDGE_LOOP('',(#2883,#2884,#2885,#2886));
#259=EDGE_LOOP('',(#2887,#2888,#2889,#2890));
#260=EDGE_LOOP('',(#2891,#2892,#2893,#2894));
#261=EDGE_LOOP('',(#2895,#2896,#2897,#2898));
#262=EDGE_LOOP('',(#2899,#2900,#2901,#2902));
#263=EDGE_LOOP('',(#2903,#2904,#2905,#2906));
#264=EDGE_LOOP('',(#2907,#2908,#2909,#2910));
#265=EDGE_LOOP('',(#2911,#2912,#2913,#2914));
#266=EDGE_LOOP('',(#2915,#2916,#2917,#2918));
#267=EDGE_LOOP('',(#2919,#2920,#2921,#2922));
#268=EDGE_LOOP('',(#2923,#2924,#2925,#2926));
#269=EDGE_LOOP('',(#2927,#2928,#2929,#2930));
#270=EDGE_LOOP('',(#2931,#2932,#2933,#2934));
#271=EDGE_LOOP('',(#2935,#2936,#2937,#2938));
#272=EDGE_LOOP('',(#2939,#2940,#2941,#2942));
#273=EDGE_LOOP('',(#2943,#2944,#2945,#2946));
#274=EDGE_LOOP('',(#2947,#2948,#2949,#2950));
#275=EDGE_LOOP('',(#2951,#2952,#2953,#2954));
#276=EDGE_LOOP('',(#2955,#2956,#2957,#2958));
#277=EDGE_LOOP('',(#2959,#2960,#2961,#2962));
#278=EDGE_LOOP('',(#2963,#2964,#2965,#2966));
#279=EDGE_LOOP('',(#2967,#2968,#2969,#2970));
#280=EDGE_LOOP('',(#2971,#2972,#2973,#2974));
#281=EDGE_LOOP('',(#2975,#2976,#2977,#2978));
#282=EDGE_LOOP('',(#2979,#2980,#2981,#2982,#2983,#2984,#2985,#2986,#2987,
#2988,#2989,#2990));
#283=EDGE_LOOP('',(#2991,#2992,#2993,#2994));
#284=EDGE_LOOP('',(#2995,#2996,#2997,#2998,#2999,#3000,#3001,#3002,#3003,
#3004,#3005,#3006,#3007,#3008,#3009,#3010,#3011,#3012,#3013,#3014,#3015,
#3016,#3017,#3018,#3019,#3020,#3021,#3022,#3023,#3024,#3025,#3026,#3027,
#3028,#3029,#3030,#3031,#3032,#3033,#3034,#3035,#3036,#3037,#3038,#3039,
#3040,#3041,#3042,#3043,#3044,#3045,#3046,#3047,#3048,#3049,#3050,#3051,
#3052,#3053,#3054,#3055,#3056,#3057,#3058,#3059,#3060,#3061,#3062,#3063,
#3064,#3065,#3066,#3067,#3068,#3069,#3070,#3071,#3072,#3073,#3074,#3075,
#3076,#3077,#3078,#3079,#3080,#3081,#3082,#3083,#3084,#3085,#3086,#3087,
#3088,#3089,#3090,#3091,#3092,#3093,#3094,#3095,#3096,#3097,#3098,#3099,
#3100,#3101,#3102,#3103,#3104,#3105,#3106,#3107,#3108,#3109,#3110,#3111,
#3112,#3113,#3114,#3115,#3116,#3117,#3118));
#285=EDGE_LOOP('',(#3119,#3120,#3121,#3122,#3123,#3124,#3125,#3126,#3127,
#3128,#3129,#3130));
#286=EDGE_LOOP('',(#3131,#3132,#3133,#3134));
#287=EDGE_LOOP('',(#3135,#3136,#3137,#3138));
#288=EDGE_LOOP('',(#3139,#3140,#3141,#3142));
#289=EDGE_LOOP('',(#3143,#3144,#3145,#3146));
#290=EDGE_LOOP('',(#3147,#3148,#3149,#3150,#3151,#3152,#3153,#3154,#3155,
#3156,#3157,#3158));
#291=EDGE_LOOP('',(#3159,#3160,#3161,#3162));
#292=EDGE_LOOP('',(#3163,#3164,#3165,#3166,#3167,#3168,#3169,#3170,#3171,
#3172,#3173,#3174));
#293=EDGE_LOOP('',(#3175,#3176,#3177,#3178));
#294=EDGE_LOOP('',(#3179,#3180,#3181,#3182,#3183,#3184,#3185,#3186,#3187,
#3188,#3189,#3190));
#295=EDGE_LOOP('',(#3191,#3192,#3193,#3194));
#296=EDGE_LOOP('',(#3195,#3196,#3197,#3198,#3199,#3200,#3201,#3202,#3203,
#3204,#3205,#3206));
#297=EDGE_LOOP('',(#3207,#3208,#3209,#3210));
#298=EDGE_LOOP('',(#3211,#3212,#3213,#3214,#3215,#3216,#3217,#3218,#3219,
#3220,#3221,#3222));
#299=EDGE_LOOP('',(#3223,#3224,#3225,#3226));
#300=EDGE_LOOP('',(#3227,#3228,#3229,#3230,#3231,#3232,#3233,#3234,#3235,
#3236,#3237,#3238));
#301=EDGE_LOOP('',(#3239,#3240,#3241,#3242));
#302=EDGE_LOOP('',(#3243,#3244,#3245,#3246,#3247,#3248,#3249,#3250,#3251,
#3252,#3253,#3254));
#303=EDGE_LOOP('',(#3255,#3256,#3257,#3258));
#304=EDGE_LOOP('',(#3259,#3260,#3261,#3262,#3263,#3264,#3265,#3266,#3267,
#3268,#3269,#3270));
#305=EDGE_LOOP('',(#3271,#3272,#3273,#3274));
#306=EDGE_LOOP('',(#3275,#3276,#3277,#3278,#3279,#3280,#3281,#3282,#3283,
#3284,#3285,#3286));
#307=EDGE_LOOP('',(#3287,#3288,#3289,#3290));
#308=EDGE_LOOP('',(#3291,#3292,#3293,#3294,#3295,#3296,#3297,#3298,#3299,
#3300,#3301,#3302));
#309=EDGE_LOOP('',(#3303,#3304,#3305,#3306));
#310=EDGE_LOOP('',(#3307,#3308,#3309,#3310,#3311,#3312,#3313,#3314,#3315,
#3316,#3317,#3318));
#311=EDGE_LOOP('',(#3319,#3320,#3321,#3322));
#312=EDGE_LOOP('',(#3323,#3324,#3325,#3326,#3327,#3328,#3329,#3330,#3331,
#3332,#3333,#3334));
#313=EDGE_LOOP('',(#3335,#3336,#3337,#3338));
#314=EDGE_LOOP('',(#3339,#3340,#3341,#3342));
#315=EDGE_LOOP('',(#3343,#3344,#3345,#3346,#3347,#3348,#3349,#3350,#3351,
#3352,#3353,#3354));
#316=EDGE_LOOP('',(#3355,#3356,#3357,#3358));
#317=EDGE_LOOP('',(#3359,#3360,#3361,#3362,#3363,#3364,#3365,#3366,#3367,
#3368,#3369,#3370));
#318=EDGE_LOOP('',(#3371,#3372,#3373,#3374));
#319=EDGE_LOOP('',(#3375,#3376,#3377,#3378,#3379,#3380,#3381,#3382,#3383,
#3384,#3385,#3386));
#320=EDGE_LOOP('',(#3387,#3388,#3389,#3390));
#321=EDGE_LOOP('',(#3391,#3392,#3393,#3394,#3395,#3396,#3397,#3398,#3399,
#3400,#3401,#3402));
#322=EDGE_LOOP('',(#3403,#3404,#3405,#3406));
#323=EDGE_LOOP('',(#3407,#3408,#3409,#3410,#3411,#3412,#3413,#3414,#3415,
#3416,#3417,#3418));
#324=EDGE_LOOP('',(#3419,#3420,#3421,#3422));
#325=EDGE_LOOP('',(#3423,#3424,#3425,#3426,#3427,#3428,#3429,#3430,#3431,
#3432,#3433,#3434));
#326=EDGE_LOOP('',(#3435,#3436,#3437,#3438));
#327=EDGE_LOOP('',(#3439,#3440,#3441,#3442,#3443,#3444,#3445,#3446,#3447,
#3448,#3449,#3450));
#328=EDGE_LOOP('',(#3451,#3452,#3453,#3454));
#329=EDGE_LOOP('',(#3455,#3456,#3457,#3458,#3459,#3460,#3461,#3462,#3463,
#3464,#3465,#3466));
#330=EDGE_LOOP('',(#3467,#3468,#3469,#3470));
#331=EDGE_LOOP('',(#3471,#3472,#3473,#3474,#3475,#3476,#3477,#3478,#3479,
#3480,#3481,#3482));
#332=EDGE_LOOP('',(#3483,#3484,#3485,#3486));
#333=EDGE_LOOP('',(#3487,#3488,#3489,#3490,#3491,#3492,#3493,#3494,#3495,
#3496,#3497,#3498));
#334=EDGE_LOOP('',(#3499,#3500,#3501,#3502));
#335=EDGE_LOOP('',(#3503,#3504,#3505,#3506,#3507,#3508,#3509,#3510,#3511,
#3512,#3513,#3514));
#336=EDGE_LOOP('',(#3515,#3516,#3517,#3518));
#337=EDGE_LOOP('',(#3519,#3520,#3521,#3522,#3523,#3524,#3525,#3526,#3527,
#3528,#3529,#3530));
#338=EDGE_LOOP('',(#3531,#3532,#3533,#3534));
#339=EDGE_LOOP('',(#3535,#3536,#3537,#3538));
#340=EDGE_LOOP('',(#3539,#3540,#3541,#3542,#3543,#3544,#3545,#3546,#3547,
#3548,#3549,#3550));
#341=EDGE_LOOP('',(#3551,#3552,#3553,#3554));
#342=EDGE_LOOP('',(#3555,#3556,#3557,#3558,#3559,#3560,#3561,#3562,#3563,
#3564,#3565,#3566));
#343=EDGE_LOOP('',(#3567,#3568,#3569,#3570));
#344=EDGE_LOOP('',(#3571,#3572,#3573,#3574,#3575,#3576,#3577,#3578,#3579,
#3580,#3581,#3582));
#345=EDGE_LOOP('',(#3583,#3584,#3585,#3586));
#346=EDGE_LOOP('',(#3587,#3588,#3589,#3590,#3591,#3592,#3593,#3594,#3595,
#3596,#3597,#3598));
#347=EDGE_LOOP('',(#3599,#3600,#3601,#3602));
#348=EDGE_LOOP('',(#3603,#3604,#3605,#3606));
#349=EDGE_LOOP('',(#3607,#3608,#3609,#3610));
#350=EDGE_LOOP('',(#3611,#3612,#3613,#3614));
#351=LINE('',#5041,#927);
#352=LINE('',#5043,#928);
#353=LINE('',#5045,#929);
#354=LINE('',#5046,#930);
#355=LINE('',#5050,#931);
#356=LINE('',#5052,#932);
#357=LINE('',#5054,#933);
#358=LINE('',#5055,#934);
#359=LINE('',#5057,#935);
#360=LINE('',#5058,#936);
#361=LINE('',#5060,#937);
#362=LINE('',#5064,#938);
#363=LINE('',#5066,#939);
#364=LINE('',#5068,#940);
#365=LINE('',#5069,#941);
#366=LINE('',#5071,#942);
#367=LINE('',#5073,#943);
#368=LINE('',#5075,#944);
#369=LINE('',#5077,#945);
#370=LINE('',#5079,#946);
#371=LINE('',#5081,#947);
#372=LINE('',#5083,#948);
#373=LINE('',#5085,#949);
#374=LINE('',#5087,#950);
#375=LINE('',#5089,#951);
#376=LINE('',#5091,#952);
#377=LINE('',#5093,#953);
#378=LINE('',#5095,#954);
#379=LINE('',#5097,#955);
#380=LINE('',#5099,#956);
#381=LINE('',#5101,#957);
#382=LINE('',#5103,#958);
#383=LINE('',#5105,#959);
#384=LINE('',#5107,#960);
#385=LINE('',#5109,#961);
#386=LINE('',#5111,#962);
#387=LINE('',#5113,#963);
#388=LINE('',#5115,#964);
#389=LINE('',#5117,#965);
#390=LINE('',#5119,#966);
#391=LINE('',#5121,#967);
#392=LINE('',#5123,#968);
#393=LINE('',#5125,#969);
#394=LINE('',#5127,#970);
#395=LINE('',#5129,#971);
#396=LINE('',#5131,#972);
#397=LINE('',#5133,#973);
#398=LINE('',#5135,#974);
#399=LINE('',#5137,#975);
#400=LINE('',#5139,#976);
#401=LINE('',#5141,#977);
#402=LINE('',#5143,#978);
#403=LINE('',#5145,#979);
#404=LINE('',#5147,#980);
#405=LINE('',#5149,#981);
#406=LINE('',#5151,#982);
#407=LINE('',#5153,#983);
#408=LINE('',#5155,#984);
#409=LINE('',#5157,#985);
#410=LINE('',#5159,#986);
#411=LINE('',#5161,#987);
#412=LINE('',#5163,#988);
#413=LINE('',#5165,#989);
#414=LINE('',#5167,#990);
#415=LINE('',#5169,#991);
#416=LINE('',#5171,#992);
#417=LINE('',#5173,#993);
#418=LINE('',#5175,#994);
#419=LINE('',#5177,#995);
#420=LINE('',#5179,#996);
#421=LINE('',#5181,#997);
#422=LINE('',#5183,#998);
#423=LINE('',#5185,#999);
#424=LINE('',#5187,#1000);
#425=LINE('',#5189,#1001);
#426=LINE('',#5191,#1002);
#427=LINE('',#5193,#1003);
#428=LINE('',#5195,#1004);
#429=LINE('',#5197,#1005);
#430=LINE('',#5199,#1006);
#431=LINE('',#5201,#1007);
#432=LINE('',#5203,#1008);
#433=LINE('',#5205,#1009);
#434=LINE('',#5207,#1010);
#435=LINE('',#5209,#1011);
#436=LINE('',#5211,#1012);
#437=LINE('',#5213,#1013);
#438=LINE('',#5215,#1014);
#439=LINE('',#5217,#1015);
#440=LINE('',#5219,#1016);
#441=LINE('',#5221,#1017);
#442=LINE('',#5223,#1018);
#443=LINE('',#5225,#1019);
#444=LINE('',#5227,#1020);
#445=LINE('',#5229,#1021);
#446=LINE('',#5231,#1022);
#447=LINE('',#5233,#1023);
#448=LINE('',#5235,#1024);
#449=LINE('',#5237,#1025);
#450=LINE('',#5239,#1026);
#451=LINE('',#5241,#1027);
#452=LINE('',#5243,#1028);
#453=LINE('',#5245,#1029);
#454=LINE('',#5247,#1030);
#455=LINE('',#5249,#1031);
#456=LINE('',#5251,#1032);
#457=LINE('',#5253,#1033);
#458=LINE('',#5255,#1034);
#459=LINE('',#5257,#1035);
#460=LINE('',#5259,#1036);
#461=LINE('',#5261,#1037);
#462=LINE('',#5263,#1038);
#463=LINE('',#5265,#1039);
#464=LINE('',#5267,#1040);
#465=LINE('',#5269,#1041);
#466=LINE('',#5271,#1042);
#467=LINE('',#5273,#1043);
#468=LINE('',#5275,#1044);
#469=LINE('',#5277,#1045);
#470=LINE('',#5279,#1046);
#471=LINE('',#5281,#1047);
#472=LINE('',#5283,#1048);
#473=LINE('',#5285,#1049);
#474=LINE('',#5287,#1050);
#475=LINE('',#5289,#1051);
#476=LINE('',#5291,#1052);
#477=LINE('',#5293,#1053);
#478=LINE('',#5295,#1054);
#479=LINE('',#5297,#1055);
#480=LINE('',#5299,#1056);
#481=LINE('',#5301,#1057);
#482=LINE('',#5303,#1058);
#483=LINE('',#5305,#1059);
#484=LINE('',#5307,#1060);
#485=LINE('',#5309,#1061);
#486=LINE('',#5310,#1062);
#487=LINE('',#5313,#1063);
#488=LINE('',#5315,#1064);
#489=LINE('',#5316,#1065);
#490=LINE('',#5319,#1066);
#491=LINE('',#5321,#1067);
#492=LINE('',#5322,#1068);
#493=LINE('',#5324,#1069);
#494=LINE('',#5325,#1070);
#495=LINE('',#5328,#1071);
#496=LINE('',#5330,#1072);
#497=LINE('',#5331,#1073);
#498=LINE('',#5334,#1074);
#499=LINE('',#5336,#1075);
#500=LINE('',#5337,#1076);
#501=LINE('',#5339,#1077);
#502=LINE('',#5340,#1078);
#503=LINE('',#5343,#1079);
#504=LINE('',#5345,#1080);
#505=LINE('',#5346,#1081);
#506=LINE('',#5349,#1082);
#507=LINE('',#5351,#1083);
#508=LINE('',#5352,#1084);
#509=LINE('',#5354,#1085);
#510=LINE('',#5355,#1086);
#511=LINE('',#5358,#1087);
#512=LINE('',#5360,#1088);
#513=LINE('',#5361,#1089);
#514=LINE('',#5364,#1090);
#515=LINE('',#5365,#1091);
#516=LINE('',#5368,#1092);
#517=LINE('',#5369,#1093);
#518=LINE('',#5371,#1094);
#519=LINE('',#5374,#1095);
#520=LINE('',#5376,#1096);
#521=LINE('',#5377,#1097);
#522=LINE('',#5380,#1098);
#523=LINE('',#5382,#1099);
#524=LINE('',#5383,#1100);
#525=LINE('',#5385,#1101);
#526=LINE('',#5386,#1102);
#527=LINE('',#5389,#1103);
#528=LINE('',#5391,#1104);
#529=LINE('',#5392,#1105);
#530=LINE('',#5395,#1106);
#531=LINE('',#5397,#1107);
#532=LINE('',#5398,#1108);
#533=LINE('',#5400,#1109);
#534=LINE('',#5401,#1110);
#535=LINE('',#5404,#1111);
#536=LINE('',#5406,#1112);
#537=LINE('',#5407,#1113);
#538=LINE('',#5410,#1114);
#539=LINE('',#5412,#1115);
#540=LINE('',#5413,#1116);
#541=LINE('',#5415,#1117);
#542=LINE('',#5416,#1118);
#543=LINE('',#5419,#1119);
#544=LINE('',#5421,#1120);
#545=LINE('',#5422,#1121);
#546=LINE('',#5425,#1122);
#547=LINE('',#5427,#1123);
#548=LINE('',#5428,#1124);
#549=LINE('',#5430,#1125);
#550=LINE('',#5431,#1126);
#551=LINE('',#5434,#1127);
#552=LINE('',#5436,#1128);
#553=LINE('',#5437,#1129);
#554=LINE('',#5440,#1130);
#555=LINE('',#5442,#1131);
#556=LINE('',#5443,#1132);
#557=LINE('',#5445,#1133);
#558=LINE('',#5446,#1134);
#559=LINE('',#5449,#1135);
#560=LINE('',#5451,#1136);
#561=LINE('',#5452,#1137);
#562=LINE('',#5455,#1138);
#563=LINE('',#5457,#1139);
#564=LINE('',#5458,#1140);
#565=LINE('',#5460,#1141);
#566=LINE('',#5461,#1142);
#567=LINE('',#5464,#1143);
#568=LINE('',#5466,#1144);
#569=LINE('',#5467,#1145);
#570=LINE('',#5470,#1146);
#571=LINE('',#5472,#1147);
#572=LINE('',#5473,#1148);
#573=LINE('',#5475,#1149);
#574=LINE('',#5476,#1150);
#575=LINE('',#5479,#1151);
#576=LINE('',#5481,#1152);
#577=LINE('',#5482,#1153);
#578=LINE('',#5485,#1154);
#579=LINE('',#5487,#1155);
#580=LINE('',#5488,#1156);
#581=LINE('',#5490,#1157);
#582=LINE('',#5491,#1158);
#583=LINE('',#5494,#1159);
#584=LINE('',#5496,#1160);
#585=LINE('',#5497,#1161);
#586=LINE('',#5500,#1162);
#587=LINE('',#5502,#1163);
#588=LINE('',#5503,#1164);
#589=LINE('',#5505,#1165);
#590=LINE('',#5506,#1166);
#591=LINE('',#5509,#1167);
#592=LINE('',#5511,#1168);
#593=LINE('',#5512,#1169);
#594=LINE('',#5515,#1170);
#595=LINE('',#5517,#1171);
#596=LINE('',#5518,#1172);
#597=LINE('',#5520,#1173);
#598=LINE('',#5521,#1174);
#599=LINE('',#5524,#1175);
#600=LINE('',#5526,#1176);
#601=LINE('',#5527,#1177);
#602=LINE('',#5530,#1178);
#603=LINE('',#5532,#1179);
#604=LINE('',#5533,#1180);
#605=LINE('',#5535,#1181);
#606=LINE('',#5536,#1182);
#607=LINE('',#5540,#1183);
#608=LINE('',#5542,#1184);
#609=LINE('',#5544,#1185);
#610=LINE('',#5545,#1186);
#611=LINE('',#5548,#1187);
#612=LINE('',#5550,#1188);
#613=LINE('',#5551,#1189);
#614=LINE('',#5554,#1190);
#615=LINE('',#5556,#1191);
#616=LINE('',#5557,#1192);
#617=LINE('',#5559,#1193);
#618=LINE('',#5563,#1194);
#619=LINE('',#5565,#1195);
#620=LINE('',#5567,#1196);
#621=LINE('',#5568,#1197);
#622=LINE('',#5572,#1198);
#623=LINE('',#5574,#1199);
#624=LINE('',#5576,#1200);
#625=LINE('',#5577,#1201);
#626=LINE('',#5579,#1202);
#627=LINE('',#5580,#1203);
#628=LINE('',#5584,#1204);
#629=LINE('',#5586,#1205);
#630=LINE('',#5588,#1206);
#631=LINE('',#5589,#1207);
#632=LINE('',#5593,#1208);
#633=LINE('',#5595,#1209);
#634=LINE('',#5597,#1210);
#635=LINE('',#5598,#1211);
#636=LINE('',#5600,#1212);
#637=LINE('',#5601,#1213);
#638=LINE('',#5605,#1214);
#639=LINE('',#5607,#1215);
#640=LINE('',#5609,#1216);
#641=LINE('',#5610,#1217);
#642=LINE('',#5614,#1218);
#643=LINE('',#5616,#1219);
#644=LINE('',#5618,#1220);
#645=LINE('',#5619,#1221);
#646=LINE('',#5621,#1222);
#647=LINE('',#5622,#1223);
#648=LINE('',#5626,#1224);
#649=LINE('',#5628,#1225);
#650=LINE('',#5630,#1226);
#651=LINE('',#5631,#1227);
#652=LINE('',#5634,#1228);
#653=LINE('',#5636,#1229);
#654=LINE('',#5637,#1230);
#655=LINE('',#5640,#1231);
#656=LINE('',#5642,#1232);
#657=LINE('',#5643,#1233);
#658=LINE('',#5645,#1234);
#659=LINE('',#5649,#1235);
#660=LINE('',#5651,#1236);
#661=LINE('',#5653,#1237);
#662=LINE('',#5654,#1238);
#663=LINE('',#5658,#1239);
#664=LINE('',#5660,#1240);
#665=LINE('',#5662,#1241);
#666=LINE('',#5663,#1242);
#667=LINE('',#5665,#1243);
#668=LINE('',#5666,#1244);
#669=LINE('',#5670,#1245);
#670=LINE('',#5672,#1246);
#671=LINE('',#5674,#1247);
#672=LINE('',#5675,#1248);
#673=LINE('',#5679,#1249);
#674=LINE('',#5681,#1250);
#675=LINE('',#5683,#1251);
#676=LINE('',#5684,#1252);
#677=LINE('',#5686,#1253);
#678=LINE('',#5687,#1254);
#679=LINE('',#5691,#1255);
#680=LINE('',#5693,#1256);
#681=LINE('',#5695,#1257);
#682=LINE('',#5696,#1258);
#683=LINE('',#5700,#1259);
#684=LINE('',#5702,#1260);
#685=LINE('',#5704,#1261);
#686=LINE('',#5705,#1262);
#687=LINE('',#5707,#1263);
#688=LINE('',#5708,#1264);
#689=LINE('',#5712,#1265);
#690=LINE('',#5714,#1266);
#691=LINE('',#5716,#1267);
#692=LINE('',#5717,#1268);
#693=LINE('',#5721,#1269);
#694=LINE('',#5723,#1270);
#695=LINE('',#5725,#1271);
#696=LINE('',#5726,#1272);
#697=LINE('',#5728,#1273);
#698=LINE('',#5729,#1274);
#699=LINE('',#5733,#1275);
#700=LINE('',#5735,#1276);
#701=LINE('',#5737,#1277);
#702=LINE('',#5738,#1278);
#703=LINE('',#5742,#1279);
#704=LINE('',#5744,#1280);
#705=LINE('',#5746,#1281);
#706=LINE('',#5747,#1282);
#707=LINE('',#5749,#1283);
#708=LINE('',#5750,#1284);
#709=LINE('',#5754,#1285);
#710=LINE('',#5756,#1286);
#711=LINE('',#5758,#1287);
#712=LINE('',#5759,#1288);
#713=LINE('',#5763,#1289);
#714=LINE('',#5765,#1290);
#715=LINE('',#5767,#1291);
#716=LINE('',#5768,#1292);
#717=LINE('',#5770,#1293);
#718=LINE('',#5771,#1294);
#719=LINE('',#5775,#1295);
#720=LINE('',#5777,#1296);
#721=LINE('',#5779,#1297);
#722=LINE('',#5780,#1298);
#723=LINE('',#5784,#1299);
#724=LINE('',#5786,#1300);
#725=LINE('',#5788,#1301);
#726=LINE('',#5789,#1302);
#727=LINE('',#5791,#1303);
#728=LINE('',#5792,#1304);
#729=LINE('',#5796,#1305);
#730=LINE('',#5798,#1306);
#731=LINE('',#5800,#1307);
#732=LINE('',#5801,#1308);
#733=LINE('',#5805,#1309);
#734=LINE('',#5807,#1310);
#735=LINE('',#5809,#1311);
#736=LINE('',#5810,#1312);
#737=LINE('',#5812,#1313);
#738=LINE('',#5813,#1314);
#739=LINE('',#5817,#1315);
#740=LINE('',#5819,#1316);
#741=LINE('',#5821,#1317);
#742=LINE('',#5822,#1318);
#743=LINE('',#5826,#1319);
#744=LINE('',#5828,#1320);
#745=LINE('',#5830,#1321);
#746=LINE('',#5831,#1322);
#747=LINE('',#5833,#1323);
#748=LINE('',#5834,#1324);
#749=LINE('',#5838,#1325);
#750=LINE('',#5840,#1326);
#751=LINE('',#5842,#1327);
#752=LINE('',#5843,#1328);
#753=LINE('',#5847,#1329);
#754=LINE('',#5849,#1330);
#755=LINE('',#5851,#1331);
#756=LINE('',#5852,#1332);
#757=LINE('',#5854,#1333);
#758=LINE('',#5855,#1334);
#759=LINE('',#5858,#1335);
#760=LINE('',#5859,#1336);
#761=LINE('',#5861,#1337);
#762=LINE('',#5862,#1338);
#763=LINE('',#5866,#1339);
#764=LINE('',#5868,#1340);
#765=LINE('',#5870,#1341);
#766=LINE('',#5871,#1342);
#767=LINE('',#5873,#1343);
#768=LINE('',#5875,#1344);
#769=LINE('',#5876,#1345);
#770=LINE('',#5878,#1346);
#771=LINE('',#5880,#1347);
#772=LINE('',#5882,#1348);
#773=LINE('',#5884,#1349);
#774=LINE('',#5886,#1350);
#775=LINE('',#5888,#1351);
#776=LINE('',#5889,#1352);
#777=LINE('',#5891,#1353);
#778=LINE('',#5893,#1354);
#779=LINE('',#5894,#1355);
#780=LINE('',#5896,#1356);
#781=LINE('',#5898,#1357);
#782=LINE('',#5899,#1358);
#783=LINE('',#5901,#1359);
#784=LINE('',#5902,#1360);
#785=LINE('',#5904,#1361);
#786=LINE('',#5906,#1362);
#787=LINE('',#5907,#1363);
#788=LINE('',#5909,#1364);
#789=LINE('',#5911,#1365);
#790=LINE('',#5912,#1366);
#791=LINE('',#5914,#1367);
#792=LINE('',#5916,#1368);
#793=LINE('',#5917,#1369);
#794=LINE('',#5919,#1370);
#795=LINE('',#5921,#1371);
#796=LINE('',#5922,#1372);
#797=LINE('',#5924,#1373);
#798=LINE('',#5926,#1374);
#799=LINE('',#5927,#1375);
#800=LINE('',#5929,#1376);
#801=LINE('',#5931,#1377);
#802=LINE('',#5932,#1378);
#803=LINE('',#5934,#1379);
#804=LINE('',#5936,#1380);
#805=LINE('',#5937,#1381);
#806=LINE('',#5939,#1382);
#807=LINE('',#5941,#1383);
#808=LINE('',#5942,#1384);
#809=LINE('',#5944,#1385);
#810=LINE('',#5946,#1386);
#811=LINE('',#5947,#1387);
#812=LINE('',#5949,#1388);
#813=LINE('',#5951,#1389);
#814=LINE('',#5952,#1390);
#815=LINE('',#5954,#1391);
#816=LINE('',#5956,#1392);
#817=LINE('',#5957,#1393);
#818=LINE('',#5959,#1394);
#819=LINE('',#5961,#1395);
#820=LINE('',#5962,#1396);
#821=LINE('',#5964,#1397);
#822=LINE('',#5966,#1398);
#823=LINE('',#5967,#1399);
#824=LINE('',#5969,#1400);
#825=LINE('',#5971,#1401);
#826=LINE('',#5972,#1402);
#827=LINE('',#5974,#1403);
#828=LINE('',#5976,#1404);
#829=LINE('',#5977,#1405);
#830=LINE('',#5979,#1406);
#831=LINE('',#5981,#1407);
#832=LINE('',#5982,#1408);
#833=LINE('',#5984,#1409);
#834=LINE('',#5986,#1410);
#835=LINE('',#5987,#1411);
#836=LINE('',#5989,#1412);
#837=LINE('',#5991,#1413);
#838=LINE('',#5992,#1414);
#839=LINE('',#5994,#1415);
#840=LINE('',#5995,#1416);
#841=LINE('',#5997,#1417);
#842=LINE('',#5999,#1418);
#843=LINE('',#6000,#1419);
#844=LINE('',#6002,#1420);
#845=LINE('',#6004,#1421);
#846=LINE('',#6005,#1422);
#847=LINE('',#6007,#1423);
#848=LINE('',#6009,#1424);
#849=LINE('',#6011,#1425);
#850=LINE('',#6013,#1426);
#851=LINE('',#6015,#1427);
#852=LINE('',#6017,#1428);
#853=LINE('',#6018,#1429);
#854=LINE('',#6020,#1430);
#855=LINE('',#6022,#1431);
#856=LINE('',#6023,#1432);
#857=LINE('',#6025,#1433);
#858=LINE('',#6026,#1434);
#859=LINE('',#6029,#1435);
#860=LINE('',#6031,#1436);
#861=LINE('',#6032,#1437);
#862=LINE('',#6035,#1438);
#863=LINE('',#6037,#1439);
#864=LINE('',#6038,#1440);
#865=LINE('',#6040,#1441);
#866=LINE('',#6041,#1442);
#867=LINE('',#6043,#1443);
#868=LINE('',#6044,#1444);
#869=LINE('',#6046,#1445);
#870=LINE('',#6048,#1446);
#871=LINE('',#6051,#1447);
#872=LINE('',#6052,#1448);
#873=LINE('',#6054,#1449);
#874=LINE('',#6056,#1450);
#875=LINE('',#6059,#1451);
#876=LINE('',#6060,#1452);
#877=LINE('',#6062,#1453);
#878=LINE('',#6064,#1454);
#879=LINE('',#6067,#1455);
#880=LINE('',#6068,#1456);
#881=LINE('',#6070,#1457);
#882=LINE('',#6072,#1458);
#883=LINE('',#6075,#1459);
#884=LINE('',#6076,#1460);
#885=LINE('',#6078,#1461);
#886=LINE('',#6080,#1462);
#887=LINE('',#6083,#1463);
#888=LINE('',#6084,#1464);
#889=LINE('',#6086,#1465);
#890=LINE('',#6088,#1466);
#891=LINE('',#6091,#1467);
#892=LINE('',#6093,#1468);
#893=LINE('',#6096,#1469);
#894=LINE('',#6097,#1470);
#895=LINE('',#6099,#1471);
#896=LINE('',#6101,#1472);
#897=LINE('',#6104,#1473);
#898=LINE('',#6105,#1474);
#899=LINE('',#6107,#1475);
#900=LINE('',#6109,#1476);
#901=LINE('',#6112,#1477);
#902=LINE('',#6113,#1478);
#903=LINE('',#6115,#1479);
#904=LINE('',#6117,#1480);
#905=LINE('',#6120,#1481);
#906=LINE('',#6121,#1482);
#907=LINE('',#6123,#1483);
#908=LINE('',#6125,#1484);
#909=LINE('',#6128,#1485);
#910=LINE('',#6129,#1486);
#911=LINE('',#6131,#1487);
#912=LINE('',#6133,#1488);
#913=LINE('',#6136,#1489);
#914=LINE('',#6138,#1490);
#915=LINE('',#6141,#1491);
#916=LINE('',#6142,#1492);
#917=LINE('',#6144,#1493);
#918=LINE('',#6146,#1494);
#919=LINE('',#6149,#1495);
#920=LINE('',#6150,#1496);
#921=LINE('',#6152,#1497);
#922=LINE('',#6154,#1498);
#923=LINE('',#6157,#1499);
#924=LINE('',#6158,#1500);
#925=LINE('',#6160,#1501);
#926=LINE('',#6162,#1502);
#927=VECTOR('',#4131,10.);
#928=VECTOR('',#4132,10.);
#929=VECTOR('',#4133,10.);
#930=VECTOR('',#4134,10.);
#931=VECTOR('',#4137,10.);
#932=VECTOR('',#4138,10.);
#933=VECTOR('',#4139,10.);
#934=VECTOR('',#4140,10.);
#935=VECTOR('',#4143,10.);
#936=VECTOR('',#4144,10.);
#937=VECTOR('',#4147,10.);
#938=VECTOR('',#4150,10.);
#939=VECTOR('',#4151,10.);
#940=VECTOR('',#4152,10.);
#941=VECTOR('',#4153,10.);
#942=VECTOR('',#4154,10.);
#943=VECTOR('',#4155,10.);
#944=VECTOR('',#4156,10.);
#945=VECTOR('',#4157,10.);
#946=VECTOR('',#4158,10.);
#947=VECTOR('',#4159,10.);
#948=VECTOR('',#4160,10.);
#949=VECTOR('',#4161,10.);
#950=VECTOR('',#4162,10.);
#951=VECTOR('',#4163,10.);
#952=VECTOR('',#4164,10.);
#953=VECTOR('',#4165,10.);
#954=VECTOR('',#4166,10.);
#955=VECTOR('',#4167,10.);
#956=VECTOR('',#4168,10.);
#957=VECTOR('',#4169,10.);
#958=VECTOR('',#4170,10.);
#959=VECTOR('',#4171,10.);
#960=VECTOR('',#4172,10.);
#961=VECTOR('',#4173,10.);
#962=VECTOR('',#4174,10.);
#963=VECTOR('',#4175,10.);
#964=VECTOR('',#4176,10.);
#965=VECTOR('',#4177,10.);
#966=VECTOR('',#4178,10.);
#967=VECTOR('',#4179,10.);
#968=VECTOR('',#4180,10.);
#969=VECTOR('',#4181,10.);
#970=VECTOR('',#4182,10.);
#971=VECTOR('',#4183,10.);
#972=VECTOR('',#4184,10.);
#973=VECTOR('',#4185,10.);
#974=VECTOR('',#4186,10.);
#975=VECTOR('',#4187,10.);
#976=VECTOR('',#4188,10.);
#977=VECTOR('',#4189,10.);
#978=VECTOR('',#4190,10.);
#979=VECTOR('',#4191,10.);
#980=VECTOR('',#4192,10.);
#981=VECTOR('',#4193,10.);
#982=VECTOR('',#4194,10.);
#983=VECTOR('',#4195,10.);
#984=VECTOR('',#4196,10.);
#985=VECTOR('',#4197,10.);
#986=VECTOR('',#4198,10.);
#987=VECTOR('',#4199,10.);
#988=VECTOR('',#4200,10.);
#989=VECTOR('',#4201,10.);
#990=VECTOR('',#4202,10.);
#991=VECTOR('',#4203,10.);
#992=VECTOR('',#4204,10.);
#993=VECTOR('',#4205,10.);
#994=VECTOR('',#4206,10.);
#995=VECTOR('',#4207,10.);
#996=VECTOR('',#4208,10.);
#997=VECTOR('',#4209,10.);
#998=VECTOR('',#4210,10.);
#999=VECTOR('',#4211,10.);
#1000=VECTOR('',#4212,10.);
#1001=VECTOR('',#4213,10.);
#1002=VECTOR('',#4214,10.);
#1003=VECTOR('',#4215,10.);
#1004=VECTOR('',#4216,10.);
#1005=VECTOR('',#4217,10.);
#1006=VECTOR('',#4218,10.);
#1007=VECTOR('',#4219,10.);
#1008=VECTOR('',#4220,10.);
#1009=VECTOR('',#4221,10.);
#1010=VECTOR('',#4222,10.);
#1011=VECTOR('',#4223,10.);
#1012=VECTOR('',#4224,10.);
#1013=VECTOR('',#4225,10.);
#1014=VECTOR('',#4226,10.);
#1015=VECTOR('',#4227,10.);
#1016=VECTOR('',#4228,10.);
#1017=VECTOR('',#4229,10.);
#1018=VECTOR('',#4230,10.);
#1019=VECTOR('',#4231,10.);
#1020=VECTOR('',#4232,10.);
#1021=VECTOR('',#4233,10.);
#1022=VECTOR('',#4234,10.);
#1023=VECTOR('',#4235,10.);
#1024=VECTOR('',#4236,10.);
#1025=VECTOR('',#4237,10.);
#1026=VECTOR('',#4238,10.);
#1027=VECTOR('',#4239,10.);
#1028=VECTOR('',#4240,10.);
#1029=VECTOR('',#4241,10.);
#1030=VECTOR('',#4242,10.);
#1031=VECTOR('',#4243,10.);
#1032=VECTOR('',#4244,10.);
#1033=VECTOR('',#4245,10.);
#1034=VECTOR('',#4246,10.);
#1035=VECTOR('',#4247,10.);
#1036=VECTOR('',#4248,10.);
#1037=VECTOR('',#4249,10.);
#1038=VECTOR('',#4250,10.);
#1039=VECTOR('',#4251,10.);
#1040=VECTOR('',#4252,10.);
#1041=VECTOR('',#4253,10.);
#1042=VECTOR('',#4254,10.);
#1043=VECTOR('',#4255,10.);
#1044=VECTOR('',#4256,10.);
#1045=VECTOR('',#4257,10.);
#1046=VECTOR('',#4258,10.);
#1047=VECTOR('',#4259,10.);
#1048=VECTOR('',#4260,10.);
#1049=VECTOR('',#4261,10.);
#1050=VECTOR('',#4262,10.);
#1051=VECTOR('',#4263,10.);
#1052=VECTOR('',#4264,10.);
#1053=VECTOR('',#4265,10.);
#1054=VECTOR('',#4266,10.);
#1055=VECTOR('',#4267,10.);
#1056=VECTOR('',#4268,10.);
#1057=VECTOR('',#4269,10.);
#1058=VECTOR('',#4270,10.);
#1059=VECTOR('',#4271,10.);
#1060=VECTOR('',#4272,10.);
#1061=VECTOR('',#4273,10.);
#1062=VECTOR('',#4274,10.);
#1063=VECTOR('',#4277,10.);
#1064=VECTOR('',#4278,10.);
#1065=VECTOR('',#4279,10.);
#1066=VECTOR('',#4282,10.);
#1067=VECTOR('',#4283,10.);
#1068=VECTOR('',#4284,10.);
#1069=VECTOR('',#4287,10.);
#1070=VECTOR('',#4288,10.);
#1071=VECTOR('',#4291,10.);
#1072=VECTOR('',#4292,10.);
#1073=VECTOR('',#4293,10.);
#1074=VECTOR('',#4296,10.);
#1075=VECTOR('',#4297,10.);
#1076=VECTOR('',#4298,10.);
#1077=VECTOR('',#4301,10.);
#1078=VECTOR('',#4302,10.);
#1079=VECTOR('',#4305,10.);
#1080=VECTOR('',#4306,10.);
#1081=VECTOR('',#4307,10.);
#1082=VECTOR('',#4310,10.);
#1083=VECTOR('',#4311,10.);
#1084=VECTOR('',#4312,10.);
#1085=VECTOR('',#4315,10.);
#1086=VECTOR('',#4316,10.);
#1087=VECTOR('',#4319,10.);
#1088=VECTOR('',#4320,10.);
#1089=VECTOR('',#4321,10.);
#1090=VECTOR('',#4324,10.);
#1091=VECTOR('',#4325,10.);
#1092=VECTOR('',#4328,10.);
#1093=VECTOR('',#4329,10.);
#1094=VECTOR('',#4332,10.);
#1095=VECTOR('',#4335,10.);
#1096=VECTOR('',#4336,10.);
#1097=VECTOR('',#4337,10.);
#1098=VECTOR('',#4340,10.);
#1099=VECTOR('',#4341,10.);
#1100=VECTOR('',#4342,10.);
#1101=VECTOR('',#4345,10.);
#1102=VECTOR('',#4346,10.);
#1103=VECTOR('',#4349,10.);
#1104=VECTOR('',#4350,10.);
#1105=VECTOR('',#4351,10.);
#1106=VECTOR('',#4354,10.);
#1107=VECTOR('',#4355,10.);
#1108=VECTOR('',#4356,10.);
#1109=VECTOR('',#4359,10.);
#1110=VECTOR('',#4360,10.);
#1111=VECTOR('',#4363,10.);
#1112=VECTOR('',#4364,10.);
#1113=VECTOR('',#4365,10.);
#1114=VECTOR('',#4368,10.);
#1115=VECTOR('',#4369,10.);
#1116=VECTOR('',#4370,10.);
#1117=VECTOR('',#4373,10.);
#1118=VECTOR('',#4374,10.);
#1119=VECTOR('',#4377,10.);
#1120=VECTOR('',#4378,10.);
#1121=VECTOR('',#4379,10.);
#1122=VECTOR('',#4382,10.);
#1123=VECTOR('',#4383,10.);
#1124=VECTOR('',#4384,10.);
#1125=VECTOR('',#4387,10.);
#1126=VECTOR('',#4388,10.);
#1127=VECTOR('',#4391,10.);
#1128=VECTOR('',#4392,10.);
#1129=VECTOR('',#4393,10.);
#1130=VECTOR('',#4396,10.);
#1131=VECTOR('',#4397,10.);
#1132=VECTOR('',#4398,10.);
#1133=VECTOR('',#4401,10.);
#1134=VECTOR('',#4402,10.);
#1135=VECTOR('',#4405,10.);
#1136=VECTOR('',#4406,10.);
#1137=VECTOR('',#4407,10.);
#1138=VECTOR('',#4410,10.);
#1139=VECTOR('',#4411,10.);
#1140=VECTOR('',#4412,10.);
#1141=VECTOR('',#4415,10.);
#1142=VECTOR('',#4416,10.);
#1143=VECTOR('',#4419,10.);
#1144=VECTOR('',#4420,10.);
#1145=VECTOR('',#4421,10.);
#1146=VECTOR('',#4424,10.);
#1147=VECTOR('',#4425,10.);
#1148=VECTOR('',#4426,10.);
#1149=VECTOR('',#4429,10.);
#1150=VECTOR('',#4430,10.);
#1151=VECTOR('',#4433,10.);
#1152=VECTOR('',#4434,10.);
#1153=VECTOR('',#4435,10.);
#1154=VECTOR('',#4438,10.);
#1155=VECTOR('',#4439,10.);
#1156=VECTOR('',#4440,10.);
#1157=VECTOR('',#4443,10.);
#1158=VECTOR('',#4444,10.);
#1159=VECTOR('',#4447,10.);
#1160=VECTOR('',#4448,10.);
#1161=VECTOR('',#4449,10.);
#1162=VECTOR('',#4452,10.);
#1163=VECTOR('',#4453,10.);
#1164=VECTOR('',#4454,10.);
#1165=VECTOR('',#4457,10.);
#1166=VECTOR('',#4458,10.);
#1167=VECTOR('',#4461,10.);
#1168=VECTOR('',#4462,10.);
#1169=VECTOR('',#4463,10.);
#1170=VECTOR('',#4466,10.);
#1171=VECTOR('',#4467,10.);
#1172=VECTOR('',#4468,10.);
#1173=VECTOR('',#4471,10.);
#1174=VECTOR('',#4472,10.);
#1175=VECTOR('',#4475,10.);
#1176=VECTOR('',#4476,10.);
#1177=VECTOR('',#4477,10.);
#1178=VECTOR('',#4480,10.);
#1179=VECTOR('',#4481,10.);
#1180=VECTOR('',#4482,10.);
#1181=VECTOR('',#4485,10.);
#1182=VECTOR('',#4486,10.);
#1183=VECTOR('',#4489,10.);
#1184=VECTOR('',#4490,10.);
#1185=VECTOR('',#4491,10.);
#1186=VECTOR('',#4492,10.);
#1187=VECTOR('',#4495,10.);
#1188=VECTOR('',#4496,10.);
#1189=VECTOR('',#4497,10.);
#1190=VECTOR('',#4500,10.);
#1191=VECTOR('',#4501,10.);
#1192=VECTOR('',#4502,10.);
#1193=VECTOR('',#4505,10.);
#1194=VECTOR('',#4508,10.);
#1195=VECTOR('',#4509,10.);
#1196=VECTOR('',#4510,10.);
#1197=VECTOR('',#4511,10.);
#1198=VECTOR('',#4514,10.);
#1199=VECTOR('',#4515,10.);
#1200=VECTOR('',#4516,10.);
#1201=VECTOR('',#4517,10.);
#1202=VECTOR('',#4520,10.);
#1203=VECTOR('',#4521,10.);
#1204=VECTOR('',#4524,10.);
#1205=VECTOR('',#4525,10.);
#1206=VECTOR('',#4526,10.);
#1207=VECTOR('',#4527,10.);
#1208=VECTOR('',#4530,10.);
#1209=VECTOR('',#4531,10.);
#1210=VECTOR('',#4532,10.);
#1211=VECTOR('',#4533,10.);
#1212=VECTOR('',#4536,10.);
#1213=VECTOR('',#4537,10.);
#1214=VECTOR('',#4540,10.);
#1215=VECTOR('',#4541,10.);
#1216=VECTOR('',#4542,10.);
#1217=VECTOR('',#4543,10.);
#1218=VECTOR('',#4546,10.);
#1219=VECTOR('',#4547,10.);
#1220=VECTOR('',#4548,10.);
#1221=VECTOR('',#4549,10.);
#1222=VECTOR('',#4552,10.);
#1223=VECTOR('',#4553,10.);
#1224=VECTOR('',#4556,10.);
#1225=VECTOR('',#4557,10.);
#1226=VECTOR('',#4558,10.);
#1227=VECTOR('',#4559,10.);
#1228=VECTOR('',#4562,10.);
#1229=VECTOR('',#4563,10.);
#1230=VECTOR('',#4564,10.);
#1231=VECTOR('',#4567,10.);
#1232=VECTOR('',#4568,10.);
#1233=VECTOR('',#4569,10.);
#1234=VECTOR('',#4572,10.);
#1235=VECTOR('',#4575,10.);
#1236=VECTOR('',#4576,10.);
#1237=VECTOR('',#4577,10.);
#1238=VECTOR('',#4578,10.);
#1239=VECTOR('',#4581,10.);
#1240=VECTOR('',#4582,10.);
#1241=VECTOR('',#4583,10.);
#1242=VECTOR('',#4584,10.);
#1243=VECTOR('',#4587,10.);
#1244=VECTOR('',#4588,10.);
#1245=VECTOR('',#4591,10.);
#1246=VECTOR('',#4592,10.);
#1247=VECTOR('',#4593,10.);
#1248=VECTOR('',#4594,10.);
#1249=VECTOR('',#4597,10.);
#1250=VECTOR('',#4598,10.);
#1251=VECTOR('',#4599,10.);
#1252=VECTOR('',#4600,10.);
#1253=VECTOR('',#4603,10.);
#1254=VECTOR('',#4604,10.);
#1255=VECTOR('',#4607,10.);
#1256=VECTOR('',#4608,10.);
#1257=VECTOR('',#4609,10.);
#1258=VECTOR('',#4610,10.);
#1259=VECTOR('',#4613,10.);
#1260=VECTOR('',#4614,10.);
#1261=VECTOR('',#4615,10.);
#1262=VECTOR('',#4616,10.);
#1263=VECTOR('',#4619,10.);
#1264=VECTOR('',#4620,10.);
#1265=VECTOR('',#4623,10.);
#1266=VECTOR('',#4624,10.);
#1267=VECTOR('',#4625,10.);
#1268=VECTOR('',#4626,10.);
#1269=VECTOR('',#4629,10.);
#1270=VECTOR('',#4630,10.);
#1271=VECTOR('',#4631,10.);
#1272=VECTOR('',#4632,10.);
#1273=VECTOR('',#4635,10.);
#1274=VECTOR('',#4636,10.);
#1275=VECTOR('',#4639,10.);
#1276=VECTOR('',#4640,10.);
#1277=VECTOR('',#4641,10.);
#1278=VECTOR('',#4642,10.);
#1279=VECTOR('',#4645,10.);
#1280=VECTOR('',#4646,10.);
#1281=VECTOR('',#4647,10.);
#1282=VECTOR('',#4648,10.);
#1283=VECTOR('',#4651,10.);
#1284=VECTOR('',#4652,10.);
#1285=VECTOR('',#4655,10.);
#1286=VECTOR('',#4656,10.);
#1287=VECTOR('',#4657,10.);
#1288=VECTOR('',#4658,10.);
#1289=VECTOR('',#4661,10.);
#1290=VECTOR('',#4662,10.);
#1291=VECTOR('',#4663,10.);
#1292=VECTOR('',#4664,10.);
#1293=VECTOR('',#4667,10.);
#1294=VECTOR('',#4668,10.);
#1295=VECTOR('',#4671,10.);
#1296=VECTOR('',#4672,10.);
#1297=VECTOR('',#4673,10.);
#1298=VECTOR('',#4674,10.);
#1299=VECTOR('',#4677,10.);
#1300=VECTOR('',#4678,10.);
#1301=VECTOR('',#4679,10.);
#1302=VECTOR('',#4680,10.);
#1303=VECTOR('',#4683,10.);
#1304=VECTOR('',#4684,10.);
#1305=VECTOR('',#4687,10.);
#1306=VECTOR('',#4688,10.);
#1307=VECTOR('',#4689,10.);
#1308=VECTOR('',#4690,10.);
#1309=VECTOR('',#4693,10.);
#1310=VECTOR('',#4694,10.);
#1311=VECTOR('',#4695,10.);
#1312=VECTOR('',#4696,10.);
#1313=VECTOR('',#4699,10.);
#1314=VECTOR('',#4700,10.);
#1315=VECTOR('',#4703,10.);
#1316=VECTOR('',#4704,10.);
#1317=VECTOR('',#4705,10.);
#1318=VECTOR('',#4706,10.);
#1319=VECTOR('',#4709,10.);
#1320=VECTOR('',#4710,10.);
#1321=VECTOR('',#4711,10.);
#1322=VECTOR('',#4712,10.);
#1323=VECTOR('',#4715,10.);
#1324=VECTOR('',#4716,10.);
#1325=VECTOR('',#4719,10.);
#1326=VECTOR('',#4720,10.);
#1327=VECTOR('',#4721,10.);
#1328=VECTOR('',#4722,10.);
#1329=VECTOR('',#4725,10.);
#1330=VECTOR('',#4726,10.);
#1331=VECTOR('',#4727,10.);
#1332=VECTOR('',#4728,10.);
#1333=VECTOR('',#4731,10.);
#1334=VECTOR('',#4732,10.);
#1335=VECTOR('',#4735,10.);
#1336=VECTOR('',#4736,10.);
#1337=VECTOR('',#4737,10.);
#1338=VECTOR('',#4738,10.);
#1339=VECTOR('',#4741,10.);
#1340=VECTOR('',#4742,10.);
#1341=VECTOR('',#4743,10.);
#1342=VECTOR('',#4744,10.);
#1343=VECTOR('',#4745,10.);
#1344=VECTOR('',#4746,10.);
#1345=VECTOR('',#4747,10.);
#1346=VECTOR('',#4748,10.);
#1347=VECTOR('',#4749,10.);
#1348=VECTOR('',#4750,10.);
#1349=VECTOR('',#4751,10.);
#1350=VECTOR('',#4752,10.);
#1351=VECTOR('',#4753,10.);
#1352=VECTOR('',#4754,10.);
#1353=VECTOR('',#4755,10.);
#1354=VECTOR('',#4756,10.);
#1355=VECTOR('',#4757,10.);
#1356=VECTOR('',#4758,10.);
#1357=VECTOR('',#4759,10.);
#1358=VECTOR('',#4760,10.);
#1359=VECTOR('',#4761,10.);
#1360=VECTOR('',#4762,10.);
#1361=VECTOR('',#4763,10.);
#1362=VECTOR('',#4764,10.);
#1363=VECTOR('',#4765,10.);
#1364=VECTOR('',#4766,10.);
#1365=VECTOR('',#4767,10.);
#1366=VECTOR('',#4768,10.);
#1367=VECTOR('',#4769,10.);
#1368=VECTOR('',#4770,10.);
#1369=VECTOR('',#4771,10.);
#1370=VECTOR('',#4772,10.);
#1371=VECTOR('',#4773,10.);
#1372=VECTOR('',#4774,10.);
#1373=VECTOR('',#4775,10.);
#1374=VECTOR('',#4776,10.);
#1375=VECTOR('',#4777,10.);
#1376=VECTOR('',#4778,10.);
#1377=VECTOR('',#4779,10.);
#1378=VECTOR('',#4780,10.);
#1379=VECTOR('',#4781,10.);
#1380=VECTOR('',#4782,10.);
#1381=VECTOR('',#4783,10.);
#1382=VECTOR('',#4784,10.);
#1383=VECTOR('',#4785,10.);
#1384=VECTOR('',#4786,10.);
#1385=VECTOR('',#4787,10.);
#1386=VECTOR('',#4788,10.);
#1387=VECTOR('',#4789,10.);
#1388=VECTOR('',#4790,10.);
#1389=VECTOR('',#4791,10.);
#1390=VECTOR('',#4792,10.);
#1391=VECTOR('',#4793,10.);
#1392=VECTOR('',#4794,10.);
#1393=VECTOR('',#4795,10.);
#1394=VECTOR('',#4796,10.);
#1395=VECTOR('',#4797,10.);
#1396=VECTOR('',#4798,10.);
#1397=VECTOR('',#4799,10.);
#1398=VECTOR('',#4800,10.);
#1399=VECTOR('',#4801,10.);
#1400=VECTOR('',#4802,10.);
#1401=VECTOR('',#4803,10.);
#1402=VECTOR('',#4804,10.);
#1403=VECTOR('',#4805,10.);
#1404=VECTOR('',#4806,10.);
#1405=VECTOR('',#4807,10.);
#1406=VECTOR('',#4808,10.);
#1407=VECTOR('',#4809,10.);
#1408=VECTOR('',#4810,10.);
#1409=VECTOR('',#4811,10.);
#1410=VECTOR('',#4812,10.);
#1411=VECTOR('',#4813,10.);
#1412=VECTOR('',#4814,10.);
#1413=VECTOR('',#4815,10.);
#1414=VECTOR('',#4816,10.);
#1415=VECTOR('',#4817,10.);
#1416=VECTOR('',#4818,10.);
#1417=VECTOR('',#4819,10.);
#1418=VECTOR('',#4820,10.);
#1419=VECTOR('',#4821,10.);
#1420=VECTOR('',#4822,10.);
#1421=VECTOR('',#4823,10.);
#1422=VECTOR('',#4824,10.);
#1423=VECTOR('',#4825,10.);
#1424=VECTOR('',#4826,10.);
#1425=VECTOR('',#4827,10.);
#1426=VECTOR('',#4828,10.);
#1427=VECTOR('',#4829,10.);
#1428=VECTOR('',#4830,10.);
#1429=VECTOR('',#4831,10.);
#1430=VECTOR('',#4832,10.);
#1431=VECTOR('',#4833,10.);
#1432=VECTOR('',#4834,10.);
#1433=VECTOR('',#4837,10.);
#1434=VECTOR('',#4838,10.);
#1435=VECTOR('',#4841,10.);
#1436=VECTOR('',#4842,10.);
#1437=VECTOR('',#4843,10.);
#1438=VECTOR('',#4846,10.);
#1439=VECTOR('',#4847,10.);
#1440=VECTOR('',#4848,10.);
#1441=VECTOR('',#4851,10.);
#1442=VECTOR('',#4852,10.);
#1443=VECTOR('',#4855,10.);
#1444=VECTOR('',#4856,10.);
#1445=VECTOR('',#4859,10.);
#1446=VECTOR('',#4862,10.);
#1447=VECTOR('',#4867,10.);
#1448=VECTOR('',#4868,10.);
#1449=VECTOR('',#4871,10.);
#1450=VECTOR('',#4874,10.);
#1451=VECTOR('',#4879,10.);
#1452=VECTOR('',#4880,10.);
#1453=VECTOR('',#4883,10.);
#1454=VECTOR('',#4886,10.);
#1455=VECTOR('',#4891,10.);
#1456=VECTOR('',#4892,10.);
#1457=VECTOR('',#4895,10.);
#1458=VECTOR('',#4898,10.);
#1459=VECTOR('',#4903,10.);
#1460=VECTOR('',#4904,10.);
#1461=VECTOR('',#4907,10.);
#1462=VECTOR('',#4910,10.);
#1463=VECTOR('',#4915,10.);
#1464=VECTOR('',#4916,10.);
#1465=VECTOR('',#4919,10.);
#1466=VECTOR('',#4922,10.);
#1467=VECTOR('',#4927,10.);
#1468=VECTOR('',#4930,10.);
#1469=VECTOR('',#4935,10.);
#1470=VECTOR('',#4936,10.);
#1471=VECTOR('',#4939,10.);
#1472=VECTOR('',#4942,10.);
#1473=VECTOR('',#4947,10.);
#1474=VECTOR('',#4948,10.);
#1475=VECTOR('',#4951,10.);
#1476=VECTOR('',#4954,10.);
#1477=VECTOR('',#4959,10.);
#1478=VECTOR('',#4960,10.);
#1479=VECTOR('',#4963,10.);
#1480=VECTOR('',#4966,10.);
#1481=VECTOR('',#4971,10.);
#1482=VECTOR('',#4972,10.);
#1483=VECTOR('',#4975,10.);
#1484=VECTOR('',#4978,10.);
#1485=VECTOR('',#4983,10.);
#1486=VECTOR('',#4984,10.);
#1487=VECTOR('',#4987,10.);
#1488=VECTOR('',#4990,10.);
#1489=VECTOR('',#4995,10.);
#1490=VECTOR('',#4998,10.);
#1491=VECTOR('',#5003,10.);
#1492=VECTOR('',#5004,10.);
#1493=VECTOR('',#5007,10.);
#1494=VECTOR('',#5010,10.);
#1495=VECTOR('',#5015,10.);
#1496=VECTOR('',#5016,10.);
#1497=VECTOR('',#5019,10.);
#1498=VECTOR('',#5022,10.);
#1499=VECTOR('',#5027,10.);
#1500=VECTOR('',#5028,10.);
#1501=VECTOR('',#5031,10.);
#1502=VECTOR('',#5034,10.);
#1503=VERTEX_POINT('',#5039);
#1504=VERTEX_POINT('',#5040);
#1505=VERTEX_POINT('',#5042);
#1506=VERTEX_POINT('',#5044);
#1507=VERTEX_POINT('',#5048);
#1508=VERTEX_POINT('',#5049);
#1509=VERTEX_POINT('',#5051);
#1510=VERTEX_POINT('',#5053);
#1511=VERTEX_POINT('',#5062);
#1512=VERTEX_POINT('',#5063);
#1513=VERTEX_POINT('',#5065);
#1514=VERTEX_POINT('',#5067);
#1515=VERTEX_POINT('',#5070);
#1516=VERTEX_POINT('',#5072);
#1517=VERTEX_POINT('',#5074);
#1518=VERTEX_POINT('',#5076);
#1519=VERTEX_POINT('',#5078);
#1520=VERTEX_POINT('',#5080);
#1521=VERTEX_POINT('',#5082);
#1522=VERTEX_POINT('',#5084);
#1523=VERTEX_POINT('',#5086);
#1524=VERTEX_POINT('',#5088);
#1525=VERTEX_POINT('',#5090);
#1526=VERTEX_POINT('',#5092);
#1527=VERTEX_POINT('',#5094);
#1528=VERTEX_POINT('',#5096);
#1529=VERTEX_POINT('',#5098);
#1530=VERTEX_POINT('',#5100);
#1531=VERTEX_POINT('',#5102);
#1532=VERTEX_POINT('',#5104);
#1533=VERTEX_POINT('',#5106);
#1534=VERTEX_POINT('',#5108);
#1535=VERTEX_POINT('',#5110);
#1536=VERTEX_POINT('',#5112);
#1537=VERTEX_POINT('',#5114);
#1538=VERTEX_POINT('',#5116);
#1539=VERTEX_POINT('',#5118);
#1540=VERTEX_POINT('',#5120);
#1541=VERTEX_POINT('',#5122);
#1542=VERTEX_POINT('',#5124);
#1543=VERTEX_POINT('',#5126);
#1544=VERTEX_POINT('',#5128);
#1545=VERTEX_POINT('',#5130);
#1546=VERTEX_POINT('',#5132);
#1547=VERTEX_POINT('',#5134);
#1548=VERTEX_POINT('',#5136);
#1549=VERTEX_POINT('',#5138);
#1550=VERTEX_POINT('',#5140);
#1551=VERTEX_POINT('',#5142);
#1552=VERTEX_POINT('',#5144);
#1553=VERTEX_POINT('',#5146);
#1554=VERTEX_POINT('',#5148);
#1555=VERTEX_POINT('',#5150);
#1556=VERTEX_POINT('',#5152);
#1557=VERTEX_POINT('',#5154);
#1558=VERTEX_POINT('',#5156);
#1559=VERTEX_POINT('',#5158);
#1560=VERTEX_POINT('',#5160);
#1561=VERTEX_POINT('',#5162);
#1562=VERTEX_POINT('',#5164);
#1563=VERTEX_POINT('',#5166);
#1564=VERTEX_POINT('',#5168);
#1565=VERTEX_POINT('',#5170);
#1566=VERTEX_POINT('',#5172);
#1567=VERTEX_POINT('',#5174);
#1568=VERTEX_POINT('',#5176);
#1569=VERTEX_POINT('',#5178);
#1570=VERTEX_POINT('',#5180);
#1571=VERTEX_POINT('',#5182);
#1572=VERTEX_POINT('',#5184);
#1573=VERTEX_POINT('',#5186);
#1574=VERTEX_POINT('',#5188);
#1575=VERTEX_POINT('',#5190);
#1576=VERTEX_POINT('',#5192);
#1577=VERTEX_POINT('',#5194);
#1578=VERTEX_POINT('',#5196);
#1579=VERTEX_POINT('',#5198);
#1580=VERTEX_POINT('',#5200);
#1581=VERTEX_POINT('',#5202);
#1582=VERTEX_POINT('',#5204);
#1583=VERTEX_POINT('',#5206);
#1584=VERTEX_POINT('',#5208);
#1585=VERTEX_POINT('',#5210);
#1586=VERTEX_POINT('',#5212);
#1587=VERTEX_POINT('',#5214);
#1588=VERTEX_POINT('',#5216);
#1589=VERTEX_POINT('',#5218);
#1590=VERTEX_POINT('',#5220);
#1591=VERTEX_POINT('',#5222);
#1592=VERTEX_POINT('',#5224);
#1593=VERTEX_POINT('',#5226);
#1594=VERTEX_POINT('',#5228);
#1595=VERTEX_POINT('',#5230);
#1596=VERTEX_POINT('',#5232);
#1597=VERTEX_POINT('',#5234);
#1598=VERTEX_POINT('',#5236);
#1599=VERTEX_POINT('',#5238);
#1600=VERTEX_POINT('',#5240);
#1601=VERTEX_POINT('',#5242);
#1602=VERTEX_POINT('',#5244);
#1603=VERTEX_POINT('',#5246);
#1604=VERTEX_POINT('',#5248);
#1605=VERTEX_POINT('',#5250);
#1606=VERTEX_POINT('',#5252);
#1607=VERTEX_POINT('',#5254);
#1608=VERTEX_POINT('',#5256);
#1609=VERTEX_POINT('',#5258);
#1610=VERTEX_POINT('',#5260);
#1611=VERTEX_POINT('',#5262);
#1612=VERTEX_POINT('',#5264);
#1613=VERTEX_POINT('',#5266);
#1614=VERTEX_POINT('',#5268);
#1615=VERTEX_POINT('',#5270);
#1616=VERTEX_POINT('',#5272);
#1617=VERTEX_POINT('',#5274);
#1618=VERTEX_POINT('',#5276);
#1619=VERTEX_POINT('',#5278);
#1620=VERTEX_POINT('',#5280);
#1621=VERTEX_POINT('',#5282);
#1622=VERTEX_POINT('',#5284);
#1623=VERTEX_POINT('',#5286);
#1624=VERTEX_POINT('',#5288);
#1625=VERTEX_POINT('',#5290);
#1626=VERTEX_POINT('',#5292);
#1627=VERTEX_POINT('',#5294);
#1628=VERTEX_POINT('',#5296);
#1629=VERTEX_POINT('',#5298);
#1630=VERTEX_POINT('',#5300);
#1631=VERTEX_POINT('',#5302);
#1632=VERTEX_POINT('',#5304);
#1633=VERTEX_POINT('',#5306);
#1634=VERTEX_POINT('',#5308);
#1635=VERTEX_POINT('',#5312);
#1636=VERTEX_POINT('',#5314);
#1637=VERTEX_POINT('',#5318);
#1638=VERTEX_POINT('',#5320);
#1639=VERTEX_POINT('',#5327);
#1640=VERTEX_POINT('',#5329);
#1641=VERTEX_POINT('',#5333);
#1642=VERTEX_POINT('',#5335);
#1643=VERTEX_POINT('',#5342);
#1644=VERTEX_POINT('',#5344);
#1645=VERTEX_POINT('',#5348);
#1646=VERTEX_POINT('',#5350);
#1647=VERTEX_POINT('',#5357);
#1648=VERTEX_POINT('',#5359);
#1649=VERTEX_POINT('',#5363);
#1650=VERTEX_POINT('',#5367);
#1651=VERTEX_POINT('',#5373);
#1652=VERTEX_POINT('',#5375);
#1653=VERTEX_POINT('',#5379);
#1654=VERTEX_POINT('',#5381);
#1655=VERTEX_POINT('',#5388);
#1656=VERTEX_POINT('',#5390);
#1657=VERTEX_POINT('',#5394);
#1658=VERTEX_POINT('',#5396);
#1659=VERTEX_POINT('',#5403);
#1660=VERTEX_POINT('',#5405);
#1661=VERTEX_POINT('',#5409);
#1662=VERTEX_POINT('',#5411);
#1663=VERTEX_POINT('',#5418);
#1664=VERTEX_POINT('',#5420);
#1665=VERTEX_POINT('',#5424);
#1666=VERTEX_POINT('',#5426);
#1667=VERTEX_POINT('',#5433);
#1668=VERTEX_POINT('',#5435);
#1669=VERTEX_POINT('',#5439);
#1670=VERTEX_POINT('',#5441);
#1671=VERTEX_POINT('',#5448);
#1672=VERTEX_POINT('',#5450);
#1673=VERTEX_POINT('',#5454);
#1674=VERTEX_POINT('',#5456);
#1675=VERTEX_POINT('',#5463);
#1676=VERTEX_POINT('',#5465);
#1677=VERTEX_POINT('',#5469);
#1678=VERTEX_POINT('',#5471);
#1679=VERTEX_POINT('',#5478);
#1680=VERTEX_POINT('',#5480);
#1681=VERTEX_POINT('',#5484);
#1682=VERTEX_POINT('',#5486);
#1683=VERTEX_POINT('',#5493);
#1684=VERTEX_POINT('',#5495);
#1685=VERTEX_POINT('',#5499);
#1686=VERTEX_POINT('',#5501);
#1687=VERTEX_POINT('',#5508);
#1688=VERTEX_POINT('',#5510);
#1689=VERTEX_POINT('',#5514);
#1690=VERTEX_POINT('',#5516);
#1691=VERTEX_POINT('',#5523);
#1692=VERTEX_POINT('',#5525);
#1693=VERTEX_POINT('',#5529);
#1694=VERTEX_POINT('',#5531);
#1695=VERTEX_POINT('',#5538);
#1696=VERTEX_POINT('',#5539);
#1697=VERTEX_POINT('',#5541);
#1698=VERTEX_POINT('',#5543);
#1699=VERTEX_POINT('',#5547);
#1700=VERTEX_POINT('',#5549);
#1701=VERTEX_POINT('',#5553);
#1702=VERTEX_POINT('',#5555);
#1703=VERTEX_POINT('',#5561);
#1704=VERTEX_POINT('',#5562);
#1705=VERTEX_POINT('',#5564);
#1706=VERTEX_POINT('',#5566);
#1707=VERTEX_POINT('',#5570);
#1708=VERTEX_POINT('',#5571);
#1709=VERTEX_POINT('',#5573);
#1710=VERTEX_POINT('',#5575);
#1711=VERTEX_POINT('',#5582);
#1712=VERTEX_POINT('',#5583);
#1713=VERTEX_POINT('',#5585);
#1714=VERTEX_POINT('',#5587);
#1715=VERTEX_POINT('',#5591);
#1716=VERTEX_POINT('',#5592);
#1717=VERTEX_POINT('',#5594);
#1718=VERTEX_POINT('',#5596);
#1719=VERTEX_POINT('',#5603);
#1720=VERTEX_POINT('',#5604);
#1721=VERTEX_POINT('',#5606);
#1722=VERTEX_POINT('',#5608);
#1723=VERTEX_POINT('',#5612);
#1724=VERTEX_POINT('',#5613);
#1725=VERTEX_POINT('',#5615);
#1726=VERTEX_POINT('',#5617);
#1727=VERTEX_POINT('',#5624);
#1728=VERTEX_POINT('',#5625);
#1729=VERTEX_POINT('',#5627);
#1730=VERTEX_POINT('',#5629);
#1731=VERTEX_POINT('',#5633);
#1732=VERTEX_POINT('',#5635);
#1733=VERTEX_POINT('',#5639);
#1734=VERTEX_POINT('',#5641);
#1735=VERTEX_POINT('',#5647);
#1736=VERTEX_POINT('',#5648);
#1737=VERTEX_POINT('',#5650);
#1738=VERTEX_POINT('',#5652);
#1739=VERTEX_POINT('',#5656);
#1740=VERTEX_POINT('',#5657);
#1741=VERTEX_POINT('',#5659);
#1742=VERTEX_POINT('',#5661);
#1743=VERTEX_POINT('',#5668);
#1744=VERTEX_POINT('',#5669);
#1745=VERTEX_POINT('',#5671);
#1746=VERTEX_POINT('',#5673);
#1747=VERTEX_POINT('',#5677);
#1748=VERTEX_POINT('',#5678);
#1749=VERTEX_POINT('',#5680);
#1750=VERTEX_POINT('',#5682);
#1751=VERTEX_POINT('',#5689);
#1752=VERTEX_POINT('',#5690);
#1753=VERTEX_POINT('',#5692);
#1754=VERTEX_POINT('',#5694);
#1755=VERTEX_POINT('',#5698);
#1756=VERTEX_POINT('',#5699);
#1757=VERTEX_POINT('',#5701);
#1758=VERTEX_POINT('',#5703);
#1759=VERTEX_POINT('',#5710);
#1760=VERTEX_POINT('',#5711);
#1761=VERTEX_POINT('',#5713);
#1762=VERTEX_POINT('',#5715);
#1763=VERTEX_POINT('',#5719);
#1764=VERTEX_POINT('',#5720);
#1765=VERTEX_POINT('',#5722);
#1766=VERTEX_POINT('',#5724);
#1767=VERTEX_POINT('',#5731);
#1768=VERTEX_POINT('',#5732);
#1769=VERTEX_POINT('',#5734);
#1770=VERTEX_POINT('',#5736);
#1771=VERTEX_POINT('',#5740);
#1772=VERTEX_POINT('',#5741);
#1773=VERTEX_POINT('',#5743);
#1774=VERTEX_POINT('',#5745);
#1775=VERTEX_POINT('',#5752);
#1776=VERTEX_POINT('',#5753);
#1777=VERTEX_POINT('',#5755);
#1778=VERTEX_POINT('',#5757);
#1779=VERTEX_POINT('',#5761);
#1780=VERTEX_POINT('',#5762);
#1781=VERTEX_POINT('',#5764);
#1782=VERTEX_POINT('',#5766);
#1783=VERTEX_POINT('',#5773);
#1784=VERTEX_POINT('',#5774);
#1785=VERTEX_POINT('',#5776);
#1786=VERTEX_POINT('',#5778);
#1787=VERTEX_POINT('',#5782);
#1788=VERTEX_POINT('',#5783);
#1789=VERTEX_POINT('',#5785);
#1790=VERTEX_POINT('',#5787);
#1791=VERTEX_POINT('',#5794);
#1792=VERTEX_POINT('',#5795);
#1793=VERTEX_POINT('',#5797);
#1794=VERTEX_POINT('',#5799);
#1795=VERTEX_POINT('',#5803);
#1796=VERTEX_POINT('',#5804);
#1797=VERTEX_POINT('',#5806);
#1798=VERTEX_POINT('',#5808);
#1799=VERTEX_POINT('',#5815);
#1800=VERTEX_POINT('',#5816);
#1801=VERTEX_POINT('',#5818);
#1802=VERTEX_POINT('',#5820);
#1803=VERTEX_POINT('',#5824);
#1804=VERTEX_POINT('',#5825);
#1805=VERTEX_POINT('',#5827);
#1806=VERTEX_POINT('',#5829);
#1807=VERTEX_POINT('',#5836);
#1808=VERTEX_POINT('',#5837);
#1809=VERTEX_POINT('',#5839);
#1810=VERTEX_POINT('',#5841);
#1811=VERTEX_POINT('',#5845);
#1812=VERTEX_POINT('',#5846);
#1813=VERTEX_POINT('',#5848);
#1814=VERTEX_POINT('',#5850);
#1815=VERTEX_POINT('',#5857);
#1816=VERTEX_POINT('',#5860);
#1817=VERTEX_POINT('',#5864);
#1818=VERTEX_POINT('',#5865);
#1819=VERTEX_POINT('',#5867);
#1820=VERTEX_POINT('',#5869);
#1821=VERTEX_POINT('',#5872);
#1822=VERTEX_POINT('',#5874);
#1823=VERTEX_POINT('',#5877);
#1824=VERTEX_POINT('',#5879);
#1825=VERTEX_POINT('',#5881);
#1826=VERTEX_POINT('',#5883);
#1827=VERTEX_POINT('',#5885);
#1828=VERTEX_POINT('',#5887);
#1829=VERTEX_POINT('',#5890);
#1830=VERTEX_POINT('',#5892);
#1831=VERTEX_POINT('',#5895);
#1832=VERTEX_POINT('',#5897);
#1833=VERTEX_POINT('',#5900);
#1834=VERTEX_POINT('',#5903);
#1835=VERTEX_POINT('',#5905);
#1836=VERTEX_POINT('',#5908);
#1837=VERTEX_POINT('',#5910);
#1838=VERTEX_POINT('',#5913);
#1839=VERTEX_POINT('',#5915);
#1840=VERTEX_POINT('',#5918);
#1841=VERTEX_POINT('',#5920);
#1842=VERTEX_POINT('',#5923);
#1843=VERTEX_POINT('',#5925);
#1844=VERTEX_POINT('',#5928);
#1845=VERTEX_POINT('',#5930);
#1846=VERTEX_POINT('',#5933);
#1847=VERTEX_POINT('',#5935);
#1848=VERTEX_POINT('',#5938);
#1849=VERTEX_POINT('',#5940);
#1850=VERTEX_POINT('',#5943);
#1851=VERTEX_POINT('',#5945);
#1852=VERTEX_POINT('',#5948);
#1853=VERTEX_POINT('',#5950);
#1854=VERTEX_POINT('',#5953);
#1855=VERTEX_POINT('',#5955);
#1856=VERTEX_POINT('',#5958);
#1857=VERTEX_POINT('',#5960);
#1858=VERTEX_POINT('',#5963);
#1859=VERTEX_POINT('',#5965);
#1860=VERTEX_POINT('',#5968);
#1861=VERTEX_POINT('',#5970);
#1862=VERTEX_POINT('',#5973);
#1863=VERTEX_POINT('',#5975);
#1864=VERTEX_POINT('',#5978);
#1865=VERTEX_POINT('',#5980);
#1866=VERTEX_POINT('',#5983);
#1867=VERTEX_POINT('',#5985);
#1868=VERTEX_POINT('',#5988);
#1869=VERTEX_POINT('',#5990);
#1870=VERTEX_POINT('',#5993);
#1871=VERTEX_POINT('',#5996);
#1872=VERTEX_POINT('',#5998);
#1873=VERTEX_POINT('',#6001);
#1874=VERTEX_POINT('',#6003);
#1875=VERTEX_POINT('',#6006);
#1876=VERTEX_POINT('',#6008);
#1877=VERTEX_POINT('',#6010);
#1878=VERTEX_POINT('',#6012);
#1879=VERTEX_POINT('',#6014);
#1880=VERTEX_POINT('',#6016);
#1881=VERTEX_POINT('',#6019);
#1882=VERTEX_POINT('',#6021);
#1883=VERTEX_POINT('',#6028);
#1884=VERTEX_POINT('',#6030);
#1885=VERTEX_POINT('',#6034);
#1886=VERTEX_POINT('',#6036);
#1887=EDGE_CURVE('',#1503,#1504,#351,.T.);
#1888=EDGE_CURVE('',#1503,#1505,#352,.T.);
#1889=EDGE_CURVE('',#1506,#1505,#353,.T.);
#1890=EDGE_CURVE('',#1504,#1506,#354,.T.);
#1891=EDGE_CURVE('',#1507,#1508,#355,.T.);
#1892=EDGE_CURVE('',#1507,#1509,#356,.T.);
#1893=EDGE_CURVE('',#1510,#1509,#357,.T.);
#1894=EDGE_CURVE('',#1508,#1510,#358,.T.);
#1895=EDGE_CURVE('',#1508,#1503,#359,.T.);
#1896=EDGE_CURVE('',#1505,#1510,#360,.T.);
#1897=EDGE_CURVE('',#1509,#1506,#361,.T.);
#1898=EDGE_CURVE('',#1511,#1512,#362,.T.);
#1899=EDGE_CURVE('',#1512,#1513,#363,.T.);
#1900=EDGE_CURVE('',#1513,#1514,#364,.T.);
#1901=EDGE_CURVE('',#1514,#1511,#365,.T.);
#1902=EDGE_CURVE('',#1504,#1515,#366,.T.);
#1903=EDGE_CURVE('',#1515,#1516,#367,.T.);
#1904=EDGE_CURVE('',#1516,#1517,#368,.T.);
#1905=EDGE_CURVE('',#1517,#1518,#369,.T.);
#1906=EDGE_CURVE('',#1518,#1519,#370,.T.);
#1907=EDGE_CURVE('',#1519,#1520,#371,.T.);
#1908=EDGE_CURVE('',#1520,#1521,#372,.T.);
#1909=EDGE_CURVE('',#1521,#1522,#373,.T.);
#1910=EDGE_CURVE('',#1522,#1523,#374,.T.);
#1911=EDGE_CURVE('',#1523,#1524,#375,.T.);
#1912=EDGE_CURVE('',#1524,#1525,#376,.T.);
#1913=EDGE_CURVE('',#1525,#1526,#377,.T.);
#1914=EDGE_CURVE('',#1526,#1527,#378,.T.);
#1915=EDGE_CURVE('',#1527,#1528,#379,.T.);
#1916=EDGE_CURVE('',#1528,#1529,#380,.T.);
#1917=EDGE_CURVE('',#1529,#1530,#381,.T.);
#1918=EDGE_CURVE('',#1530,#1531,#382,.T.);
#1919=EDGE_CURVE('',#1531,#1532,#383,.T.);
#1920=EDGE_CURVE('',#1532,#1533,#384,.T.);
#1921=EDGE_CURVE('',#1533,#1534,#385,.T.);
#1922=EDGE_CURVE('',#1534,#1535,#386,.T.);
#1923=EDGE_CURVE('',#1535,#1536,#387,.T.);
#1924=EDGE_CURVE('',#1536,#1537,#388,.T.);
#1925=EDGE_CURVE('',#1537,#1538,#389,.T.);
#1926=EDGE_CURVE('',#1538,#1539,#390,.T.);
#1927=EDGE_CURVE('',#1539,#1540,#391,.T.);
#1928=EDGE_CURVE('',#1540,#1541,#392,.T.);
#1929=EDGE_CURVE('',#1541,#1542,#393,.T.);
#1930=EDGE_CURVE('',#1542,#1543,#394,.T.);
#1931=EDGE_CURVE('',#1543,#1544,#395,.T.);
#1932=EDGE_CURVE('',#1544,#1545,#396,.T.);
#1933=EDGE_CURVE('',#1545,#1546,#397,.T.);
#1934=EDGE_CURVE('',#1546,#1547,#398,.T.);
#1935=EDGE_CURVE('',#1547,#1548,#399,.T.);
#1936=EDGE_CURVE('',#1548,#1549,#400,.T.);
#1937=EDGE_CURVE('',#1549,#1550,#401,.T.);
#1938=EDGE_CURVE('',#1550,#1551,#402,.T.);
#1939=EDGE_CURVE('',#1551,#1552,#403,.T.);
#1940=EDGE_CURVE('',#1552,#1553,#404,.T.);
#1941=EDGE_CURVE('',#1553,#1554,#405,.T.);
#1942=EDGE_CURVE('',#1554,#1555,#406,.T.);
#1943=EDGE_CURVE('',#1555,#1556,#407,.T.);
#1944=EDGE_CURVE('',#1556,#1557,#408,.T.);
#1945=EDGE_CURVE('',#1557,#1558,#409,.T.);
#1946=EDGE_CURVE('',#1558,#1559,#410,.T.);
#1947=EDGE_CURVE('',#1559,#1560,#411,.T.);
#1948=EDGE_CURVE('',#1560,#1561,#412,.T.);
#1949=EDGE_CURVE('',#1561,#1562,#413,.T.);
#1950=EDGE_CURVE('',#1562,#1563,#414,.T.);
#1951=EDGE_CURVE('',#1563,#1564,#415,.T.);
#1952=EDGE_CURVE('',#1564,#1565,#416,.T.);
#1953=EDGE_CURVE('',#1565,#1566,#417,.T.);
#1954=EDGE_CURVE('',#1566,#1567,#418,.T.);
#1955=EDGE_CURVE('',#1567,#1568,#419,.T.);
#1956=EDGE_CURVE('',#1568,#1569,#420,.T.);
#1957=EDGE_CURVE('',#1569,#1570,#421,.T.);
#1958=EDGE_CURVE('',#1570,#1571,#422,.T.);
#1959=EDGE_CURVE('',#1571,#1572,#423,.T.);
#1960=EDGE_CURVE('',#1572,#1573,#424,.T.);
#1961=EDGE_CURVE('',#1573,#1574,#425,.T.);
#1962=EDGE_CURVE('',#1574,#1575,#426,.T.);
#1963=EDGE_CURVE('',#1575,#1576,#427,.T.);
#1964=EDGE_CURVE('',#1576,#1577,#428,.T.);
#1965=EDGE_CURVE('',#1577,#1578,#429,.T.);
#1966=EDGE_CURVE('',#1578,#1579,#430,.T.);
#1967=EDGE_CURVE('',#1579,#1580,#431,.T.);
#1968=EDGE_CURVE('',#1580,#1581,#432,.T.);
#1969=EDGE_CURVE('',#1581,#1582,#433,.T.);
#1970=EDGE_CURVE('',#1582,#1583,#434,.T.);
#1971=EDGE_CURVE('',#1583,#1584,#435,.T.);
#1972=EDGE_CURVE('',#1584,#1585,#436,.T.);
#1973=EDGE_CURVE('',#1585,#1586,#437,.T.);
#1974=EDGE_CURVE('',#1586,#1587,#438,.T.);
#1975=EDGE_CURVE('',#1587,#1588,#439,.T.);
#1976=EDGE_CURVE('',#1588,#1589,#440,.T.);
#1977=EDGE_CURVE('',#1589,#1590,#441,.T.);
#1978=EDGE_CURVE('',#1590,#1591,#442,.T.);
#1979=EDGE_CURVE('',#1591,#1592,#443,.T.);
#1980=EDGE_CURVE('',#1592,#1593,#444,.T.);
#1981=EDGE_CURVE('',#1593,#1594,#445,.T.);
#1982=EDGE_CURVE('',#1594,#1595,#446,.T.);
#1983=EDGE_CURVE('',#1595,#1596,#447,.T.);
#1984=EDGE_CURVE('',#1596,#1597,#448,.T.);
#1985=EDGE_CURVE('',#1597,#1598,#449,.T.);
#1986=EDGE_CURVE('',#1598,#1599,#450,.T.);
#1987=EDGE_CURVE('',#1599,#1600,#451,.T.);
#1988=EDGE_CURVE('',#1600,#1601,#452,.T.);
#1989=EDGE_CURVE('',#1601,#1602,#453,.T.);
#1990=EDGE_CURVE('',#1602,#1603,#454,.T.);
#1991=EDGE_CURVE('',#1603,#1604,#455,.T.);
#1992=EDGE_CURVE('',#1604,#1605,#456,.T.);
#1993=EDGE_CURVE('',#1605,#1606,#457,.T.);
#1994=EDGE_CURVE('',#1606,#1607,#458,.T.);
#1995=EDGE_CURVE('',#1607,#1608,#459,.T.);
#1996=EDGE_CURVE('',#1608,#1609,#460,.T.);
#1997=EDGE_CURVE('',#1609,#1610,#461,.T.);
#1998=EDGE_CURVE('',#1610,#1611,#462,.T.);
#1999=EDGE_CURVE('',#1611,#1612,#463,.T.);
#2000=EDGE_CURVE('',#1612,#1613,#464,.T.);
#2001=EDGE_CURVE('',#1613,#1614,#465,.T.);
#2002=EDGE_CURVE('',#1614,#1615,#466,.T.);
#2003=EDGE_CURVE('',#1615,#1616,#467,.T.);
#2004=EDGE_CURVE('',#1616,#1617,#468,.T.);
#2005=EDGE_CURVE('',#1617,#1618,#469,.T.);
#2006=EDGE_CURVE('',#1618,#1619,#470,.T.);
#2007=EDGE_CURVE('',#1619,#1620,#471,.T.);
#2008=EDGE_CURVE('',#1620,#1621,#472,.T.);
#2009=EDGE_CURVE('',#1621,#1622,#473,.T.);
#2010=EDGE_CURVE('',#1622,#1623,#474,.T.);
#2011=EDGE_CURVE('',#1623,#1624,#475,.T.);
#2012=EDGE_CURVE('',#1624,#1625,#476,.T.);
#2013=EDGE_CURVE('',#1625,#1626,#477,.T.);
#2014=EDGE_CURVE('',#1626,#1627,#478,.T.);
#2015=EDGE_CURVE('',#1627,#1628,#479,.T.);
#2016=EDGE_CURVE('',#1628,#1629,#480,.T.);
#2017=EDGE_CURVE('',#1629,#1630,#481,.T.);
#2018=EDGE_CURVE('',#1630,#1631,#482,.T.);
#2019=EDGE_CURVE('',#1631,#1632,#483,.T.);
#2020=EDGE_CURVE('',#1632,#1633,#484,.T.);
#2021=EDGE_CURVE('',#1633,#1634,#485,.T.);
#2022=EDGE_CURVE('',#1634,#1507,#486,.T.);
#2023=EDGE_CURVE('',#1619,#1635,#487,.T.);
#2024=EDGE_CURVE('',#1636,#1635,#488,.T.);
#2025=EDGE_CURVE('',#1620,#1636,#489,.T.);
#2026=EDGE_CURVE('',#1529,#1637,#490,.T.);
#2027=EDGE_CURVE('',#1638,#1637,#491,.T.);
#2028=EDGE_CURVE('',#1530,#1638,#492,.T.);
#2029=EDGE_CURVE('',#1637,#1636,#493,.T.);
#2030=EDGE_CURVE('',#1635,#1638,#494,.T.);
#2031=EDGE_CURVE('',#1603,#1639,#495,.T.);
#2032=EDGE_CURVE('',#1640,#1639,#496,.T.);
#2033=EDGE_CURVE('',#1604,#1640,#497,.T.);
#2034=EDGE_CURVE('',#1545,#1641,#498,.T.);
#2035=EDGE_CURVE('',#1642,#1641,#499,.T.);
#2036=EDGE_CURVE('',#1546,#1642,#500,.T.);
#2037=EDGE_CURVE('',#1641,#1640,#501,.T.);
#2038=EDGE_CURVE('',#1639,#1642,#502,.T.);
#2039=EDGE_CURVE('',#1587,#1643,#503,.T.);
#2040=EDGE_CURVE('',#1644,#1643,#504,.T.);
#2041=EDGE_CURVE('',#1588,#1644,#505,.T.);
#2042=EDGE_CURVE('',#1561,#1645,#506,.T.);
#2043=EDGE_CURVE('',#1646,#1645,#507,.T.);
#2044=EDGE_CURVE('',#1562,#1646,#508,.T.);
#2045=EDGE_CURVE('',#1645,#1644,#509,.T.);
#2046=EDGE_CURVE('',#1643,#1646,#510,.T.);
#2047=EDGE_CURVE('',#1573,#1647,#511,.T.);
#2048=EDGE_CURVE('',#1648,#1647,#512,.T.);
#2049=EDGE_CURVE('',#1574,#1648,#513,.T.);
#2050=EDGE_CURVE('',#1649,#1648,#514,.T.);
#2051=EDGE_CURVE('',#1575,#1649,#515,.T.);
#2052=EDGE_CURVE('',#1650,#1649,#516,.T.);
#2053=EDGE_CURVE('',#1576,#1650,#517,.T.);
#2054=EDGE_CURVE('',#1647,#1650,#518,.T.);
#2055=EDGE_CURVE('',#1591,#1651,#519,.T.);
#2056=EDGE_CURVE('',#1652,#1651,#520,.T.);
#2057=EDGE_CURVE('',#1592,#1652,#521,.T.);
#2058=EDGE_CURVE('',#1557,#1653,#522,.T.);
#2059=EDGE_CURVE('',#1654,#1653,#523,.T.);
#2060=EDGE_CURVE('',#1558,#1654,#524,.T.);
#2061=EDGE_CURVE('',#1653,#1652,#525,.T.);
#2062=EDGE_CURVE('',#1651,#1654,#526,.T.);
#2063=EDGE_CURVE('',#1607,#1655,#527,.T.);
#2064=EDGE_CURVE('',#1656,#1655,#528,.T.);
#2065=EDGE_CURVE('',#1608,#1656,#529,.T.);
#2066=EDGE_CURVE('',#1541,#1657,#530,.T.);
#2067=EDGE_CURVE('',#1658,#1657,#531,.T.);
#2068=EDGE_CURVE('',#1542,#1658,#532,.T.);
#2069=EDGE_CURVE('',#1657,#1656,#533,.T.);
#2070=EDGE_CURVE('',#1655,#1658,#534,.T.);
#2071=EDGE_CURVE('',#1623,#1659,#535,.T.);
#2072=EDGE_CURVE('',#1660,#1659,#536,.T.);
#2073=EDGE_CURVE('',#1624,#1660,#537,.T.);
#2074=EDGE_CURVE('',#1525,#1661,#538,.T.);
#2075=EDGE_CURVE('',#1662,#1661,#539,.T.);
#2076=EDGE_CURVE('',#1526,#1662,#540,.T.);
#2077=EDGE_CURVE('',#1661,#1660,#541,.T.);
#2078=EDGE_CURVE('',#1659,#1662,#542,.T.);
#2079=EDGE_CURVE('',#1631,#1663,#543,.T.);
#2080=EDGE_CURVE('',#1664,#1663,#544,.T.);
#2081=EDGE_CURVE('',#1632,#1664,#545,.T.);
#2082=EDGE_CURVE('',#1517,#1665,#546,.T.);
#2083=EDGE_CURVE('',#1666,#1665,#547,.T.);
#2084=EDGE_CURVE('',#1518,#1666,#548,.T.);
#2085=EDGE_CURVE('',#1665,#1664,#549,.T.);
#2086=EDGE_CURVE('',#1663,#1666,#550,.T.);
#2087=EDGE_CURVE('',#1615,#1667,#551,.T.);
#2088=EDGE_CURVE('',#1668,#1667,#552,.T.);
#2089=EDGE_CURVE('',#1616,#1668,#553,.T.);
#2090=EDGE_CURVE('',#1533,#1669,#554,.T.);
#2091=EDGE_CURVE('',#1670,#1669,#555,.T.);
#2092=EDGE_CURVE('',#1534,#1670,#556,.T.);
#2093=EDGE_CURVE('',#1669,#1668,#557,.T.);
#2094=EDGE_CURVE('',#1667,#1670,#558,.T.);
#2095=EDGE_CURVE('',#1599,#1671,#559,.T.);
#2096=EDGE_CURVE('',#1672,#1671,#560,.T.);
#2097=EDGE_CURVE('',#1600,#1672,#561,.T.);
#2098=EDGE_CURVE('',#1549,#1673,#562,.T.);
#2099=EDGE_CURVE('',#1674,#1673,#563,.T.);
#2100=EDGE_CURVE('',#1550,#1674,#564,.T.);
#2101=EDGE_CURVE('',#1673,#1672,#565,.T.);
#2102=EDGE_CURVE('',#1671,#1674,#566,.T.);
#2103=EDGE_CURVE('',#1583,#1675,#567,.T.);
#2104=EDGE_CURVE('',#1676,#1675,#568,.T.);
#2105=EDGE_CURVE('',#1584,#1676,#569,.T.);
#2106=EDGE_CURVE('',#1565,#1677,#570,.T.);
#2107=EDGE_CURVE('',#1678,#1677,#571,.T.);
#2108=EDGE_CURVE('',#1566,#1678,#572,.T.);
#2109=EDGE_CURVE('',#1677,#1676,#573,.T.);
#2110=EDGE_CURVE('',#1675,#1678,#574,.T.);
#2111=EDGE_CURVE('',#1579,#1679,#575,.T.);
#2112=EDGE_CURVE('',#1680,#1679,#576,.T.);
#2113=EDGE_CURVE('',#1580,#1680,#577,.T.);
#2114=EDGE_CURVE('',#1569,#1681,#578,.T.);
#2115=EDGE_CURVE('',#1682,#1681,#579,.T.);
#2116=EDGE_CURVE('',#1570,#1682,#580,.T.);
#2117=EDGE_CURVE('',#1681,#1680,#581,.T.);
#2118=EDGE_CURVE('',#1679,#1682,#582,.T.);
#2119=EDGE_CURVE('',#1595,#1683,#583,.T.);
#2120=EDGE_CURVE('',#1684,#1683,#584,.T.);
#2121=EDGE_CURVE('',#1596,#1684,#585,.T.);
#2122=EDGE_CURVE('',#1553,#1685,#586,.T.);
#2123=EDGE_CURVE('',#1686,#1685,#587,.T.);
#2124=EDGE_CURVE('',#1554,#1686,#588,.T.);
#2125=EDGE_CURVE('',#1685,#1684,#589,.T.);
#2126=EDGE_CURVE('',#1683,#1686,#590,.T.);
#2127=EDGE_CURVE('',#1611,#1687,#591,.T.);
#2128=EDGE_CURVE('',#1688,#1687,#592,.T.);
#2129=EDGE_CURVE('',#1612,#1688,#593,.T.);
#2130=EDGE_CURVE('',#1537,#1689,#594,.T.);
#2131=EDGE_CURVE('',#1690,#1689,#595,.T.);
#2132=EDGE_CURVE('',#1538,#1690,#596,.T.);
#2133=EDGE_CURVE('',#1689,#1688,#597,.T.);
#2134=EDGE_CURVE('',#1687,#1690,#598,.T.);
#2135=EDGE_CURVE('',#1627,#1691,#599,.T.);
#2136=EDGE_CURVE('',#1692,#1691,#600,.T.);
#2137=EDGE_CURVE('',#1628,#1692,#601,.T.);
#2138=EDGE_CURVE('',#1521,#1693,#602,.T.);
#2139=EDGE_CURVE('',#1694,#1693,#603,.T.);
#2140=EDGE_CURVE('',#1522,#1694,#604,.T.);
#2141=EDGE_CURVE('',#1693,#1692,#605,.T.);
#2142=EDGE_CURVE('',#1691,#1694,#606,.T.);
#2143=EDGE_CURVE('',#1695,#1696,#607,.T.);
#2144=EDGE_CURVE('',#1695,#1697,#608,.T.);
#2145=EDGE_CURVE('',#1698,#1697,#609,.T.);
#2146=EDGE_CURVE('',#1696,#1698,#610,.T.);
#2147=EDGE_CURVE('',#1699,#1695,#611,.T.);
#2148=EDGE_CURVE('',#1699,#1700,#612,.T.);
#2149=EDGE_CURVE('',#1697,#1700,#613,.T.);
#2150=EDGE_CURVE('',#1701,#1699,#614,.T.);
#2151=EDGE_CURVE('',#1701,#1702,#615,.T.);
#2152=EDGE_CURVE('',#1700,#1702,#616,.T.);
#2153=EDGE_CURVE('',#1702,#1698,#617,.T.);
#2154=EDGE_CURVE('',#1703,#1704,#618,.T.);
#2155=EDGE_CURVE('',#1703,#1705,#619,.T.);
#2156=EDGE_CURVE('',#1706,#1705,#620,.T.);
#2157=EDGE_CURVE('',#1704,#1706,#621,.T.);
#2158=EDGE_CURVE('',#1707,#1708,#622,.T.);
#2159=EDGE_CURVE('',#1707,#1709,#623,.T.);
#2160=EDGE_CURVE('',#1710,#1709,#624,.T.);
#2161=EDGE_CURVE('',#1708,#1710,#625,.T.);
#2162=EDGE_CURVE('',#1709,#1706,#626,.T.);
#2163=EDGE_CURVE('',#1705,#1710,#627,.T.);
#2164=EDGE_CURVE('',#1711,#1712,#628,.T.);
#2165=EDGE_CURVE('',#1711,#1713,#629,.T.);
#2166=EDGE_CURVE('',#1714,#1713,#630,.T.);
#2167=EDGE_CURVE('',#1712,#1714,#631,.T.);
#2168=EDGE_CURVE('',#1715,#1716,#632,.T.);
#2169=EDGE_CURVE('',#1715,#1717,#633,.T.);
#2170=EDGE_CURVE('',#1718,#1717,#634,.T.);
#2171=EDGE_CURVE('',#1716,#1718,#635,.T.);
#2172=EDGE_CURVE('',#1717,#1714,#636,.T.);
#2173=EDGE_CURVE('',#1713,#1718,#637,.T.);
#2174=EDGE_CURVE('',#1719,#1720,#638,.T.);
#2175=EDGE_CURVE('',#1719,#1721,#639,.T.);
#2176=EDGE_CURVE('',#1722,#1721,#640,.T.);
#2177=EDGE_CURVE('',#1720,#1722,#641,.T.);
#2178=EDGE_CURVE('',#1723,#1724,#642,.T.);
#2179=EDGE_CURVE('',#1723,#1725,#643,.T.);
#2180=EDGE_CURVE('',#1726,#1725,#644,.T.);
#2181=EDGE_CURVE('',#1724,#1726,#645,.T.);
#2182=EDGE_CURVE('',#1725,#1722,#646,.T.);
#2183=EDGE_CURVE('',#1721,#1726,#647,.T.);
#2184=EDGE_CURVE('',#1727,#1728,#648,.T.);
#2185=EDGE_CURVE('',#1727,#1729,#649,.T.);
#2186=EDGE_CURVE('',#1730,#1729,#650,.T.);
#2187=EDGE_CURVE('',#1728,#1730,#651,.T.);
#2188=EDGE_CURVE('',#1731,#1727,#652,.T.);
#2189=EDGE_CURVE('',#1731,#1732,#653,.T.);
#2190=EDGE_CURVE('',#1729,#1732,#654,.T.);
#2191=EDGE_CURVE('',#1733,#1731,#655,.T.);
#2192=EDGE_CURVE('',#1733,#1734,#656,.T.);
#2193=EDGE_CURVE('',#1732,#1734,#657,.T.);
#2194=EDGE_CURVE('',#1734,#1730,#658,.T.);
#2195=EDGE_CURVE('',#1735,#1736,#659,.T.);
#2196=EDGE_CURVE('',#1735,#1737,#660,.T.);
#2197=EDGE_CURVE('',#1738,#1737,#661,.T.);
#2198=EDGE_CURVE('',#1736,#1738,#662,.T.);
#2199=EDGE_CURVE('',#1739,#1740,#663,.T.);
#2200=EDGE_CURVE('',#1739,#1741,#664,.T.);
#2201=EDGE_CURVE('',#1742,#1741,#665,.T.);
#2202=EDGE_CURVE('',#1740,#1742,#666,.T.);
#2203=EDGE_CURVE('',#1741,#1738,#667,.T.);
#2204=EDGE_CURVE('',#1737,#1742,#668,.T.);
#2205=EDGE_CURVE('',#1743,#1744,#669,.T.);
#2206=EDGE_CURVE('',#1743,#1745,#670,.T.);
#2207=EDGE_CURVE('',#1746,#1745,#671,.T.);
#2208=EDGE_CURVE('',#1744,#1746,#672,.T.);
#2209=EDGE_CURVE('',#1747,#1748,#673,.T.);
#2210=EDGE_CURVE('',#1747,#1749,#674,.T.);
#2211=EDGE_CURVE('',#1750,#1749,#675,.T.);
#2212=EDGE_CURVE('',#1748,#1750,#676,.T.);
#2213=EDGE_CURVE('',#1749,#1746,#677,.T.);
#2214=EDGE_CURVE('',#1745,#1750,#678,.T.);
#2215=EDGE_CURVE('',#1751,#1752,#679,.T.);
#2216=EDGE_CURVE('',#1751,#1753,#680,.T.);
#2217=EDGE_CURVE('',#1754,#1753,#681,.T.);
#2218=EDGE_CURVE('',#1752,#1754,#682,.T.);
#2219=EDGE_CURVE('',#1755,#1756,#683,.T.);
#2220=EDGE_CURVE('',#1755,#1757,#684,.T.);
#2221=EDGE_CURVE('',#1758,#1757,#685,.T.);
#2222=EDGE_CURVE('',#1756,#1758,#686,.T.);
#2223=EDGE_CURVE('',#1757,#1754,#687,.T.);
#2224=EDGE_CURVE('',#1753,#1758,#688,.T.);
#2225=EDGE_CURVE('',#1759,#1760,#689,.T.);
#2226=EDGE_CURVE('',#1759,#1761,#690,.T.);
#2227=EDGE_CURVE('',#1762,#1761,#691,.T.);
#2228=EDGE_CURVE('',#1760,#1762,#692,.T.);
#2229=EDGE_CURVE('',#1763,#1764,#693,.T.);
#2230=EDGE_CURVE('',#1763,#1765,#694,.T.);
#2231=EDGE_CURVE('',#1766,#1765,#695,.T.);
#2232=EDGE_CURVE('',#1764,#1766,#696,.T.);
#2233=EDGE_CURVE('',#1765,#1762,#697,.T.);
#2234=EDGE_CURVE('',#1761,#1766,#698,.T.);
#2235=EDGE_CURVE('',#1767,#1768,#699,.T.);
#2236=EDGE_CURVE('',#1767,#1769,#700,.T.);
#2237=EDGE_CURVE('',#1770,#1769,#701,.T.);
#2238=EDGE_CURVE('',#1768,#1770,#702,.T.);
#2239=EDGE_CURVE('',#1771,#1772,#703,.T.);
#2240=EDGE_CURVE('',#1771,#1773,#704,.T.);
#2241=EDGE_CURVE('',#1774,#1773,#705,.T.);
#2242=EDGE_CURVE('',#1772,#1774,#706,.T.);
#2243=EDGE_CURVE('',#1773,#1770,#707,.T.);
#2244=EDGE_CURVE('',#1769,#1774,#708,.T.);
#2245=EDGE_CURVE('',#1775,#1776,#709,.T.);
#2246=EDGE_CURVE('',#1775,#1777,#710,.T.);
#2247=EDGE_CURVE('',#1778,#1777,#711,.T.);
#2248=EDGE_CURVE('',#1776,#1778,#712,.T.);
#2249=EDGE_CURVE('',#1779,#1780,#713,.T.);
#2250=EDGE_CURVE('',#1779,#1781,#714,.T.);
#2251=EDGE_CURVE('',#1782,#1781,#715,.T.);
#2252=EDGE_CURVE('',#1780,#1782,#716,.T.);
#2253=EDGE_CURVE('',#1781,#1778,#717,.T.);
#2254=EDGE_CURVE('',#1777,#1782,#718,.T.);
#2255=EDGE_CURVE('',#1783,#1784,#719,.T.);
#2256=EDGE_CURVE('',#1783,#1785,#720,.T.);
#2257=EDGE_CURVE('',#1786,#1785,#721,.T.);
#2258=EDGE_CURVE('',#1784,#1786,#722,.T.);
#2259=EDGE_CURVE('',#1787,#1788,#723,.T.);
#2260=EDGE_CURVE('',#1787,#1789,#724,.T.);
#2261=EDGE_CURVE('',#1790,#1789,#725,.T.);
#2262=EDGE_CURVE('',#1788,#1790,#726,.T.);
#2263=EDGE_CURVE('',#1789,#1786,#727,.T.);
#2264=EDGE_CURVE('',#1785,#1790,#728,.T.);
#2265=EDGE_CURVE('',#1791,#1792,#729,.T.);
#2266=EDGE_CURVE('',#1791,#1793,#730,.T.);
#2267=EDGE_CURVE('',#1794,#1793,#731,.T.);
#2268=EDGE_CURVE('',#1792,#1794,#732,.T.);
#2269=EDGE_CURVE('',#1795,#1796,#733,.T.);
#2270=EDGE_CURVE('',#1795,#1797,#734,.T.);
#2271=EDGE_CURVE('',#1798,#1797,#735,.T.);
#2272=EDGE_CURVE('',#1796,#1798,#736,.T.);
#2273=EDGE_CURVE('',#1797,#1794,#737,.T.);
#2274=EDGE_CURVE('',#1793,#1798,#738,.T.);
#2275=EDGE_CURVE('',#1799,#1800,#739,.T.);
#2276=EDGE_CURVE('',#1799,#1801,#740,.T.);
#2277=EDGE_CURVE('',#1802,#1801,#741,.T.);
#2278=EDGE_CURVE('',#1800,#1802,#742,.T.);
#2279=EDGE_CURVE('',#1803,#1804,#743,.T.);
#2280=EDGE_CURVE('',#1803,#1805,#744,.T.);
#2281=EDGE_CURVE('',#1806,#1805,#745,.T.);
#2282=EDGE_CURVE('',#1804,#1806,#746,.T.);
#2283=EDGE_CURVE('',#1805,#1802,#747,.T.);
#2284=EDGE_CURVE('',#1801,#1806,#748,.T.);
#2285=EDGE_CURVE('',#1807,#1808,#749,.T.);
#2286=EDGE_CURVE('',#1807,#1809,#750,.T.);
#2287=EDGE_CURVE('',#1810,#1809,#751,.T.);
#2288=EDGE_CURVE('',#1808,#1810,#752,.T.);
#2289=EDGE_CURVE('',#1811,#1812,#753,.T.);
#2290=EDGE_CURVE('',#1811,#1813,#754,.T.);
#2291=EDGE_CURVE('',#1814,#1813,#755,.T.);
#2292=EDGE_CURVE('',#1812,#1814,#756,.T.);
#2293=EDGE_CURVE('',#1813,#1810,#757,.T.);
#2294=EDGE_CURVE('',#1809,#1814,#758,.T.);
#2295=EDGE_CURVE('',#1815,#1811,#759,.T.);
#2296=EDGE_CURVE('',#1551,#1815,#760,.T.);
#2297=EDGE_CURVE('',#1598,#1816,#761,.T.);
#2298=EDGE_CURVE('',#1808,#1816,#762,.T.);
#2299=EDGE_CURVE('',#1817,#1818,#763,.T.);
#2300=EDGE_CURVE('',#1818,#1819,#764,.T.);
#2301=EDGE_CURVE('',#1819,#1820,#765,.T.);
#2302=EDGE_CURVE('',#1820,#1817,#766,.T.);
#2303=EDGE_CURVE('',#1696,#1821,#767,.T.);
#2304=EDGE_CURVE('',#1821,#1822,#768,.T.);
#2305=EDGE_CURVE('',#1822,#1763,#769,.T.);
#2306=EDGE_CURVE('',#1764,#1823,#770,.T.);
#2307=EDGE_CURVE('',#1823,#1824,#771,.T.);
#2308=EDGE_CURVE('',#1824,#1825,#772,.T.);
#2309=EDGE_CURVE('',#1825,#1826,#773,.T.);
#2310=EDGE_CURVE('',#1826,#1827,#774,.T.);
#2311=EDGE_CURVE('',#1827,#1828,#775,.T.);
#2312=EDGE_CURVE('',#1828,#1755,#776,.T.);
#2313=EDGE_CURVE('',#1756,#1829,#777,.T.);
#2314=EDGE_CURVE('',#1829,#1830,#778,.T.);
#2315=EDGE_CURVE('',#1830,#1771,#779,.T.);
#2316=EDGE_CURVE('',#1772,#1831,#780,.T.);
#2317=EDGE_CURVE('',#1831,#1832,#781,.T.);
#2318=EDGE_CURVE('',#1832,#1707,#782,.T.);
#2319=EDGE_CURVE('',#1708,#1833,#783,.T.);
#2320=EDGE_CURVE('',#1833,#1815,#784,.T.);
#2321=EDGE_CURVE('',#1812,#1834,#785,.T.);
#2322=EDGE_CURVE('',#1834,#1835,#786,.T.);
#2323=EDGE_CURVE('',#1835,#1747,#787,.T.);
#2324=EDGE_CURVE('',#1748,#1836,#788,.T.);
#2325=EDGE_CURVE('',#1836,#1837,#789,.T.);
#2326=EDGE_CURVE('',#1837,#1779,#790,.T.);
#2327=EDGE_CURVE('',#1780,#1838,#791,.T.);
#2328=EDGE_CURVE('',#1838,#1839,#792,.T.);
#2329=EDGE_CURVE('',#1839,#1715,#793,.T.);
#2330=EDGE_CURVE('',#1716,#1840,#794,.T.);
#2331=EDGE_CURVE('',#1840,#1841,#795,.T.);
#2332=EDGE_CURVE('',#1841,#1803,#796,.T.);
#2333=EDGE_CURVE('',#1804,#1842,#797,.T.);
#2334=EDGE_CURVE('',#1842,#1843,#798,.T.);
#2335=EDGE_CURVE('',#1843,#1739,#799,.T.);
#2336=EDGE_CURVE('',#1740,#1844,#800,.T.);
#2337=EDGE_CURVE('',#1844,#1845,#801,.T.);
#2338=EDGE_CURVE('',#1845,#1723,#802,.T.);
#2339=EDGE_CURVE('',#1724,#1846,#803,.T.);
#2340=EDGE_CURVE('',#1846,#1847,#804,.T.);
#2341=EDGE_CURVE('',#1847,#1787,#805,.T.);
#2342=EDGE_CURVE('',#1788,#1848,#806,.T.);
#2343=EDGE_CURVE('',#1848,#1849,#807,.T.);
#2344=EDGE_CURVE('',#1849,#1795,#808,.T.);
#2345=EDGE_CURVE('',#1796,#1850,#809,.T.);
#2346=EDGE_CURVE('',#1850,#1851,#810,.T.);
#2347=EDGE_CURVE('',#1851,#1733,#811,.T.);
#2348=EDGE_CURVE('',#1728,#1852,#812,.T.);
#2349=EDGE_CURVE('',#1852,#1853,#813,.T.);
#2350=EDGE_CURVE('',#1853,#1791,#814,.T.);
#2351=EDGE_CURVE('',#1792,#1854,#815,.T.);
#2352=EDGE_CURVE('',#1854,#1855,#816,.T.);
#2353=EDGE_CURVE('',#1855,#1783,#817,.T.);
#2354=EDGE_CURVE('',#1784,#1856,#818,.T.);
#2355=EDGE_CURVE('',#1856,#1857,#819,.T.);
#2356=EDGE_CURVE('',#1857,#1719,#820,.T.);
#2357=EDGE_CURVE('',#1720,#1858,#821,.T.);
#2358=EDGE_CURVE('',#1858,#1859,#822,.T.);
#2359=EDGE_CURVE('',#1859,#1735,#823,.T.);
#2360=EDGE_CURVE('',#1736,#1860,#824,.T.);
#2361=EDGE_CURVE('',#1860,#1861,#825,.T.);
#2362=EDGE_CURVE('',#1861,#1799,#826,.T.);
#2363=EDGE_CURVE('',#1800,#1862,#827,.T.);
#2364=EDGE_CURVE('',#1862,#1863,#828,.T.);
#2365=EDGE_CURVE('',#1863,#1711,#829,.T.);
#2366=EDGE_CURVE('',#1712,#1864,#830,.T.);
#2367=EDGE_CURVE('',#1864,#1865,#831,.T.);
#2368=EDGE_CURVE('',#1865,#1775,#832,.T.);
#2369=EDGE_CURVE('',#1776,#1866,#833,.T.);
#2370=EDGE_CURVE('',#1866,#1867,#834,.T.);
#2371=EDGE_CURVE('',#1867,#1743,#835,.T.);
#2372=EDGE_CURVE('',#1744,#1868,#836,.T.);
#2373=EDGE_CURVE('',#1868,#1869,#837,.T.);
#2374=EDGE_CURVE('',#1869,#1807,#838,.T.);
#2375=EDGE_CURVE('',#1816,#1870,#839,.T.);
#2376=EDGE_CURVE('',#1870,#1703,#840,.T.);
#2377=EDGE_CURVE('',#1704,#1871,#841,.T.);
#2378=EDGE_CURVE('',#1871,#1872,#842,.T.);
#2379=EDGE_CURVE('',#1872,#1767,#843,.T.);
#2380=EDGE_CURVE('',#1768,#1873,#844,.T.);
#2381=EDGE_CURVE('',#1873,#1874,#845,.T.);
#2382=EDGE_CURVE('',#1874,#1751,#846,.T.);
#2383=EDGE_CURVE('',#1752,#1875,#847,.T.);
#2384=EDGE_CURVE('',#1875,#1876,#848,.T.);
#2385=EDGE_CURVE('',#1876,#1877,#849,.T.);
#2386=EDGE_CURVE('',#1877,#1878,#850,.T.);
#2387=EDGE_CURVE('',#1878,#1879,#851,.T.);
#2388=EDGE_CURVE('',#1879,#1880,#852,.T.);
#2389=EDGE_CURVE('',#1880,#1759,#853,.T.);
#2390=EDGE_CURVE('',#1760,#1881,#854,.T.);
#2391=EDGE_CURVE('',#1881,#1882,#855,.T.);
#2392=EDGE_CURVE('',#1882,#1701,#856,.T.);
#2393=EDGE_CURVE('',#1601,#1869,#857,.T.);
#2394=EDGE_CURVE('',#1548,#1834,#858,.T.);
#2395=EDGE_CURVE('',#1825,#1883,#859,.T.);
#2396=EDGE_CURVE('',#1884,#1883,#860,.T.);
#2397=EDGE_CURVE('',#1826,#1884,#861,.T.);
#2398=EDGE_CURVE('',#1877,#1885,#862,.T.);
#2399=EDGE_CURVE('',#1886,#1885,#863,.T.);
#2400=EDGE_CURVE('',#1878,#1886,#864,.T.);
#2401=EDGE_CURVE('',#1883,#1886,#865,.T.);
#2402=EDGE_CURVE('',#1885,#1884,#866,.T.);
#2403=EDGE_CURVE('',#1567,#1824,#867,.T.);
#2404=EDGE_CURVE('',#1568,#1823,#868,.T.);
#2405=EDGE_CURVE('',#1581,#1880,#869,.T.);
#2406=EDGE_CURVE('',#1582,#1879,#870,.T.);
#2407=EDGE_CURVE('',#1531,#1843,#871,.T.);
#2408=EDGE_CURVE('',#1532,#1842,#872,.T.);
#2409=EDGE_CURVE('',#1617,#1861,#873,.T.);
#2410=EDGE_CURVE('',#1618,#1860,#874,.T.);
#2411=EDGE_CURVE('',#1523,#1847,#875,.T.);
#2412=EDGE_CURVE('',#1524,#1846,#876,.T.);
#2413=EDGE_CURVE('',#1625,#1857,#877,.T.);
#2414=EDGE_CURVE('',#1626,#1856,#878,.T.);
#2415=EDGE_CURVE('',#1527,#1845,#879,.T.);
#2416=EDGE_CURVE('',#1528,#1844,#880,.T.);
#2417=EDGE_CURVE('',#1621,#1859,#881,.T.);
#2418=EDGE_CURVE('',#1622,#1858,#882,.T.);
#2419=EDGE_CURVE('',#1535,#1841,#883,.T.);
#2420=EDGE_CURVE('',#1536,#1840,#884,.T.);
#2421=EDGE_CURVE('',#1613,#1863,#885,.T.);
#2422=EDGE_CURVE('',#1614,#1862,#886,.T.);
#2423=EDGE_CURVE('',#1559,#1830,#887,.T.);
#2424=EDGE_CURVE('',#1560,#1829,#888,.T.);
#2425=EDGE_CURVE('',#1589,#1874,#889,.T.);
#2426=EDGE_CURVE('',#1590,#1873,#890,.T.);
#2427=EDGE_CURVE('',#1547,#1835,#891,.T.);
#2428=EDGE_CURVE('',#1602,#1868,#892,.T.);
#2429=EDGE_CURVE('',#1563,#1828,#893,.T.);
#2430=EDGE_CURVE('',#1564,#1827,#894,.T.);
#2431=EDGE_CURVE('',#1585,#1876,#895,.T.);
#2432=EDGE_CURVE('',#1586,#1875,#896,.T.);
#2433=EDGE_CURVE('',#1571,#1822,#897,.T.);
#2434=EDGE_CURVE('',#1572,#1821,#898,.T.);
#2435=EDGE_CURVE('',#1577,#1882,#899,.T.);
#2436=EDGE_CURVE('',#1578,#1881,#900,.T.);
#2437=EDGE_CURVE('',#1543,#1837,#901,.T.);
#2438=EDGE_CURVE('',#1544,#1836,#902,.T.);
#2439=EDGE_CURVE('',#1605,#1867,#903,.T.);
#2440=EDGE_CURVE('',#1606,#1866,#904,.T.);
#2441=EDGE_CURVE('',#1555,#1832,#905,.T.);
#2442=EDGE_CURVE('',#1556,#1831,#906,.T.);
#2443=EDGE_CURVE('',#1593,#1872,#907,.T.);
#2444=EDGE_CURVE('',#1594,#1871,#908,.T.);
#2445=EDGE_CURVE('',#1519,#1849,#909,.T.);
#2446=EDGE_CURVE('',#1520,#1848,#910,.T.);
#2447=EDGE_CURVE('',#1629,#1855,#911,.T.);
#2448=EDGE_CURVE('',#1630,#1854,#912,.T.);
#2449=EDGE_CURVE('',#1552,#1833,#913,.T.);
#2450=EDGE_CURVE('',#1597,#1870,#914,.T.);
#2451=EDGE_CURVE('',#1515,#1851,#915,.T.);
#2452=EDGE_CURVE('',#1516,#1850,#916,.T.);
#2453=EDGE_CURVE('',#1633,#1853,#917,.T.);
#2454=EDGE_CURVE('',#1634,#1852,#918,.T.);
#2455=EDGE_CURVE('',#1539,#1839,#919,.T.);
#2456=EDGE_CURVE('',#1540,#1838,#920,.T.);
#2457=EDGE_CURVE('',#1609,#1865,#921,.T.);
#2458=EDGE_CURVE('',#1610,#1864,#922,.T.);
#2459=EDGE_CURVE('',#1512,#1817,#923,.T.);
#2460=EDGE_CURVE('',#1513,#1820,#924,.T.);
#2461=EDGE_CURVE('',#1514,#1819,#925,.T.);
#2462=EDGE_CURVE('',#1511,#1818,#926,.T.);
#2463=ORIENTED_EDGE('',*,*,#1887,.F.);
#2464=ORIENTED_EDGE('',*,*,#1888,.T.);
#2465=ORIENTED_EDGE('',*,*,#1889,.F.);
#2466=ORIENTED_EDGE('',*,*,#1890,.F.);
#2467=ORIENTED_EDGE('',*,*,#1891,.F.);
#2468=ORIENTED_EDGE('',*,*,#1892,.T.);
#2469=ORIENTED_EDGE('',*,*,#1893,.F.);
#2470=ORIENTED_EDGE('',*,*,#1894,.F.);
#2471=ORIENTED_EDGE('',*,*,#1895,.F.);
#2472=ORIENTED_EDGE('',*,*,#1894,.T.);
#2473=ORIENTED_EDGE('',*,*,#1896,.F.);
#2474=ORIENTED_EDGE('',*,*,#1888,.F.);
#2475=ORIENTED_EDGE('',*,*,#1896,.T.);
#2476=ORIENTED_EDGE('',*,*,#1893,.T.);
#2477=ORIENTED_EDGE('',*,*,#1897,.T.);
#2478=ORIENTED_EDGE('',*,*,#1889,.T.);
#2479=ORIENTED_EDGE('',*,*,#1898,.T.);
#2480=ORIENTED_EDGE('',*,*,#1899,.T.);
#2481=ORIENTED_EDGE('',*,*,#1900,.T.);
#2482=ORIENTED_EDGE('',*,*,#1901,.T.);
#2483=ORIENTED_EDGE('',*,*,#1891,.T.);
#2484=ORIENTED_EDGE('',*,*,#1895,.T.);
#2485=ORIENTED_EDGE('',*,*,#1887,.T.);
#2486=ORIENTED_EDGE('',*,*,#1902,.T.);
#2487=ORIENTED_EDGE('',*,*,#1903,.T.);
#2488=ORIENTED_EDGE('',*,*,#1904,.T.);
#2489=ORIENTED_EDGE('',*,*,#1905,.T.);
#2490=ORIENTED_EDGE('',*,*,#1906,.T.);
#2491=ORIENTED_EDGE('',*,*,#1907,.T.);
#2492=ORIENTED_EDGE('',*,*,#1908,.T.);
#2493=ORIENTED_EDGE('',*,*,#1909,.T.);
#2494=ORIENTED_EDGE('',*,*,#1910,.T.);
#2495=ORIENTED_EDGE('',*,*,#1911,.T.);
#2496=ORIENTED_EDGE('',*,*,#1912,.T.);
#2497=ORIENTED_EDGE('',*,*,#1913,.T.);
#2498=ORIENTED_EDGE('',*,*,#1914,.T.);
#2499=ORIENTED_EDGE('',*,*,#1915,.T.);
#2500=ORIENTED_EDGE('',*,*,#1916,.T.);
#2501=ORIENTED_EDGE('',*,*,#1917,.T.);
#2502=ORIENTED_EDGE('',*,*,#1918,.T.);
#2503=ORIENTED_EDGE('',*,*,#1919,.T.);
#2504=ORIENTED_EDGE('',*,*,#1920,.T.);
#2505=ORIENTED_EDGE('',*,*,#1921,.T.);
#2506=ORIENTED_EDGE('',*,*,#1922,.T.);
#2507=ORIENTED_EDGE('',*,*,#1923,.T.);
#2508=ORIENTED_EDGE('',*,*,#1924,.T.);
#2509=ORIENTED_EDGE('',*,*,#1925,.T.);
#2510=ORIENTED_EDGE('',*,*,#1926,.T.);
#2511=ORIENTED_EDGE('',*,*,#1927,.T.);
#2512=ORIENTED_EDGE('',*,*,#1928,.T.);
#2513=ORIENTED_EDGE('',*,*,#1929,.T.);
#2514=ORIENTED_EDGE('',*,*,#1930,.T.);
#2515=ORIENTED_EDGE('',*,*,#1931,.T.);
#2516=ORIENTED_EDGE('',*,*,#1932,.T.);
#2517=ORIENTED_EDGE('',*,*,#1933,.T.);
#2518=ORIENTED_EDGE('',*,*,#1934,.T.);
#2519=ORIENTED_EDGE('',*,*,#1935,.T.);
#2520=ORIENTED_EDGE('',*,*,#1936,.T.);
#2521=ORIENTED_EDGE('',*,*,#1937,.T.);
#2522=ORIENTED_EDGE('',*,*,#1938,.T.);
#2523=ORIENTED_EDGE('',*,*,#1939,.T.);
#2524=ORIENTED_EDGE('',*,*,#1940,.T.);
#2525=ORIENTED_EDGE('',*,*,#1941,.T.);
#2526=ORIENTED_EDGE('',*,*,#1942,.T.);
#2527=ORIENTED_EDGE('',*,*,#1943,.T.);
#2528=ORIENTED_EDGE('',*,*,#1944,.T.);
#2529=ORIENTED_EDGE('',*,*,#1945,.T.);
#2530=ORIENTED_EDGE('',*,*,#1946,.T.);
#2531=ORIENTED_EDGE('',*,*,#1947,.T.);
#2532=ORIENTED_EDGE('',*,*,#1948,.T.);
#2533=ORIENTED_EDGE('',*,*,#1949,.T.);
#2534=ORIENTED_EDGE('',*,*,#1950,.T.);
#2535=ORIENTED_EDGE('',*,*,#1951,.T.);
#2536=ORIENTED_EDGE('',*,*,#1952,.T.);
#2537=ORIENTED_EDGE('',*,*,#1953,.T.);
#2538=ORIENTED_EDGE('',*,*,#1954,.T.);
#2539=ORIENTED_EDGE('',*,*,#1955,.T.);
#2540=ORIENTED_EDGE('',*,*,#1956,.T.);
#2541=ORIENTED_EDGE('',*,*,#1957,.T.);
#2542=ORIENTED_EDGE('',*,*,#1958,.T.);
#2543=ORIENTED_EDGE('',*,*,#1959,.T.);
#2544=ORIENTED_EDGE('',*,*,#1960,.T.);
#2545=ORIENTED_EDGE('',*,*,#1961,.T.);
#2546=ORIENTED_EDGE('',*,*,#1962,.T.);
#2547=ORIENTED_EDGE('',*,*,#1963,.T.);
#2548=ORIENTED_EDGE('',*,*,#1964,.T.);
#2549=ORIENTED_EDGE('',*,*,#1965,.T.);
#2550=ORIENTED_EDGE('',*,*,#1966,.T.);
#2551=ORIENTED_EDGE('',*,*,#1967,.T.);
#2552=ORIENTED_EDGE('',*,*,#1968,.T.);
#2553=ORIENTED_EDGE('',*,*,#1969,.T.);
#2554=ORIENTED_EDGE('',*,*,#1970,.T.);
#2555=ORIENTED_EDGE('',*,*,#1971,.T.);
#2556=ORIENTED_EDGE('',*,*,#1972,.T.);
#2557=ORIENTED_EDGE('',*,*,#1973,.T.);
#2558=ORIENTED_EDGE('',*,*,#1974,.T.);
#2559=ORIENTED_EDGE('',*,*,#1975,.T.);
#2560=ORIENTED_EDGE('',*,*,#1976,.T.);
#2561=ORIENTED_EDGE('',*,*,#1977,.T.);
#2562=ORIENTED_EDGE('',*,*,#1978,.T.);
#2563=ORIENTED_EDGE('',*,*,#1979,.T.);
#2564=ORIENTED_EDGE('',*,*,#1980,.T.);
#2565=ORIENTED_EDGE('',*,*,#1981,.T.);
#2566=ORIENTED_EDGE('',*,*,#1982,.T.);
#2567=ORIENTED_EDGE('',*,*,#1983,.T.);
#2568=ORIENTED_EDGE('',*,*,#1984,.T.);
#2569=ORIENTED_EDGE('',*,*,#1985,.T.);
#2570=ORIENTED_EDGE('',*,*,#1986,.T.);
#2571=ORIENTED_EDGE('',*,*,#1987,.T.);
#2572=ORIENTED_EDGE('',*,*,#1988,.T.);
#2573=ORIENTED_EDGE('',*,*,#1989,.T.);
#2574=ORIENTED_EDGE('',*,*,#1990,.T.);
#2575=ORIENTED_EDGE('',*,*,#1991,.T.);
#2576=ORIENTED_EDGE('',*,*,#1992,.T.);
#2577=ORIENTED_EDGE('',*,*,#1993,.T.);
#2578=ORIENTED_EDGE('',*,*,#1994,.T.);
#2579=ORIENTED_EDGE('',*,*,#1995,.T.);
#2580=ORIENTED_EDGE('',*,*,#1996,.T.);
#2581=ORIENTED_EDGE('',*,*,#1997,.T.);
#2582=ORIENTED_EDGE('',*,*,#1998,.T.);
#2583=ORIENTED_EDGE('',*,*,#1999,.T.);
#2584=ORIENTED_EDGE('',*,*,#2000,.T.);
#2585=ORIENTED_EDGE('',*,*,#2001,.T.);
#2586=ORIENTED_EDGE('',*,*,#2002,.T.);
#2587=ORIENTED_EDGE('',*,*,#2003,.T.);
#2588=ORIENTED_EDGE('',*,*,#2004,.T.);
#2589=ORIENTED_EDGE('',*,*,#2005,.T.);
#2590=ORIENTED_EDGE('',*,*,#2006,.T.);
#2591=ORIENTED_EDGE('',*,*,#2007,.T.);
#2592=ORIENTED_EDGE('',*,*,#2008,.T.);
#2593=ORIENTED_EDGE('',*,*,#2009,.T.);
#2594=ORIENTED_EDGE('',*,*,#2010,.T.);
#2595=ORIENTED_EDGE('',*,*,#2011,.T.);
#2596=ORIENTED_EDGE('',*,*,#2012,.T.);
#2597=ORIENTED_EDGE('',*,*,#2013,.T.);
#2598=ORIENTED_EDGE('',*,*,#2014,.T.);
#2599=ORIENTED_EDGE('',*,*,#2015,.T.);
#2600=ORIENTED_EDGE('',*,*,#2016,.T.);
#2601=ORIENTED_EDGE('',*,*,#2017,.T.);
#2602=ORIENTED_EDGE('',*,*,#2018,.T.);
#2603=ORIENTED_EDGE('',*,*,#2019,.T.);
#2604=ORIENTED_EDGE('',*,*,#2020,.T.);
#2605=ORIENTED_EDGE('',*,*,#2021,.T.);
#2606=ORIENTED_EDGE('',*,*,#2022,.T.);
#2607=ORIENTED_EDGE('',*,*,#2007,.F.);
#2608=ORIENTED_EDGE('',*,*,#2023,.T.);
#2609=ORIENTED_EDGE('',*,*,#2024,.F.);
#2610=ORIENTED_EDGE('',*,*,#2025,.F.);
#2611=ORIENTED_EDGE('',*,*,#1917,.F.);
#2612=ORIENTED_EDGE('',*,*,#2026,.T.);
#2613=ORIENTED_EDGE('',*,*,#2027,.F.);
#2614=ORIENTED_EDGE('',*,*,#2028,.F.);
#2615=ORIENTED_EDGE('',*,*,#2027,.T.);
#2616=ORIENTED_EDGE('',*,*,#2029,.T.);
#2617=ORIENTED_EDGE('',*,*,#2024,.T.);
#2618=ORIENTED_EDGE('',*,*,#2030,.T.);
#2619=ORIENTED_EDGE('',*,*,#1991,.F.);
#2620=ORIENTED_EDGE('',*,*,#2031,.T.);
#2621=ORIENTED_EDGE('',*,*,#2032,.F.);
#2622=ORIENTED_EDGE('',*,*,#2033,.F.);
#2623=ORIENTED_EDGE('',*,*,#1933,.F.);
#2624=ORIENTED_EDGE('',*,*,#2034,.T.);
#2625=ORIENTED_EDGE('',*,*,#2035,.F.);
#2626=ORIENTED_EDGE('',*,*,#2036,.F.);
#2627=ORIENTED_EDGE('',*,*,#2035,.T.);
#2628=ORIENTED_EDGE('',*,*,#2037,.T.);
#2629=ORIENTED_EDGE('',*,*,#2032,.T.);
#2630=ORIENTED_EDGE('',*,*,#2038,.T.);
#2631=ORIENTED_EDGE('',*,*,#1975,.F.);
#2632=ORIENTED_EDGE('',*,*,#2039,.T.);
#2633=ORIENTED_EDGE('',*,*,#2040,.F.);
#2634=ORIENTED_EDGE('',*,*,#2041,.F.);
#2635=ORIENTED_EDGE('',*,*,#1949,.F.);
#2636=ORIENTED_EDGE('',*,*,#2042,.T.);
#2637=ORIENTED_EDGE('',*,*,#2043,.F.);
#2638=ORIENTED_EDGE('',*,*,#2044,.F.);
#2639=ORIENTED_EDGE('',*,*,#2043,.T.);
#2640=ORIENTED_EDGE('',*,*,#2045,.T.);
#2641=ORIENTED_EDGE('',*,*,#2040,.T.);
#2642=ORIENTED_EDGE('',*,*,#2046,.T.);
#2643=ORIENTED_EDGE('',*,*,#1961,.F.);
#2644=ORIENTED_EDGE('',*,*,#2047,.T.);
#2645=ORIENTED_EDGE('',*,*,#2048,.F.);
#2646=ORIENTED_EDGE('',*,*,#2049,.F.);
#2647=ORIENTED_EDGE('',*,*,#1962,.F.);
#2648=ORIENTED_EDGE('',*,*,#2049,.T.);
#2649=ORIENTED_EDGE('',*,*,#2050,.F.);
#2650=ORIENTED_EDGE('',*,*,#2051,.F.);
#2651=ORIENTED_EDGE('',*,*,#1963,.F.);
#2652=ORIENTED_EDGE('',*,*,#2051,.T.);
#2653=ORIENTED_EDGE('',*,*,#2052,.F.);
#2654=ORIENTED_EDGE('',*,*,#2053,.F.);
#2655=ORIENTED_EDGE('',*,*,#2052,.T.);
#2656=ORIENTED_EDGE('',*,*,#2050,.T.);
#2657=ORIENTED_EDGE('',*,*,#2048,.T.);
#2658=ORIENTED_EDGE('',*,*,#2054,.T.);
#2659=ORIENTED_EDGE('',*,*,#1979,.F.);
#2660=ORIENTED_EDGE('',*,*,#2055,.T.);
#2661=ORIENTED_EDGE('',*,*,#2056,.F.);
#2662=ORIENTED_EDGE('',*,*,#2057,.F.);
#2663=ORIENTED_EDGE('',*,*,#1945,.F.);
#2664=ORIENTED_EDGE('',*,*,#2058,.T.);
#2665=ORIENTED_EDGE('',*,*,#2059,.F.);
#2666=ORIENTED_EDGE('',*,*,#2060,.F.);
#2667=ORIENTED_EDGE('',*,*,#2059,.T.);
#2668=ORIENTED_EDGE('',*,*,#2061,.T.);
#2669=ORIENTED_EDGE('',*,*,#2056,.T.);
#2670=ORIENTED_EDGE('',*,*,#2062,.T.);
#2671=ORIENTED_EDGE('',*,*,#1995,.F.);
#2672=ORIENTED_EDGE('',*,*,#2063,.T.);
#2673=ORIENTED_EDGE('',*,*,#2064,.F.);
#2674=ORIENTED_EDGE('',*,*,#2065,.F.);
#2675=ORIENTED_EDGE('',*,*,#1929,.F.);
#2676=ORIENTED_EDGE('',*,*,#2066,.T.);
#2677=ORIENTED_EDGE('',*,*,#2067,.F.);
#2678=ORIENTED_EDGE('',*,*,#2068,.F.);
#2679=ORIENTED_EDGE('',*,*,#2067,.T.);
#2680=ORIENTED_EDGE('',*,*,#2069,.T.);
#2681=ORIENTED_EDGE('',*,*,#2064,.T.);
#2682=ORIENTED_EDGE('',*,*,#2070,.T.);
#2683=ORIENTED_EDGE('',*,*,#2011,.F.);
#2684=ORIENTED_EDGE('',*,*,#2071,.T.);
#2685=ORIENTED_EDGE('',*,*,#2072,.F.);
#2686=ORIENTED_EDGE('',*,*,#2073,.F.);
#2687=ORIENTED_EDGE('',*,*,#1913,.F.);
#2688=ORIENTED_EDGE('',*,*,#2074,.T.);
#2689=ORIENTED_EDGE('',*,*,#2075,.F.);
#2690=ORIENTED_EDGE('',*,*,#2076,.F.);
#2691=ORIENTED_EDGE('',*,*,#2075,.T.);
#2692=ORIENTED_EDGE('',*,*,#2077,.T.);
#2693=ORIENTED_EDGE('',*,*,#2072,.T.);
#2694=ORIENTED_EDGE('',*,*,#2078,.T.);
#2695=ORIENTED_EDGE('',*,*,#2019,.F.);
#2696=ORIENTED_EDGE('',*,*,#2079,.T.);
#2697=ORIENTED_EDGE('',*,*,#2080,.F.);
#2698=ORIENTED_EDGE('',*,*,#2081,.F.);
#2699=ORIENTED_EDGE('',*,*,#1905,.F.);
#2700=ORIENTED_EDGE('',*,*,#2082,.T.);
#2701=ORIENTED_EDGE('',*,*,#2083,.F.);
#2702=ORIENTED_EDGE('',*,*,#2084,.F.);
#2703=ORIENTED_EDGE('',*,*,#2083,.T.);
#2704=ORIENTED_EDGE('',*,*,#2085,.T.);
#2705=ORIENTED_EDGE('',*,*,#2080,.T.);
#2706=ORIENTED_EDGE('',*,*,#2086,.T.);
#2707=ORIENTED_EDGE('',*,*,#2003,.F.);
#2708=ORIENTED_EDGE('',*,*,#2087,.T.);
#2709=ORIENTED_EDGE('',*,*,#2088,.F.);
#2710=ORIENTED_EDGE('',*,*,#2089,.F.);
#2711=ORIENTED_EDGE('',*,*,#1921,.F.);
#2712=ORIENTED_EDGE('',*,*,#2090,.T.);
#2713=ORIENTED_EDGE('',*,*,#2091,.F.);
#2714=ORIENTED_EDGE('',*,*,#2092,.F.);
#2715=ORIENTED_EDGE('',*,*,#2091,.T.);
#2716=ORIENTED_EDGE('',*,*,#2093,.T.);
#2717=ORIENTED_EDGE('',*,*,#2088,.T.);
#2718=ORIENTED_EDGE('',*,*,#2094,.T.);
#2719=ORIENTED_EDGE('',*,*,#1987,.F.);
#2720=ORIENTED_EDGE('',*,*,#2095,.T.);
#2721=ORIENTED_EDGE('',*,*,#2096,.F.);
#2722=ORIENTED_EDGE('',*,*,#2097,.F.);
#2723=ORIENTED_EDGE('',*,*,#1937,.F.);
#2724=ORIENTED_EDGE('',*,*,#2098,.T.);
#2725=ORIENTED_EDGE('',*,*,#2099,.F.);
#2726=ORIENTED_EDGE('',*,*,#2100,.F.);
#2727=ORIENTED_EDGE('',*,*,#2099,.T.);
#2728=ORIENTED_EDGE('',*,*,#2101,.T.);
#2729=ORIENTED_EDGE('',*,*,#2096,.T.);
#2730=ORIENTED_EDGE('',*,*,#2102,.T.);
#2731=ORIENTED_EDGE('',*,*,#1971,.F.);
#2732=ORIENTED_EDGE('',*,*,#2103,.T.);
#2733=ORIENTED_EDGE('',*,*,#2104,.F.);
#2734=ORIENTED_EDGE('',*,*,#2105,.F.);
#2735=ORIENTED_EDGE('',*,*,#1953,.F.);
#2736=ORIENTED_EDGE('',*,*,#2106,.T.);
#2737=ORIENTED_EDGE('',*,*,#2107,.F.);
#2738=ORIENTED_EDGE('',*,*,#2108,.F.);
#2739=ORIENTED_EDGE('',*,*,#2107,.T.);
#2740=ORIENTED_EDGE('',*,*,#2109,.T.);
#2741=ORIENTED_EDGE('',*,*,#2104,.T.);
#2742=ORIENTED_EDGE('',*,*,#2110,.T.);
#2743=ORIENTED_EDGE('',*,*,#1967,.F.);
#2744=ORIENTED_EDGE('',*,*,#2111,.T.);
#2745=ORIENTED_EDGE('',*,*,#2112,.F.);
#2746=ORIENTED_EDGE('',*,*,#2113,.F.);
#2747=ORIENTED_EDGE('',*,*,#1957,.F.);
#2748=ORIENTED_EDGE('',*,*,#2114,.T.);
#2749=ORIENTED_EDGE('',*,*,#2115,.F.);
#2750=ORIENTED_EDGE('',*,*,#2116,.F.);
#2751=ORIENTED_EDGE('',*,*,#2115,.T.);
#2752=ORIENTED_EDGE('',*,*,#2117,.T.);
#2753=ORIENTED_EDGE('',*,*,#2112,.T.);
#2754=ORIENTED_EDGE('',*,*,#2118,.T.);
#2755=ORIENTED_EDGE('',*,*,#1983,.F.);
#2756=ORIENTED_EDGE('',*,*,#2119,.T.);
#2757=ORIENTED_EDGE('',*,*,#2120,.F.);
#2758=ORIENTED_EDGE('',*,*,#2121,.F.);
#2759=ORIENTED_EDGE('',*,*,#1941,.F.);
#2760=ORIENTED_EDGE('',*,*,#2122,.T.);
#2761=ORIENTED_EDGE('',*,*,#2123,.F.);
#2762=ORIENTED_EDGE('',*,*,#2124,.F.);
#2763=ORIENTED_EDGE('',*,*,#2123,.T.);
#2764=ORIENTED_EDGE('',*,*,#2125,.T.);
#2765=ORIENTED_EDGE('',*,*,#2120,.T.);
#2766=ORIENTED_EDGE('',*,*,#2126,.T.);
#2767=ORIENTED_EDGE('',*,*,#1999,.F.);
#2768=ORIENTED_EDGE('',*,*,#2127,.T.);
#2769=ORIENTED_EDGE('',*,*,#2128,.F.);
#2770=ORIENTED_EDGE('',*,*,#2129,.F.);
#2771=ORIENTED_EDGE('',*,*,#1925,.F.);
#2772=ORIENTED_EDGE('',*,*,#2130,.T.);
#2773=ORIENTED_EDGE('',*,*,#2131,.F.);
#2774=ORIENTED_EDGE('',*,*,#2132,.F.);
#2775=ORIENTED_EDGE('',*,*,#2131,.T.);
#2776=ORIENTED_EDGE('',*,*,#2133,.T.);
#2777=ORIENTED_EDGE('',*,*,#2128,.T.);
#2778=ORIENTED_EDGE('',*,*,#2134,.T.);
#2779=ORIENTED_EDGE('',*,*,#2015,.F.);
#2780=ORIENTED_EDGE('',*,*,#2135,.T.);
#2781=ORIENTED_EDGE('',*,*,#2136,.F.);
#2782=ORIENTED_EDGE('',*,*,#2137,.F.);
#2783=ORIENTED_EDGE('',*,*,#1909,.F.);
#2784=ORIENTED_EDGE('',*,*,#2138,.T.);
#2785=ORIENTED_EDGE('',*,*,#2139,.F.);
#2786=ORIENTED_EDGE('',*,*,#2140,.F.);
#2787=ORIENTED_EDGE('',*,*,#2139,.T.);
#2788=ORIENTED_EDGE('',*,*,#2141,.T.);
#2789=ORIENTED_EDGE('',*,*,#2136,.T.);
#2790=ORIENTED_EDGE('',*,*,#2142,.T.);
#2791=ORIENTED_EDGE('',*,*,#2143,.F.);
#2792=ORIENTED_EDGE('',*,*,#2144,.T.);
#2793=ORIENTED_EDGE('',*,*,#2145,.F.);
#2794=ORIENTED_EDGE('',*,*,#2146,.F.);
#2795=ORIENTED_EDGE('',*,*,#2147,.F.);
#2796=ORIENTED_EDGE('',*,*,#2148,.T.);
#2797=ORIENTED_EDGE('',*,*,#2149,.F.);
#2798=ORIENTED_EDGE('',*,*,#2144,.F.);
#2799=ORIENTED_EDGE('',*,*,#2150,.F.);
#2800=ORIENTED_EDGE('',*,*,#2151,.T.);
#2801=ORIENTED_EDGE('',*,*,#2152,.F.);
#2802=ORIENTED_EDGE('',*,*,#2148,.F.);
#2803=ORIENTED_EDGE('',*,*,#2152,.T.);
#2804=ORIENTED_EDGE('',*,*,#2153,.T.);
#2805=ORIENTED_EDGE('',*,*,#2145,.T.);
#2806=ORIENTED_EDGE('',*,*,#2149,.T.);
#2807=ORIENTED_EDGE('',*,*,#2154,.F.);
#2808=ORIENTED_EDGE('',*,*,#2155,.T.);
#2809=ORIENTED_EDGE('',*,*,#2156,.F.);
#2810=ORIENTED_EDGE('',*,*,#2157,.F.);
#2811=ORIENTED_EDGE('',*,*,#2158,.F.);
#2812=ORIENTED_EDGE('',*,*,#2159,.T.);
#2813=ORIENTED_EDGE('',*,*,#2160,.F.);
#2814=ORIENTED_EDGE('',*,*,#2161,.F.);
#2815=ORIENTED_EDGE('',*,*,#2160,.T.);
#2816=ORIENTED_EDGE('',*,*,#2162,.T.);
#2817=ORIENTED_EDGE('',*,*,#2156,.T.);
#2818=ORIENTED_EDGE('',*,*,#2163,.T.);
#2819=ORIENTED_EDGE('',*,*,#2164,.F.);
#2820=ORIENTED_EDGE('',*,*,#2165,.T.);
#2821=ORIENTED_EDGE('',*,*,#2166,.F.);
#2822=ORIENTED_EDGE('',*,*,#2167,.F.);
#2823=ORIENTED_EDGE('',*,*,#2168,.F.);
#2824=ORIENTED_EDGE('',*,*,#2169,.T.);
#2825=ORIENTED_EDGE('',*,*,#2170,.F.);
#2826=ORIENTED_EDGE('',*,*,#2171,.F.);
#2827=ORIENTED_EDGE('',*,*,#2170,.T.);
#2828=ORIENTED_EDGE('',*,*,#2172,.T.);
#2829=ORIENTED_EDGE('',*,*,#2166,.T.);
#2830=ORIENTED_EDGE('',*,*,#2173,.T.);
#2831=ORIENTED_EDGE('',*,*,#2174,.F.);
#2832=ORIENTED_EDGE('',*,*,#2175,.T.);
#2833=ORIENTED_EDGE('',*,*,#2176,.F.);
#2834=ORIENTED_EDGE('',*,*,#2177,.F.);
#2835=ORIENTED_EDGE('',*,*,#2178,.F.);
#2836=ORIENTED_EDGE('',*,*,#2179,.T.);
#2837=ORIENTED_EDGE('',*,*,#2180,.F.);
#2838=ORIENTED_EDGE('',*,*,#2181,.F.);
#2839=ORIENTED_EDGE('',*,*,#2180,.T.);
#2840=ORIENTED_EDGE('',*,*,#2182,.T.);
#2841=ORIENTED_EDGE('',*,*,#2176,.T.);
#2842=ORIENTED_EDGE('',*,*,#2183,.T.);
#2843=ORIENTED_EDGE('',*,*,#2184,.F.);
#2844=ORIENTED_EDGE('',*,*,#2185,.T.);
#2845=ORIENTED_EDGE('',*,*,#2186,.F.);
#2846=ORIENTED_EDGE('',*,*,#2187,.F.);
#2847=ORIENTED_EDGE('',*,*,#2188,.F.);
#2848=ORIENTED_EDGE('',*,*,#2189,.T.);
#2849=ORIENTED_EDGE('',*,*,#2190,.F.);
#2850=ORIENTED_EDGE('',*,*,#2185,.F.);
#2851=ORIENTED_EDGE('',*,*,#2191,.F.);
#2852=ORIENTED_EDGE('',*,*,#2192,.T.);
#2853=ORIENTED_EDGE('',*,*,#2193,.F.);
#2854=ORIENTED_EDGE('',*,*,#2189,.F.);
#2855=ORIENTED_EDGE('',*,*,#2193,.T.);
#2856=ORIENTED_EDGE('',*,*,#2194,.T.);
#2857=ORIENTED_EDGE('',*,*,#2186,.T.);
#2858=ORIENTED_EDGE('',*,*,#2190,.T.);
#2859=ORIENTED_EDGE('',*,*,#2195,.F.);
#2860=ORIENTED_EDGE('',*,*,#2196,.T.);
#2861=ORIENTED_EDGE('',*,*,#2197,.F.);
#2862=ORIENTED_EDGE('',*,*,#2198,.F.);
#2863=ORIENTED_EDGE('',*,*,#2199,.F.);
#2864=ORIENTED_EDGE('',*,*,#2200,.T.);
#2865=ORIENTED_EDGE('',*,*,#2201,.F.);
#2866=ORIENTED_EDGE('',*,*,#2202,.F.);
#2867=ORIENTED_EDGE('',*,*,#2201,.T.);
#2868=ORIENTED_EDGE('',*,*,#2203,.T.);
#2869=ORIENTED_EDGE('',*,*,#2197,.T.);
#2870=ORIENTED_EDGE('',*,*,#2204,.T.);
#2871=ORIENTED_EDGE('',*,*,#2205,.F.);
#2872=ORIENTED_EDGE('',*,*,#2206,.T.);
#2873=ORIENTED_EDGE('',*,*,#2207,.F.);
#2874=ORIENTED_EDGE('',*,*,#2208,.F.);
#2875=ORIENTED_EDGE('',*,*,#2209,.F.);
#2876=ORIENTED_EDGE('',*,*,#2210,.T.);
#2877=ORIENTED_EDGE('',*,*,#2211,.F.);
#2878=ORIENTED_EDGE('',*,*,#2212,.F.);
#2879=ORIENTED_EDGE('',*,*,#2211,.T.);
#2880=ORIENTED_EDGE('',*,*,#2213,.T.);
#2881=ORIENTED_EDGE('',*,*,#2207,.T.);
#2882=ORIENTED_EDGE('',*,*,#2214,.T.);
#2883=ORIENTED_EDGE('',*,*,#2215,.F.);
#2884=ORIENTED_EDGE('',*,*,#2216,.T.);
#2885=ORIENTED_EDGE('',*,*,#2217,.F.);
#2886=ORIENTED_EDGE('',*,*,#2218,.F.);
#2887=ORIENTED_EDGE('',*,*,#2219,.F.);
#2888=ORIENTED_EDGE('',*,*,#2220,.T.);
#2889=ORIENTED_EDGE('',*,*,#2221,.F.);
#2890=ORIENTED_EDGE('',*,*,#2222,.F.);
#2891=ORIENTED_EDGE('',*,*,#2221,.T.);
#2892=ORIENTED_EDGE('',*,*,#2223,.T.);
#2893=ORIENTED_EDGE('',*,*,#2217,.T.);
#2894=ORIENTED_EDGE('',*,*,#2224,.T.);
#2895=ORIENTED_EDGE('',*,*,#2225,.F.);
#2896=ORIENTED_EDGE('',*,*,#2226,.T.);
#2897=ORIENTED_EDGE('',*,*,#2227,.F.);
#2898=ORIENTED_EDGE('',*,*,#2228,.F.);
#2899=ORIENTED_EDGE('',*,*,#2229,.F.);
#2900=ORIENTED_EDGE('',*,*,#2230,.T.);
#2901=ORIENTED_EDGE('',*,*,#2231,.F.);
#2902=ORIENTED_EDGE('',*,*,#2232,.F.);
#2903=ORIENTED_EDGE('',*,*,#2231,.T.);
#2904=ORIENTED_EDGE('',*,*,#2233,.T.);
#2905=ORIENTED_EDGE('',*,*,#2227,.T.);
#2906=ORIENTED_EDGE('',*,*,#2234,.T.);
#2907=ORIENTED_EDGE('',*,*,#2235,.F.);
#2908=ORIENTED_EDGE('',*,*,#2236,.T.);
#2909=ORIENTED_EDGE('',*,*,#2237,.F.);
#2910=ORIENTED_EDGE('',*,*,#2238,.F.);
#2911=ORIENTED_EDGE('',*,*,#2239,.F.);
#2912=ORIENTED_EDGE('',*,*,#2240,.T.);
#2913=ORIENTED_EDGE('',*,*,#2241,.F.);
#2914=ORIENTED_EDGE('',*,*,#2242,.F.);
#2915=ORIENTED_EDGE('',*,*,#2241,.T.);
#2916=ORIENTED_EDGE('',*,*,#2243,.T.);
#2917=ORIENTED_EDGE('',*,*,#2237,.T.);
#2918=ORIENTED_EDGE('',*,*,#2244,.T.);
#2919=ORIENTED_EDGE('',*,*,#2245,.F.);
#2920=ORIENTED_EDGE('',*,*,#2246,.T.);
#2921=ORIENTED_EDGE('',*,*,#2247,.F.);
#2922=ORIENTED_EDGE('',*,*,#2248,.F.);
#2923=ORIENTED_EDGE('',*,*,#2249,.F.);
#2924=ORIENTED_EDGE('',*,*,#2250,.T.);
#2925=ORIENTED_EDGE('',*,*,#2251,.F.);
#2926=ORIENTED_EDGE('',*,*,#2252,.F.);
#2927=ORIENTED_EDGE('',*,*,#2251,.T.);
#2928=ORIENTED_EDGE('',*,*,#2253,.T.);
#2929=ORIENTED_EDGE('',*,*,#2247,.T.);
#2930=ORIENTED_EDGE('',*,*,#2254,.T.);
#2931=ORIENTED_EDGE('',*,*,#2255,.F.);
#2932=ORIENTED_EDGE('',*,*,#2256,.T.);
#2933=ORIENTED_EDGE('',*,*,#2257,.F.);
#2934=ORIENTED_EDGE('',*,*,#2258,.F.);
#2935=ORIENTED_EDGE('',*,*,#2259,.F.);
#2936=ORIENTED_EDGE('',*,*,#2260,.T.);
#2937=ORIENTED_EDGE('',*,*,#2261,.F.);
#2938=ORIENTED_EDGE('',*,*,#2262,.F.);
#2939=ORIENTED_EDGE('',*,*,#2261,.T.);
#2940=ORIENTED_EDGE('',*,*,#2263,.T.);
#2941=ORIENTED_EDGE('',*,*,#2257,.T.);
#2942=ORIENTED_EDGE('',*,*,#2264,.T.);
#2943=ORIENTED_EDGE('',*,*,#2265,.F.);
#2944=ORIENTED_EDGE('',*,*,#2266,.T.);
#2945=ORIENTED_EDGE('',*,*,#2267,.F.);
#2946=ORIENTED_EDGE('',*,*,#2268,.F.);
#2947=ORIENTED_EDGE('',*,*,#2269,.F.);
#2948=ORIENTED_EDGE('',*,*,#2270,.T.);
#2949=ORIENTED_EDGE('',*,*,#2271,.F.);
#2950=ORIENTED_EDGE('',*,*,#2272,.F.);
#2951=ORIENTED_EDGE('',*,*,#2271,.T.);
#2952=ORIENTED_EDGE('',*,*,#2273,.T.);
#2953=ORIENTED_EDGE('',*,*,#2267,.T.);
#2954=ORIENTED_EDGE('',*,*,#2274,.T.);
#2955=ORIENTED_EDGE('',*,*,#2275,.F.);
#2956=ORIENTED_EDGE('',*,*,#2276,.T.);
#2957=ORIENTED_EDGE('',*,*,#2277,.F.);
#2958=ORIENTED_EDGE('',*,*,#2278,.F.);
#2959=ORIENTED_EDGE('',*,*,#2279,.F.);
#2960=ORIENTED_EDGE('',*,*,#2280,.T.);
#2961=ORIENTED_EDGE('',*,*,#2281,.F.);
#2962=ORIENTED_EDGE('',*,*,#2282,.F.);
#2963=ORIENTED_EDGE('',*,*,#2281,.T.);
#2964=ORIENTED_EDGE('',*,*,#2283,.T.);
#2965=ORIENTED_EDGE('',*,*,#2277,.T.);
#2966=ORIENTED_EDGE('',*,*,#2284,.T.);
#2967=ORIENTED_EDGE('',*,*,#2285,.F.);
#2968=ORIENTED_EDGE('',*,*,#2286,.T.);
#2969=ORIENTED_EDGE('',*,*,#2287,.F.);
#2970=ORIENTED_EDGE('',*,*,#2288,.F.);
#2971=ORIENTED_EDGE('',*,*,#2289,.F.);
#2972=ORIENTED_EDGE('',*,*,#2290,.T.);
#2973=ORIENTED_EDGE('',*,*,#2291,.F.);
#2974=ORIENTED_EDGE('',*,*,#2292,.F.);
#2975=ORIENTED_EDGE('',*,*,#2291,.T.);
#2976=ORIENTED_EDGE('',*,*,#2293,.T.);
#2977=ORIENTED_EDGE('',*,*,#2287,.T.);
#2978=ORIENTED_EDGE('',*,*,#2294,.T.);
#2979=ORIENTED_EDGE('',*,*,#2295,.F.);
#2980=ORIENTED_EDGE('',*,*,#2296,.F.);
#2981=ORIENTED_EDGE('',*,*,#1938,.F.);
#2982=ORIENTED_EDGE('',*,*,#2100,.T.);
#2983=ORIENTED_EDGE('',*,*,#2102,.F.);
#2984=ORIENTED_EDGE('',*,*,#2095,.F.);
#2985=ORIENTED_EDGE('',*,*,#1986,.F.);
#2986=ORIENTED_EDGE('',*,*,#2297,.T.);
#2987=ORIENTED_EDGE('',*,*,#2298,.F.);
#2988=ORIENTED_EDGE('',*,*,#2288,.T.);
#2989=ORIENTED_EDGE('',*,*,#2293,.F.);
#2990=ORIENTED_EDGE('',*,*,#2290,.F.);
#2991=ORIENTED_EDGE('',*,*,#2299,.T.);
#2992=ORIENTED_EDGE('',*,*,#2300,.T.);
#2993=ORIENTED_EDGE('',*,*,#2301,.T.);
#2994=ORIENTED_EDGE('',*,*,#2302,.T.);
#2995=ORIENTED_EDGE('',*,*,#2143,.T.);
#2996=ORIENTED_EDGE('',*,*,#2303,.T.);
#2997=ORIENTED_EDGE('',*,*,#2304,.T.);
#2998=ORIENTED_EDGE('',*,*,#2305,.T.);
#2999=ORIENTED_EDGE('',*,*,#2229,.T.);
#3000=ORIENTED_EDGE('',*,*,#2306,.T.);
#3001=ORIENTED_EDGE('',*,*,#2307,.T.);
#3002=ORIENTED_EDGE('',*,*,#2308,.T.);
#3003=ORIENTED_EDGE('',*,*,#2309,.T.);
#3004=ORIENTED_EDGE('',*,*,#2310,.T.);
#3005=ORIENTED_EDGE('',*,*,#2311,.T.);
#3006=ORIENTED_EDGE('',*,*,#2312,.T.);
#3007=ORIENTED_EDGE('',*,*,#2219,.T.);
#3008=ORIENTED_EDGE('',*,*,#2313,.T.);
#3009=ORIENTED_EDGE('',*,*,#2314,.T.);
#3010=ORIENTED_EDGE('',*,*,#2315,.T.);
#3011=ORIENTED_EDGE('',*,*,#2239,.T.);
#3012=ORIENTED_EDGE('',*,*,#2316,.T.);
#3013=ORIENTED_EDGE('',*,*,#2317,.T.);
#3014=ORIENTED_EDGE('',*,*,#2318,.T.);
#3015=ORIENTED_EDGE('',*,*,#2158,.T.);
#3016=ORIENTED_EDGE('',*,*,#2319,.T.);
#3017=ORIENTED_EDGE('',*,*,#2320,.T.);
#3018=ORIENTED_EDGE('',*,*,#2295,.T.);
#3019=ORIENTED_EDGE('',*,*,#2289,.T.);
#3020=ORIENTED_EDGE('',*,*,#2321,.T.);
#3021=ORIENTED_EDGE('',*,*,#2322,.T.);
#3022=ORIENTED_EDGE('',*,*,#2323,.T.);
#3023=ORIENTED_EDGE('',*,*,#2209,.T.);
#3024=ORIENTED_EDGE('',*,*,#2324,.T.);
#3025=ORIENTED_EDGE('',*,*,#2325,.T.);
#3026=ORIENTED_EDGE('',*,*,#2326,.T.);
#3027=ORIENTED_EDGE('',*,*,#2249,.T.);
#3028=ORIENTED_EDGE('',*,*,#2327,.T.);
#3029=ORIENTED_EDGE('',*,*,#2328,.T.);
#3030=ORIENTED_EDGE('',*,*,#2329,.T.);
#3031=ORIENTED_EDGE('',*,*,#2168,.T.);
#3032=ORIENTED_EDGE('',*,*,#2330,.T.);
#3033=ORIENTED_EDGE('',*,*,#2331,.T.);
#3034=ORIENTED_EDGE('',*,*,#2332,.T.);
#3035=ORIENTED_EDGE('',*,*,#2279,.T.);
#3036=ORIENTED_EDGE('',*,*,#2333,.T.);
#3037=ORIENTED_EDGE('',*,*,#2334,.T.);
#3038=ORIENTED_EDGE('',*,*,#2335,.T.);
#3039=ORIENTED_EDGE('',*,*,#2199,.T.);
#3040=ORIENTED_EDGE('',*,*,#2336,.T.);
#3041=ORIENTED_EDGE('',*,*,#2337,.T.);
#3042=ORIENTED_EDGE('',*,*,#2338,.T.);
#3043=ORIENTED_EDGE('',*,*,#2178,.T.);
#3044=ORIENTED_EDGE('',*,*,#2339,.T.);
#3045=ORIENTED_EDGE('',*,*,#2340,.T.);
#3046=ORIENTED_EDGE('',*,*,#2341,.T.);
#3047=ORIENTED_EDGE('',*,*,#2259,.T.);
#3048=ORIENTED_EDGE('',*,*,#2342,.T.);
#3049=ORIENTED_EDGE('',*,*,#2343,.T.);
#3050=ORIENTED_EDGE('',*,*,#2344,.T.);
#3051=ORIENTED_EDGE('',*,*,#2269,.T.);
#3052=ORIENTED_EDGE('',*,*,#2345,.T.);
#3053=ORIENTED_EDGE('',*,*,#2346,.T.);
#3054=ORIENTED_EDGE('',*,*,#2347,.T.);
#3055=ORIENTED_EDGE('',*,*,#2191,.T.);
#3056=ORIENTED_EDGE('',*,*,#2188,.T.);
#3057=ORIENTED_EDGE('',*,*,#2184,.T.);
#3058=ORIENTED_EDGE('',*,*,#2348,.T.);
#3059=ORIENTED_EDGE('',*,*,#2349,.T.);
#3060=ORIENTED_EDGE('',*,*,#2350,.T.);
#3061=ORIENTED_EDGE('',*,*,#2265,.T.);
#3062=ORIENTED_EDGE('',*,*,#2351,.T.);
#3063=ORIENTED_EDGE('',*,*,#2352,.T.);
#3064=ORIENTED_EDGE('',*,*,#2353,.T.);
#3065=ORIENTED_EDGE('',*,*,#2255,.T.);
#3066=ORIENTED_EDGE('',*,*,#2354,.T.);
#3067=ORIENTED_EDGE('',*,*,#2355,.T.);
#3068=ORIENTED_EDGE('',*,*,#2356,.T.);
#3069=ORIENTED_EDGE('',*,*,#2174,.T.);
#3070=ORIENTED_EDGE('',*,*,#2357,.T.);
#3071=ORIENTED_EDGE('',*,*,#2358,.T.);
#3072=ORIENTED_EDGE('',*,*,#2359,.T.);
#3073=ORIENTED_EDGE('',*,*,#2195,.T.);
#3074=ORIENTED_EDGE('',*,*,#2360,.T.);
#3075=ORIENTED_EDGE('',*,*,#2361,.T.);
#3076=ORIENTED_EDGE('',*,*,#2362,.T.);
#3077=ORIENTED_EDGE('',*,*,#2275,.T.);
#3078=ORIENTED_EDGE('',*,*,#2363,.T.);
#3079=ORIENTED_EDGE('',*,*,#2364,.T.);
#3080=ORIENTED_EDGE('',*,*,#2365,.T.);
#3081=ORIENTED_EDGE('',*,*,#2164,.T.);
#3082=ORIENTED_EDGE('',*,*,#2366,.T.);
#3083=ORIENTED_EDGE('',*,*,#2367,.T.);
#3084=ORIENTED_EDGE('',*,*,#2368,.T.);
#3085=ORIENTED_EDGE('',*,*,#2245,.T.);
#3086=ORIENTED_EDGE('',*,*,#2369,.T.);
#3087=ORIENTED_EDGE('',*,*,#2370,.T.);
#3088=ORIENTED_EDGE('',*,*,#2371,.T.);
#3089=ORIENTED_EDGE('',*,*,#2205,.T.);
#3090=ORIENTED_EDGE('',*,*,#2372,.T.);
#3091=ORIENTED_EDGE('',*,*,#2373,.T.);
#3092=ORIENTED_EDGE('',*,*,#2374,.T.);
#3093=ORIENTED_EDGE('',*,*,#2285,.T.);
#3094=ORIENTED_EDGE('',*,*,#2298,.T.);
#3095=ORIENTED_EDGE('',*,*,#2375,.T.);
#3096=ORIENTED_EDGE('',*,*,#2376,.T.);
#3097=ORIENTED_EDGE('',*,*,#2154,.T.);
#3098=ORIENTED_EDGE('',*,*,#2377,.T.);
#3099=ORIENTED_EDGE('',*,*,#2378,.T.);
#3100=ORIENTED_EDGE('',*,*,#2379,.T.);
#3101=ORIENTED_EDGE('',*,*,#2235,.T.);
#3102=ORIENTED_EDGE('',*,*,#2380,.T.);
#3103=ORIENTED_EDGE('',*,*,#2381,.T.);
#3104=ORIENTED_EDGE('',*,*,#2382,.T.);
#3105=ORIENTED_EDGE('',*,*,#2215,.T.);
#3106=ORIENTED_EDGE('',*,*,#2383,.T.);
#3107=ORIENTED_EDGE('',*,*,#2384,.T.);
#3108=ORIENTED_EDGE('',*,*,#2385,.T.);
#3109=ORIENTED_EDGE('',*,*,#2386,.T.);
#3110=ORIENTED_EDGE('',*,*,#2387,.T.);
#3111=ORIENTED_EDGE('',*,*,#2388,.T.);
#3112=ORIENTED_EDGE('',*,*,#2389,.T.);
#3113=ORIENTED_EDGE('',*,*,#2225,.T.);
#3114=ORIENTED_EDGE('',*,*,#2390,.T.);
#3115=ORIENTED_EDGE('',*,*,#2391,.T.);
#3116=ORIENTED_EDGE('',*,*,#2392,.T.);
#3117=ORIENTED_EDGE('',*,*,#2150,.T.);
#3118=ORIENTED_EDGE('',*,*,#2147,.T.);
#3119=ORIENTED_EDGE('',*,*,#2374,.F.);
#3120=ORIENTED_EDGE('',*,*,#2393,.F.);
#3121=ORIENTED_EDGE('',*,*,#1988,.F.);
#3122=ORIENTED_EDGE('',*,*,#2097,.T.);
#3123=ORIENTED_EDGE('',*,*,#2101,.F.);
#3124=ORIENTED_EDGE('',*,*,#2098,.F.);
#3125=ORIENTED_EDGE('',*,*,#1936,.F.);
#3126=ORIENTED_EDGE('',*,*,#2394,.T.);
#3127=ORIENTED_EDGE('',*,*,#2321,.F.);
#3128=ORIENTED_EDGE('',*,*,#2292,.T.);
#3129=ORIENTED_EDGE('',*,*,#2294,.F.);
#3130=ORIENTED_EDGE('',*,*,#2286,.F.);
#3131=ORIENTED_EDGE('',*,*,#2309,.F.);
#3132=ORIENTED_EDGE('',*,*,#2395,.T.);
#3133=ORIENTED_EDGE('',*,*,#2396,.F.);
#3134=ORIENTED_EDGE('',*,*,#2397,.F.);
#3135=ORIENTED_EDGE('',*,*,#2386,.F.);
#3136=ORIENTED_EDGE('',*,*,#2398,.T.);
#3137=ORIENTED_EDGE('',*,*,#2399,.F.);
#3138=ORIENTED_EDGE('',*,*,#2400,.F.);
#3139=ORIENTED_EDGE('',*,*,#2396,.T.);
#3140=ORIENTED_EDGE('',*,*,#2401,.T.);
#3141=ORIENTED_EDGE('',*,*,#2399,.T.);
#3142=ORIENTED_EDGE('',*,*,#2402,.T.);
#3143=ORIENTED_EDGE('',*,*,#1955,.F.);
#3144=ORIENTED_EDGE('',*,*,#2403,.T.);
#3145=ORIENTED_EDGE('',*,*,#2307,.F.);
#3146=ORIENTED_EDGE('',*,*,#2404,.F.);
#3147=ORIENTED_EDGE('',*,*,#1956,.F.);
#3148=ORIENTED_EDGE('',*,*,#2404,.T.);
#3149=ORIENTED_EDGE('',*,*,#2306,.F.);
#3150=ORIENTED_EDGE('',*,*,#2232,.T.);
#3151=ORIENTED_EDGE('',*,*,#2234,.F.);
#3152=ORIENTED_EDGE('',*,*,#2226,.F.);
#3153=ORIENTED_EDGE('',*,*,#2389,.F.);
#3154=ORIENTED_EDGE('',*,*,#2405,.F.);
#3155=ORIENTED_EDGE('',*,*,#1968,.F.);
#3156=ORIENTED_EDGE('',*,*,#2113,.T.);
#3157=ORIENTED_EDGE('',*,*,#2117,.F.);
#3158=ORIENTED_EDGE('',*,*,#2114,.F.);
#3159=ORIENTED_EDGE('',*,*,#1969,.F.);
#3160=ORIENTED_EDGE('',*,*,#2405,.T.);
#3161=ORIENTED_EDGE('',*,*,#2388,.F.);
#3162=ORIENTED_EDGE('',*,*,#2406,.F.);
#3163=ORIENTED_EDGE('',*,*,#2308,.F.);
#3164=ORIENTED_EDGE('',*,*,#2403,.F.);
#3165=ORIENTED_EDGE('',*,*,#1954,.F.);
#3166=ORIENTED_EDGE('',*,*,#2108,.T.);
#3167=ORIENTED_EDGE('',*,*,#2110,.F.);
#3168=ORIENTED_EDGE('',*,*,#2103,.F.);
#3169=ORIENTED_EDGE('',*,*,#1970,.F.);
#3170=ORIENTED_EDGE('',*,*,#2406,.T.);
#3171=ORIENTED_EDGE('',*,*,#2387,.F.);
#3172=ORIENTED_EDGE('',*,*,#2400,.T.);
#3173=ORIENTED_EDGE('',*,*,#2401,.F.);
#3174=ORIENTED_EDGE('',*,*,#2395,.F.);
#3175=ORIENTED_EDGE('',*,*,#1919,.F.);
#3176=ORIENTED_EDGE('',*,*,#2407,.T.);
#3177=ORIENTED_EDGE('',*,*,#2334,.F.);
#3178=ORIENTED_EDGE('',*,*,#2408,.F.);
#3179=ORIENTED_EDGE('',*,*,#1920,.F.);
#3180=ORIENTED_EDGE('',*,*,#2408,.T.);
#3181=ORIENTED_EDGE('',*,*,#2333,.F.);
#3182=ORIENTED_EDGE('',*,*,#2282,.T.);
#3183=ORIENTED_EDGE('',*,*,#2284,.F.);
#3184=ORIENTED_EDGE('',*,*,#2276,.F.);
#3185=ORIENTED_EDGE('',*,*,#2362,.F.);
#3186=ORIENTED_EDGE('',*,*,#2409,.F.);
#3187=ORIENTED_EDGE('',*,*,#2004,.F.);
#3188=ORIENTED_EDGE('',*,*,#2089,.T.);
#3189=ORIENTED_EDGE('',*,*,#2093,.F.);
#3190=ORIENTED_EDGE('',*,*,#2090,.F.);
#3191=ORIENTED_EDGE('',*,*,#2005,.F.);
#3192=ORIENTED_EDGE('',*,*,#2409,.T.);
#3193=ORIENTED_EDGE('',*,*,#2361,.F.);
#3194=ORIENTED_EDGE('',*,*,#2410,.F.);
#3195=ORIENTED_EDGE('',*,*,#2006,.F.);
#3196=ORIENTED_EDGE('',*,*,#2410,.T.);
#3197=ORIENTED_EDGE('',*,*,#2360,.F.);
#3198=ORIENTED_EDGE('',*,*,#2198,.T.);
#3199=ORIENTED_EDGE('',*,*,#2203,.F.);
#3200=ORIENTED_EDGE('',*,*,#2200,.F.);
#3201=ORIENTED_EDGE('',*,*,#2335,.F.);
#3202=ORIENTED_EDGE('',*,*,#2407,.F.);
#3203=ORIENTED_EDGE('',*,*,#1918,.F.);
#3204=ORIENTED_EDGE('',*,*,#2028,.T.);
#3205=ORIENTED_EDGE('',*,*,#2030,.F.);
#3206=ORIENTED_EDGE('',*,*,#2023,.F.);
#3207=ORIENTED_EDGE('',*,*,#1911,.F.);
#3208=ORIENTED_EDGE('',*,*,#2411,.T.);
#3209=ORIENTED_EDGE('',*,*,#2340,.F.);
#3210=ORIENTED_EDGE('',*,*,#2412,.F.);
#3211=ORIENTED_EDGE('',*,*,#1912,.F.);
#3212=ORIENTED_EDGE('',*,*,#2412,.T.);
#3213=ORIENTED_EDGE('',*,*,#2339,.F.);
#3214=ORIENTED_EDGE('',*,*,#2181,.T.);
#3215=ORIENTED_EDGE('',*,*,#2183,.F.);
#3216=ORIENTED_EDGE('',*,*,#2175,.F.);
#3217=ORIENTED_EDGE('',*,*,#2356,.F.);
#3218=ORIENTED_EDGE('',*,*,#2413,.F.);
#3219=ORIENTED_EDGE('',*,*,#2012,.F.);
#3220=ORIENTED_EDGE('',*,*,#2073,.T.);
#3221=ORIENTED_EDGE('',*,*,#2077,.F.);
#3222=ORIENTED_EDGE('',*,*,#2074,.F.);
#3223=ORIENTED_EDGE('',*,*,#2013,.F.);
#3224=ORIENTED_EDGE('',*,*,#2413,.T.);
#3225=ORIENTED_EDGE('',*,*,#2355,.F.);
#3226=ORIENTED_EDGE('',*,*,#2414,.F.);
#3227=ORIENTED_EDGE('',*,*,#2014,.F.);
#3228=ORIENTED_EDGE('',*,*,#2414,.T.);
#3229=ORIENTED_EDGE('',*,*,#2354,.F.);
#3230=ORIENTED_EDGE('',*,*,#2258,.T.);
#3231=ORIENTED_EDGE('',*,*,#2263,.F.);
#3232=ORIENTED_EDGE('',*,*,#2260,.F.);
#3233=ORIENTED_EDGE('',*,*,#2341,.F.);
#3234=ORIENTED_EDGE('',*,*,#2411,.F.);
#3235=ORIENTED_EDGE('',*,*,#1910,.F.);
#3236=ORIENTED_EDGE('',*,*,#2140,.T.);
#3237=ORIENTED_EDGE('',*,*,#2142,.F.);
#3238=ORIENTED_EDGE('',*,*,#2135,.F.);
#3239=ORIENTED_EDGE('',*,*,#1915,.F.);
#3240=ORIENTED_EDGE('',*,*,#2415,.T.);
#3241=ORIENTED_EDGE('',*,*,#2337,.F.);
#3242=ORIENTED_EDGE('',*,*,#2416,.F.);
#3243=ORIENTED_EDGE('',*,*,#1916,.F.);
#3244=ORIENTED_EDGE('',*,*,#2416,.T.);
#3245=ORIENTED_EDGE('',*,*,#2336,.F.);
#3246=ORIENTED_EDGE('',*,*,#2202,.T.);
#3247=ORIENTED_EDGE('',*,*,#2204,.F.);
#3248=ORIENTED_EDGE('',*,*,#2196,.F.);
#3249=ORIENTED_EDGE('',*,*,#2359,.F.);
#3250=ORIENTED_EDGE('',*,*,#2417,.F.);
#3251=ORIENTED_EDGE('',*,*,#2008,.F.);
#3252=ORIENTED_EDGE('',*,*,#2025,.T.);
#3253=ORIENTED_EDGE('',*,*,#2029,.F.);
#3254=ORIENTED_EDGE('',*,*,#2026,.F.);
#3255=ORIENTED_EDGE('',*,*,#2009,.F.);
#3256=ORIENTED_EDGE('',*,*,#2417,.T.);
#3257=ORIENTED_EDGE('',*,*,#2358,.F.);
#3258=ORIENTED_EDGE('',*,*,#2418,.F.);
#3259=ORIENTED_EDGE('',*,*,#2010,.F.);
#3260=ORIENTED_EDGE('',*,*,#2418,.T.);
#3261=ORIENTED_EDGE('',*,*,#2357,.F.);
#3262=ORIENTED_EDGE('',*,*,#2177,.T.);
#3263=ORIENTED_EDGE('',*,*,#2182,.F.);
#3264=ORIENTED_EDGE('',*,*,#2179,.F.);
#3265=ORIENTED_EDGE('',*,*,#2338,.F.);
#3266=ORIENTED_EDGE('',*,*,#2415,.F.);
#3267=ORIENTED_EDGE('',*,*,#1914,.F.);
#3268=ORIENTED_EDGE('',*,*,#2076,.T.);
#3269=ORIENTED_EDGE('',*,*,#2078,.F.);
#3270=ORIENTED_EDGE('',*,*,#2071,.F.);
#3271=ORIENTED_EDGE('',*,*,#1923,.F.);
#3272=ORIENTED_EDGE('',*,*,#2419,.T.);
#3273=ORIENTED_EDGE('',*,*,#2331,.F.);
#3274=ORIENTED_EDGE('',*,*,#2420,.F.);
#3275=ORIENTED_EDGE('',*,*,#1924,.F.);
#3276=ORIENTED_EDGE('',*,*,#2420,.T.);
#3277=ORIENTED_EDGE('',*,*,#2330,.F.);
#3278=ORIENTED_EDGE('',*,*,#2171,.T.);
#3279=ORIENTED_EDGE('',*,*,#2173,.F.);
#3280=ORIENTED_EDGE('',*,*,#2165,.F.);
#3281=ORIENTED_EDGE('',*,*,#2365,.F.);
#3282=ORIENTED_EDGE('',*,*,#2421,.F.);
#3283=ORIENTED_EDGE('',*,*,#2000,.F.);
#3284=ORIENTED_EDGE('',*,*,#2129,.T.);
#3285=ORIENTED_EDGE('',*,*,#2133,.F.);
#3286=ORIENTED_EDGE('',*,*,#2130,.F.);
#3287=ORIENTED_EDGE('',*,*,#2001,.F.);
#3288=ORIENTED_EDGE('',*,*,#2421,.T.);
#3289=ORIENTED_EDGE('',*,*,#2364,.F.);
#3290=ORIENTED_EDGE('',*,*,#2422,.F.);
#3291=ORIENTED_EDGE('',*,*,#2002,.F.);
#3292=ORIENTED_EDGE('',*,*,#2422,.T.);
#3293=ORIENTED_EDGE('',*,*,#2363,.F.);
#3294=ORIENTED_EDGE('',*,*,#2278,.T.);
#3295=ORIENTED_EDGE('',*,*,#2283,.F.);
#3296=ORIENTED_EDGE('',*,*,#2280,.F.);
#3297=ORIENTED_EDGE('',*,*,#2332,.F.);
#3298=ORIENTED_EDGE('',*,*,#2419,.F.);
#3299=ORIENTED_EDGE('',*,*,#1922,.F.);
#3300=ORIENTED_EDGE('',*,*,#2092,.T.);
#3301=ORIENTED_EDGE('',*,*,#2094,.F.);
#3302=ORIENTED_EDGE('',*,*,#2087,.F.);
#3303=ORIENTED_EDGE('',*,*,#1947,.F.);
#3304=ORIENTED_EDGE('',*,*,#2423,.T.);
#3305=ORIENTED_EDGE('',*,*,#2314,.F.);
#3306=ORIENTED_EDGE('',*,*,#2424,.F.);
#3307=ORIENTED_EDGE('',*,*,#1948,.F.);
#3308=ORIENTED_EDGE('',*,*,#2424,.T.);
#3309=ORIENTED_EDGE('',*,*,#2313,.F.);
#3310=ORIENTED_EDGE('',*,*,#2222,.T.);
#3311=ORIENTED_EDGE('',*,*,#2224,.F.);
#3312=ORIENTED_EDGE('',*,*,#2216,.F.);
#3313=ORIENTED_EDGE('',*,*,#2382,.F.);
#3314=ORIENTED_EDGE('',*,*,#2425,.F.);
#3315=ORIENTED_EDGE('',*,*,#1976,.F.);
#3316=ORIENTED_EDGE('',*,*,#2041,.T.);
#3317=ORIENTED_EDGE('',*,*,#2045,.F.);
#3318=ORIENTED_EDGE('',*,*,#2042,.F.);
#3319=ORIENTED_EDGE('',*,*,#1977,.F.);
#3320=ORIENTED_EDGE('',*,*,#2425,.T.);
#3321=ORIENTED_EDGE('',*,*,#2381,.F.);
#3322=ORIENTED_EDGE('',*,*,#2426,.F.);
#3323=ORIENTED_EDGE('',*,*,#1978,.F.);
#3324=ORIENTED_EDGE('',*,*,#2426,.T.);
#3325=ORIENTED_EDGE('',*,*,#2380,.F.);
#3326=ORIENTED_EDGE('',*,*,#2238,.T.);
#3327=ORIENTED_EDGE('',*,*,#2243,.F.);
#3328=ORIENTED_EDGE('',*,*,#2240,.F.);
#3329=ORIENTED_EDGE('',*,*,#2315,.F.);
#3330=ORIENTED_EDGE('',*,*,#2423,.F.);
#3331=ORIENTED_EDGE('',*,*,#1946,.F.);
#3332=ORIENTED_EDGE('',*,*,#2060,.T.);
#3333=ORIENTED_EDGE('',*,*,#2062,.F.);
#3334=ORIENTED_EDGE('',*,*,#2055,.F.);
#3335=ORIENTED_EDGE('',*,*,#1935,.F.);
#3336=ORIENTED_EDGE('',*,*,#2427,.T.);
#3337=ORIENTED_EDGE('',*,*,#2322,.F.);
#3338=ORIENTED_EDGE('',*,*,#2394,.F.);
#3339=ORIENTED_EDGE('',*,*,#1989,.F.);
#3340=ORIENTED_EDGE('',*,*,#2393,.T.);
#3341=ORIENTED_EDGE('',*,*,#2373,.F.);
#3342=ORIENTED_EDGE('',*,*,#2428,.F.);
#3343=ORIENTED_EDGE('',*,*,#1990,.F.);
#3344=ORIENTED_EDGE('',*,*,#2428,.T.);
#3345=ORIENTED_EDGE('',*,*,#2372,.F.);
#3346=ORIENTED_EDGE('',*,*,#2208,.T.);
#3347=ORIENTED_EDGE('',*,*,#2213,.F.);
#3348=ORIENTED_EDGE('',*,*,#2210,.F.);
#3349=ORIENTED_EDGE('',*,*,#2323,.F.);
#3350=ORIENTED_EDGE('',*,*,#2427,.F.);
#3351=ORIENTED_EDGE('',*,*,#1934,.F.);
#3352=ORIENTED_EDGE('',*,*,#2036,.T.);
#3353=ORIENTED_EDGE('',*,*,#2038,.F.);
#3354=ORIENTED_EDGE('',*,*,#2031,.F.);
#3355=ORIENTED_EDGE('',*,*,#1951,.F.);
#3356=ORIENTED_EDGE('',*,*,#2429,.T.);
#3357=ORIENTED_EDGE('',*,*,#2311,.F.);
#3358=ORIENTED_EDGE('',*,*,#2430,.F.);
#3359=ORIENTED_EDGE('',*,*,#1952,.F.);
#3360=ORIENTED_EDGE('',*,*,#2430,.T.);
#3361=ORIENTED_EDGE('',*,*,#2310,.F.);
#3362=ORIENTED_EDGE('',*,*,#2397,.T.);
#3363=ORIENTED_EDGE('',*,*,#2402,.F.);
#3364=ORIENTED_EDGE('',*,*,#2398,.F.);
#3365=ORIENTED_EDGE('',*,*,#2385,.F.);
#3366=ORIENTED_EDGE('',*,*,#2431,.F.);
#3367=ORIENTED_EDGE('',*,*,#1972,.F.);
#3368=ORIENTED_EDGE('',*,*,#2105,.T.);
#3369=ORIENTED_EDGE('',*,*,#2109,.F.);
#3370=ORIENTED_EDGE('',*,*,#2106,.F.);
#3371=ORIENTED_EDGE('',*,*,#1973,.F.);
#3372=ORIENTED_EDGE('',*,*,#2431,.T.);
#3373=ORIENTED_EDGE('',*,*,#2384,.F.);
#3374=ORIENTED_EDGE('',*,*,#2432,.F.);
#3375=ORIENTED_EDGE('',*,*,#1974,.F.);
#3376=ORIENTED_EDGE('',*,*,#2432,.T.);
#3377=ORIENTED_EDGE('',*,*,#2383,.F.);
#3378=ORIENTED_EDGE('',*,*,#2218,.T.);
#3379=ORIENTED_EDGE('',*,*,#2223,.F.);
#3380=ORIENTED_EDGE('',*,*,#2220,.F.);
#3381=ORIENTED_EDGE('',*,*,#2312,.F.);
#3382=ORIENTED_EDGE('',*,*,#2429,.F.);
#3383=ORIENTED_EDGE('',*,*,#1950,.F.);
#3384=ORIENTED_EDGE('',*,*,#2044,.T.);
#3385=ORIENTED_EDGE('',*,*,#2046,.F.);
#3386=ORIENTED_EDGE('',*,*,#2039,.F.);
#3387=ORIENTED_EDGE('',*,*,#1959,.F.);
#3388=ORIENTED_EDGE('',*,*,#2433,.T.);
#3389=ORIENTED_EDGE('',*,*,#2304,.F.);
#3390=ORIENTED_EDGE('',*,*,#2434,.F.);
#3391=ORIENTED_EDGE('',*,*,#1960,.F.);
#3392=ORIENTED_EDGE('',*,*,#2434,.T.);
#3393=ORIENTED_EDGE('',*,*,#2303,.F.);
#3394=ORIENTED_EDGE('',*,*,#2146,.T.);
#3395=ORIENTED_EDGE('',*,*,#2153,.F.);
#3396=ORIENTED_EDGE('',*,*,#2151,.F.);
#3397=ORIENTED_EDGE('',*,*,#2392,.F.);
#3398=ORIENTED_EDGE('',*,*,#2435,.F.);
#3399=ORIENTED_EDGE('',*,*,#1964,.F.);
#3400=ORIENTED_EDGE('',*,*,#2053,.T.);
#3401=ORIENTED_EDGE('',*,*,#2054,.F.);
#3402=ORIENTED_EDGE('',*,*,#2047,.F.);
#3403=ORIENTED_EDGE('',*,*,#1965,.F.);
#3404=ORIENTED_EDGE('',*,*,#2435,.T.);
#3405=ORIENTED_EDGE('',*,*,#2391,.F.);
#3406=ORIENTED_EDGE('',*,*,#2436,.F.);
#3407=ORIENTED_EDGE('',*,*,#1966,.F.);
#3408=ORIENTED_EDGE('',*,*,#2436,.T.);
#3409=ORIENTED_EDGE('',*,*,#2390,.F.);
#3410=ORIENTED_EDGE('',*,*,#2228,.T.);
#3411=ORIENTED_EDGE('',*,*,#2233,.F.);
#3412=ORIENTED_EDGE('',*,*,#2230,.F.);
#3413=ORIENTED_EDGE('',*,*,#2305,.F.);
#3414=ORIENTED_EDGE('',*,*,#2433,.F.);
#3415=ORIENTED_EDGE('',*,*,#1958,.F.);
#3416=ORIENTED_EDGE('',*,*,#2116,.T.);
#3417=ORIENTED_EDGE('',*,*,#2118,.F.);
#3418=ORIENTED_EDGE('',*,*,#2111,.F.);
#3419=ORIENTED_EDGE('',*,*,#1931,.F.);
#3420=ORIENTED_EDGE('',*,*,#2437,.T.);
#3421=ORIENTED_EDGE('',*,*,#2325,.F.);
#3422=ORIENTED_EDGE('',*,*,#2438,.F.);
#3423=ORIENTED_EDGE('',*,*,#1932,.F.);
#3424=ORIENTED_EDGE('',*,*,#2438,.T.);
#3425=ORIENTED_EDGE('',*,*,#2324,.F.);
#3426=ORIENTED_EDGE('',*,*,#2212,.T.);
#3427=ORIENTED_EDGE('',*,*,#2214,.F.);
#3428=ORIENTED_EDGE('',*,*,#2206,.F.);
#3429=ORIENTED_EDGE('',*,*,#2371,.F.);
#3430=ORIENTED_EDGE('',*,*,#2439,.F.);
#3431=ORIENTED_EDGE('',*,*,#1992,.F.);
#3432=ORIENTED_EDGE('',*,*,#2033,.T.);
#3433=ORIENTED_EDGE('',*,*,#2037,.F.);
#3434=ORIENTED_EDGE('',*,*,#2034,.F.);
#3435=ORIENTED_EDGE('',*,*,#1993,.F.);
#3436=ORIENTED_EDGE('',*,*,#2439,.T.);
#3437=ORIENTED_EDGE('',*,*,#2370,.F.);
#3438=ORIENTED_EDGE('',*,*,#2440,.F.);
#3439=ORIENTED_EDGE('',*,*,#1994,.F.);
#3440=ORIENTED_EDGE('',*,*,#2440,.T.);
#3441=ORIENTED_EDGE('',*,*,#2369,.F.);
#3442=ORIENTED_EDGE('',*,*,#2248,.T.);
#3443=ORIENTED_EDGE('',*,*,#2253,.F.);
#3444=ORIENTED_EDGE('',*,*,#2250,.F.);
#3445=ORIENTED_EDGE('',*,*,#2326,.F.);
#3446=ORIENTED_EDGE('',*,*,#2437,.F.);
#3447=ORIENTED_EDGE('',*,*,#1930,.F.);
#3448=ORIENTED_EDGE('',*,*,#2068,.T.);
#3449=ORIENTED_EDGE('',*,*,#2070,.F.);
#3450=ORIENTED_EDGE('',*,*,#2063,.F.);
#3451=ORIENTED_EDGE('',*,*,#1943,.F.);
#3452=ORIENTED_EDGE('',*,*,#2441,.T.);
#3453=ORIENTED_EDGE('',*,*,#2317,.F.);
#3454=ORIENTED_EDGE('',*,*,#2442,.F.);
#3455=ORIENTED_EDGE('',*,*,#1944,.F.);
#3456=ORIENTED_EDGE('',*,*,#2442,.T.);
#3457=ORIENTED_EDGE('',*,*,#2316,.F.);
#3458=ORIENTED_EDGE('',*,*,#2242,.T.);
#3459=ORIENTED_EDGE('',*,*,#2244,.F.);
#3460=ORIENTED_EDGE('',*,*,#2236,.F.);
#3461=ORIENTED_EDGE('',*,*,#2379,.F.);
#3462=ORIENTED_EDGE('',*,*,#2443,.F.);
#3463=ORIENTED_EDGE('',*,*,#1980,.F.);
#3464=ORIENTED_EDGE('',*,*,#2057,.T.);
#3465=ORIENTED_EDGE('',*,*,#2061,.F.);
#3466=ORIENTED_EDGE('',*,*,#2058,.F.);
#3467=ORIENTED_EDGE('',*,*,#1981,.F.);
#3468=ORIENTED_EDGE('',*,*,#2443,.T.);
#3469=ORIENTED_EDGE('',*,*,#2378,.F.);
#3470=ORIENTED_EDGE('',*,*,#2444,.F.);
#3471=ORIENTED_EDGE('',*,*,#1982,.F.);
#3472=ORIENTED_EDGE('',*,*,#2444,.T.);
#3473=ORIENTED_EDGE('',*,*,#2377,.F.);
#3474=ORIENTED_EDGE('',*,*,#2157,.T.);
#3475=ORIENTED_EDGE('',*,*,#2162,.F.);
#3476=ORIENTED_EDGE('',*,*,#2159,.F.);
#3477=ORIENTED_EDGE('',*,*,#2318,.F.);
#3478=ORIENTED_EDGE('',*,*,#2441,.F.);
#3479=ORIENTED_EDGE('',*,*,#1942,.F.);
#3480=ORIENTED_EDGE('',*,*,#2124,.T.);
#3481=ORIENTED_EDGE('',*,*,#2126,.F.);
#3482=ORIENTED_EDGE('',*,*,#2119,.F.);
#3483=ORIENTED_EDGE('',*,*,#1907,.F.);
#3484=ORIENTED_EDGE('',*,*,#2445,.T.);
#3485=ORIENTED_EDGE('',*,*,#2343,.F.);
#3486=ORIENTED_EDGE('',*,*,#2446,.F.);
#3487=ORIENTED_EDGE('',*,*,#1908,.F.);
#3488=ORIENTED_EDGE('',*,*,#2446,.T.);
#3489=ORIENTED_EDGE('',*,*,#2342,.F.);
#3490=ORIENTED_EDGE('',*,*,#2262,.T.);
#3491=ORIENTED_EDGE('',*,*,#2264,.F.);
#3492=ORIENTED_EDGE('',*,*,#2256,.F.);
#3493=ORIENTED_EDGE('',*,*,#2353,.F.);
#3494=ORIENTED_EDGE('',*,*,#2447,.F.);
#3495=ORIENTED_EDGE('',*,*,#2016,.F.);
#3496=ORIENTED_EDGE('',*,*,#2137,.T.);
#3497=ORIENTED_EDGE('',*,*,#2141,.F.);
#3498=ORIENTED_EDGE('',*,*,#2138,.F.);
#3499=ORIENTED_EDGE('',*,*,#2017,.F.);
#3500=ORIENTED_EDGE('',*,*,#2447,.T.);
#3501=ORIENTED_EDGE('',*,*,#2352,.F.);
#3502=ORIENTED_EDGE('',*,*,#2448,.F.);
#3503=ORIENTED_EDGE('',*,*,#2018,.F.);
#3504=ORIENTED_EDGE('',*,*,#2448,.T.);
#3505=ORIENTED_EDGE('',*,*,#2351,.F.);
#3506=ORIENTED_EDGE('',*,*,#2268,.T.);
#3507=ORIENTED_EDGE('',*,*,#2273,.F.);
#3508=ORIENTED_EDGE('',*,*,#2270,.F.);
#3509=ORIENTED_EDGE('',*,*,#2344,.F.);
#3510=ORIENTED_EDGE('',*,*,#2445,.F.);
#3511=ORIENTED_EDGE('',*,*,#1906,.F.);
#3512=ORIENTED_EDGE('',*,*,#2084,.T.);
#3513=ORIENTED_EDGE('',*,*,#2086,.F.);
#3514=ORIENTED_EDGE('',*,*,#2079,.F.);
#3515=ORIENTED_EDGE('',*,*,#1939,.F.);
#3516=ORIENTED_EDGE('',*,*,#2296,.T.);
#3517=ORIENTED_EDGE('',*,*,#2320,.F.);
#3518=ORIENTED_EDGE('',*,*,#2449,.F.);
#3519=ORIENTED_EDGE('',*,*,#1940,.F.);
#3520=ORIENTED_EDGE('',*,*,#2449,.T.);
#3521=ORIENTED_EDGE('',*,*,#2319,.F.);
#3522=ORIENTED_EDGE('',*,*,#2161,.T.);
#3523=ORIENTED_EDGE('',*,*,#2163,.F.);
#3524=ORIENTED_EDGE('',*,*,#2155,.F.);
#3525=ORIENTED_EDGE('',*,*,#2376,.F.);
#3526=ORIENTED_EDGE('',*,*,#2450,.F.);
#3527=ORIENTED_EDGE('',*,*,#1984,.F.);
#3528=ORIENTED_EDGE('',*,*,#2121,.T.);
#3529=ORIENTED_EDGE('',*,*,#2125,.F.);
#3530=ORIENTED_EDGE('',*,*,#2122,.F.);
#3531=ORIENTED_EDGE('',*,*,#1985,.F.);
#3532=ORIENTED_EDGE('',*,*,#2450,.T.);
#3533=ORIENTED_EDGE('',*,*,#2375,.F.);
#3534=ORIENTED_EDGE('',*,*,#2297,.F.);
#3535=ORIENTED_EDGE('',*,*,#1903,.F.);
#3536=ORIENTED_EDGE('',*,*,#2451,.T.);
#3537=ORIENTED_EDGE('',*,*,#2346,.F.);
#3538=ORIENTED_EDGE('',*,*,#2452,.F.);
#3539=ORIENTED_EDGE('',*,*,#1904,.F.);
#3540=ORIENTED_EDGE('',*,*,#2452,.T.);
#3541=ORIENTED_EDGE('',*,*,#2345,.F.);
#3542=ORIENTED_EDGE('',*,*,#2272,.T.);
#3543=ORIENTED_EDGE('',*,*,#2274,.F.);
#3544=ORIENTED_EDGE('',*,*,#2266,.F.);
#3545=ORIENTED_EDGE('',*,*,#2350,.F.);
#3546=ORIENTED_EDGE('',*,*,#2453,.F.);
#3547=ORIENTED_EDGE('',*,*,#2020,.F.);
#3548=ORIENTED_EDGE('',*,*,#2081,.T.);
#3549=ORIENTED_EDGE('',*,*,#2085,.F.);
#3550=ORIENTED_EDGE('',*,*,#2082,.F.);
#3551=ORIENTED_EDGE('',*,*,#2021,.F.);
#3552=ORIENTED_EDGE('',*,*,#2453,.T.);
#3553=ORIENTED_EDGE('',*,*,#2349,.F.);
#3554=ORIENTED_EDGE('',*,*,#2454,.F.);
#3555=ORIENTED_EDGE('',*,*,#2022,.F.);
#3556=ORIENTED_EDGE('',*,*,#2454,.T.);
#3557=ORIENTED_EDGE('',*,*,#2348,.F.);
#3558=ORIENTED_EDGE('',*,*,#2187,.T.);
#3559=ORIENTED_EDGE('',*,*,#2194,.F.);
#3560=ORIENTED_EDGE('',*,*,#2192,.F.);
#3561=ORIENTED_EDGE('',*,*,#2347,.F.);
#3562=ORIENTED_EDGE('',*,*,#2451,.F.);
#3563=ORIENTED_EDGE('',*,*,#1902,.F.);
#3564=ORIENTED_EDGE('',*,*,#1890,.T.);
#3565=ORIENTED_EDGE('',*,*,#1897,.F.);
#3566=ORIENTED_EDGE('',*,*,#1892,.F.);
#3567=ORIENTED_EDGE('',*,*,#1927,.F.);
#3568=ORIENTED_EDGE('',*,*,#2455,.T.);
#3569=ORIENTED_EDGE('',*,*,#2328,.F.);
#3570=ORIENTED_EDGE('',*,*,#2456,.F.);
#3571=ORIENTED_EDGE('',*,*,#1928,.F.);
#3572=ORIENTED_EDGE('',*,*,#2456,.T.);
#3573=ORIENTED_EDGE('',*,*,#2327,.F.);
#3574=ORIENTED_EDGE('',*,*,#2252,.T.);
#3575=ORIENTED_EDGE('',*,*,#2254,.F.);
#3576=ORIENTED_EDGE('',*,*,#2246,.F.);
#3577=ORIENTED_EDGE('',*,*,#2368,.F.);
#3578=ORIENTED_EDGE('',*,*,#2457,.F.);
#3579=ORIENTED_EDGE('',*,*,#1996,.F.);
#3580=ORIENTED_EDGE('',*,*,#2065,.T.);
#3581=ORIENTED_EDGE('',*,*,#2069,.F.);
#3582=ORIENTED_EDGE('',*,*,#2066,.F.);
#3583=ORIENTED_EDGE('',*,*,#1997,.F.);
#3584=ORIENTED_EDGE('',*,*,#2457,.T.);
#3585=ORIENTED_EDGE('',*,*,#2367,.F.);
#3586=ORIENTED_EDGE('',*,*,#2458,.F.);
#3587=ORIENTED_EDGE('',*,*,#1998,.F.);
#3588=ORIENTED_EDGE('',*,*,#2458,.T.);
#3589=ORIENTED_EDGE('',*,*,#2366,.F.);
#3590=ORIENTED_EDGE('',*,*,#2167,.T.);
#3591=ORIENTED_EDGE('',*,*,#2172,.F.);
#3592=ORIENTED_EDGE('',*,*,#2169,.F.);
#3593=ORIENTED_EDGE('',*,*,#2329,.F.);
#3594=ORIENTED_EDGE('',*,*,#2455,.F.);
#3595=ORIENTED_EDGE('',*,*,#1926,.F.);
#3596=ORIENTED_EDGE('',*,*,#2132,.T.);
#3597=ORIENTED_EDGE('',*,*,#2134,.F.);
#3598=ORIENTED_EDGE('',*,*,#2127,.F.);
#3599=ORIENTED_EDGE('',*,*,#1899,.F.);
#3600=ORIENTED_EDGE('',*,*,#2459,.T.);
#3601=ORIENTED_EDGE('',*,*,#2302,.F.);
#3602=ORIENTED_EDGE('',*,*,#2460,.F.);
#3603=ORIENTED_EDGE('',*,*,#1900,.F.);
#3604=ORIENTED_EDGE('',*,*,#2460,.T.);
#3605=ORIENTED_EDGE('',*,*,#2301,.F.);
#3606=ORIENTED_EDGE('',*,*,#2461,.F.);
#3607=ORIENTED_EDGE('',*,*,#1901,.F.);
#3608=ORIENTED_EDGE('',*,*,#2461,.T.);
#3609=ORIENTED_EDGE('',*,*,#2300,.F.);
#3610=ORIENTED_EDGE('',*,*,#2462,.F.);
#3611=ORIENTED_EDGE('',*,*,#1898,.F.);
#3612=ORIENTED_EDGE('',*,*,#2462,.T.);
#3613=ORIENTED_EDGE('',*,*,#2299,.F.);
#3614=ORIENTED_EDGE('',*,*,#2459,.F.);
#3615=PLANE('',#3961);
#3616=PLANE('',#3962);
#3617=PLANE('',#3963);
#3618=PLANE('',#3964);
#3619=PLANE('',#3965);
#3620=PLANE('',#3966);
#3621=PLANE('',#3967);
#3622=PLANE('',#3968);
#3623=PLANE('',#3969);
#3624=PLANE('',#3970);
#3625=PLANE('',#3971);
#3626=PLANE('',#3972);
#3627=PLANE('',#3973);
#3628=PLANE('',#3974);
#3629=PLANE('',#3975);
#3630=PLANE('',#3976);
#3631=PLANE('',#3977);
#3632=PLANE('',#3978);
#3633=PLANE('',#3979);
#3634=PLANE('',#3980);
#3635=PLANE('',#3981);
#3636=PLANE('',#3982);
#3637=PLANE('',#3983);
#3638=PLANE('',#3984);
#3639=PLANE('',#3985);
#3640=PLANE('',#3986);
#3641=PLANE('',#3987);
#3642=PLANE('',#3988);
#3643=PLANE('',#3989);
#3644=PLANE('',#3990);
#3645=PLANE('',#3991);
#3646=PLANE('',#3992);
#3647=PLANE('',#3993);
#3648=PLANE('',#3994);
#3649=PLANE('',#3995);
#3650=PLANE('',#3996);
#3651=PLANE('',#3997);
#3652=PLANE('',#3998);
#3653=PLANE('',#3999);
#3654=PLANE('',#4000);
#3655=PLANE('',#4001);
#3656=PLANE('',#4002);
#3657=PLANE('',#4003);
#3658=PLANE('',#4004);
#3659=PLANE('',#4005);
#3660=PLANE('',#4006);
#3661=PLANE('',#4007);
#3662=PLANE('',#4008);
#3663=PLANE('',#4009);
#3664=PLANE('',#4010);
#3665=PLANE('',#4011);
#3666=PLANE('',#4012);
#3667=PLANE('',#4013);
#3668=PLANE('',#4014);
#3669=PLANE('',#4015);
#3670=PLANE('',#4016);
#3671=PLANE('',#4017);
#3672=PLANE('',#4018);
#3673=PLANE('',#4019);
#3674=PLANE('',#4020);
#3675=PLANE('',#4021);
#3676=PLANE('',#4022);
#3677=PLANE('',#4023);
#3678=PLANE('',#4024);
#3679=PLANE('',#4025);
#3680=PLANE('',#4026);
#3681=PLANE('',#4027);
#3682=PLANE('',#4028);
#3683=PLANE('',#4029);
#3684=PLANE('',#4030);
#3685=PLANE('',#4031);
#3686=PLANE('',#4032);
#3687=PLANE('',#4033);
#3688=PLANE('',#4034);
#3689=PLANE('',#4035);
#3690=PLANE('',#4036);
#3691=PLANE('',#4037);
#3692=PLANE('',#4038);
#3693=PLANE('',#4039);
#3694=PLANE('',#4040);
#3695=PLANE('',#4041);
#3696=PLANE('',#4042);
#3697=PLANE('',#4043);
#3698=PLANE('',#4044);
#3699=PLANE('',#4045);
#3700=PLANE('',#4046);
#3701=PLANE('',#4047);
#3702=PLANE('',#4048);
#3703=PLANE('',#4049);
#3704=PLANE('',#4050);
#3705=PLANE('',#4051);
#3706=PLANE('',#4052);
#3707=PLANE('',#4053);
#3708=PLANE('',#4054);
#3709=PLANE('',#4055);
#3710=PLANE('',#4056);
#3711=PLANE('',#4057);
#3712=PLANE('',#4058);
#3713=PLANE('',#4059);
#3714=PLANE('',#4060);
#3715=PLANE('',#4061);
#3716=PLANE('',#4062);
#3717=PLANE('',#4063);
#3718=PLANE('',#4064);
#3719=PLANE('',#4065);
#3720=PLANE('',#4066);
#3721=PLANE('',#4067);
#3722=PLANE('',#4068);
#3723=PLANE('',#4069);
#3724=PLANE('',#4070);
#3725=PLANE('',#4071);
#3726=PLANE('',#4072);
#3727=PLANE('',#4073);
#3728=PLANE('',#4074);
#3729=PLANE('',#4075);
#3730=PLANE('',#4076);
#3731=PLANE('',#4077);
#3732=PLANE('',#4078);
#3733=PLANE('',#4079);
#3734=PLANE('',#4080);
#3735=PLANE('',#4081);
#3736=PLANE('',#4082);
#3737=PLANE('',#4083);
#3738=PLANE('',#4084);
#3739=PLANE('',#4085);
#3740=PLANE('',#4086);
#3741=PLANE('',#4087);
#3742=PLANE('',#4088);
#3743=PLANE('',#4089);
#3744=PLANE('',#4090);
#3745=PLANE('',#4091);
#3746=PLANE('',#4092);
#3747=PLANE('',#4093);
#3748=PLANE('',#4094);
#3749=PLANE('',#4095);
#3750=PLANE('',#4096);
#3751=PLANE('',#4097);
#3752=PLANE('',#4098);
#3753=PLANE('',#4099);
#3754=PLANE('',#4100);
#3755=PLANE('',#4101);
#3756=PLANE('',#4102);
#3757=PLANE('',#4103);
#3758=PLANE('',#4104);
#3759=PLANE('',#4105);
#3760=PLANE('',#4106);
#3761=PLANE('',#4107);
#3762=PLANE('',#4108);
#3763=PLANE('',#4109);
#3764=PLANE('',#4110);
#3765=PLANE('',#4111);
#3766=PLANE('',#4112);
#3767=PLANE('',#4113);
#3768=PLANE('',#4114);
#3769=PLANE('',#4115);
#3770=PLANE('',#4116);
#3771=PLANE('',#4117);
#3772=PLANE('',#4118);
#3773=PLANE('',#4119);
#3774=PLANE('',#4120);
#3775=PLANE('',#4121);
#3776=PLANE('',#4122);
#3777=PLANE('',#4123);
#3778=PLANE('',#4124);
#3779=PLANE('',#4125);
#3780=PLANE('',#4126);
#3781=ADVANCED_FACE('',(#17),#3615,.T.);
#3782=ADVANCED_FACE('',(#18),#3616,.T.);
#3783=ADVANCED_FACE('',(#19),#3617,.T.);
#3784=ADVANCED_FACE('',(#20),#3618,.T.);
#3785=ADVANCED_FACE('',(#21,#15),#3619,.T.);
#3786=ADVANCED_FACE('',(#22),#3620,.T.);
#3787=ADVANCED_FACE('',(#23),#3621,.T.);
#3788=ADVANCED_FACE('',(#24),#3622,.T.);
#3789=ADVANCED_FACE('',(#25),#3623,.T.);
#3790=ADVANCED_FACE('',(#26),#3624,.T.);
#3791=ADVANCED_FACE('',(#27),#3625,.T.);
#3792=ADVANCED_FACE('',(#28),#3626,.T.);
#3793=ADVANCED_FACE('',(#29),#3627,.T.);
#3794=ADVANCED_FACE('',(#30),#3628,.T.);
#3795=ADVANCED_FACE('',(#31),#3629,.T.);
#3796=ADVANCED_FACE('',(#32),#3630,.T.);
#3797=ADVANCED_FACE('',(#33),#3631,.T.);
#3798=ADVANCED_FACE('',(#34),#3632,.T.);
#3799=ADVANCED_FACE('',(#35),#3633,.T.);
#3800=ADVANCED_FACE('',(#36),#3634,.T.);
#3801=ADVANCED_FACE('',(#37),#3635,.T.);
#3802=ADVANCED_FACE('',(#38),#3636,.T.);
#3803=ADVANCED_FACE('',(#39),#3637,.T.);
#3804=ADVANCED_FACE('',(#40),#3638,.T.);
#3805=ADVANCED_FACE('',(#41),#3639,.T.);
#3806=ADVANCED_FACE('',(#42),#3640,.T.);
#3807=ADVANCED_FACE('',(#43),#3641,.T.);
#3808=ADVANCED_FACE('',(#44),#3642,.T.);
#3809=ADVANCED_FACE('',(#45),#3643,.T.);
#3810=ADVANCED_FACE('',(#46),#3644,.T.);
#3811=ADVANCED_FACE('',(#47),#3645,.T.);
#3812=ADVANCED_FACE('',(#48),#3646,.T.);
#3813=ADVANCED_FACE('',(#49),#3647,.T.);
#3814=ADVANCED_FACE('',(#50),#3648,.T.);
#3815=ADVANCED_FACE('',(#51),#3649,.T.);
#3816=ADVANCED_FACE('',(#52),#3650,.T.);
#3817=ADVANCED_FACE('',(#53),#3651,.T.);
#3818=ADVANCED_FACE('',(#54),#3652,.T.);
#3819=ADVANCED_FACE('',(#55),#3653,.T.);
#3820=ADVANCED_FACE('',(#56),#3654,.T.);
#3821=ADVANCED_FACE('',(#57),#3655,.T.);
#3822=ADVANCED_FACE('',(#58),#3656,.T.);
#3823=ADVANCED_FACE('',(#59),#3657,.T.);
#3824=ADVANCED_FACE('',(#60),#3658,.T.);
#3825=ADVANCED_FACE('',(#61),#3659,.T.);
#3826=ADVANCED_FACE('',(#62),#3660,.T.);
#3827=ADVANCED_FACE('',(#63),#3661,.T.);
#3828=ADVANCED_FACE('',(#64),#3662,.T.);
#3829=ADVANCED_FACE('',(#65),#3663,.T.);
#3830=ADVANCED_FACE('',(#66),#3664,.T.);
#3831=ADVANCED_FACE('',(#67),#3665,.T.);
#3832=ADVANCED_FACE('',(#68),#3666,.T.);
#3833=ADVANCED_FACE('',(#69),#3667,.T.);
#3834=ADVANCED_FACE('',(#70),#3668,.T.);
#3835=ADVANCED_FACE('',(#71),#3669,.T.);
#3836=ADVANCED_FACE('',(#72),#3670,.T.);
#3837=ADVANCED_FACE('',(#73),#3671,.T.);
#3838=ADVANCED_FACE('',(#74),#3672,.T.);
#3839=ADVANCED_FACE('',(#75),#3673,.T.);
#3840=ADVANCED_FACE('',(#76),#3674,.T.);
#3841=ADVANCED_FACE('',(#77),#3675,.T.);
#3842=ADVANCED_FACE('',(#78),#3676,.T.);
#3843=ADVANCED_FACE('',(#79),#3677,.T.);
#3844=ADVANCED_FACE('',(#80),#3678,.T.);
#3845=ADVANCED_FACE('',(#81),#3679,.T.);
#3846=ADVANCED_FACE('',(#82),#3680,.T.);
#3847=ADVANCED_FACE('',(#83),#3681,.T.);
#3848=ADVANCED_FACE('',(#84),#3682,.T.);
#3849=ADVANCED_FACE('',(#85),#3683,.T.);
#3850=ADVANCED_FACE('',(#86),#3684,.T.);
#3851=ADVANCED_FACE('',(#87),#3685,.T.);
#3852=ADVANCED_FACE('',(#88),#3686,.T.);
#3853=ADVANCED_FACE('',(#89),#3687,.T.);
#3854=ADVANCED_FACE('',(#90),#3688,.T.);
#3855=ADVANCED_FACE('',(#91),#3689,.T.);
#3856=ADVANCED_FACE('',(#92),#3690,.T.);
#3857=ADVANCED_FACE('',(#93),#3691,.T.);
#3858=ADVANCED_FACE('',(#94),#3692,.T.);
#3859=ADVANCED_FACE('',(#95),#3693,.T.);
#3860=ADVANCED_FACE('',(#96),#3694,.T.);
#3861=ADVANCED_FACE('',(#97),#3695,.T.);
#3862=ADVANCED_FACE('',(#98),#3696,.T.);
#3863=ADVANCED_FACE('',(#99),#3697,.T.);
#3864=ADVANCED_FACE('',(#100),#3698,.T.);
#3865=ADVANCED_FACE('',(#101),#3699,.T.);
#3866=ADVANCED_FACE('',(#102),#3700,.T.);
#3867=ADVANCED_FACE('',(#103),#3701,.T.);
#3868=ADVANCED_FACE('',(#104),#3702,.T.);
#3869=ADVANCED_FACE('',(#105),#3703,.T.);
#3870=ADVANCED_FACE('',(#106),#3704,.T.);
#3871=ADVANCED_FACE('',(#107),#3705,.T.);
#3872=ADVANCED_FACE('',(#108),#3706,.T.);
#3873=ADVANCED_FACE('',(#109),#3707,.T.);
#3874=ADVANCED_FACE('',(#110),#3708,.T.);
#3875=ADVANCED_FACE('',(#111),#3709,.T.);
#3876=ADVANCED_FACE('',(#112),#3710,.T.);
#3877=ADVANCED_FACE('',(#113),#3711,.T.);
#3878=ADVANCED_FACE('',(#114),#3712,.T.);
#3879=ADVANCED_FACE('',(#115),#3713,.T.);
#3880=ADVANCED_FACE('',(#116,#16),#3714,.T.);
#3881=ADVANCED_FACE('',(#117),#3715,.T.);
#3882=ADVANCED_FACE('',(#118),#3716,.T.);
#3883=ADVANCED_FACE('',(#119),#3717,.T.);
#3884=ADVANCED_FACE('',(#120),#3718,.T.);
#3885=ADVANCED_FACE('',(#121),#3719,.T.);
#3886=ADVANCED_FACE('',(#122),#3720,.T.);
#3887=ADVANCED_FACE('',(#123),#3721,.T.);
#3888=ADVANCED_FACE('',(#124),#3722,.T.);
#3889=ADVANCED_FACE('',(#125),#3723,.T.);
#3890=ADVANCED_FACE('',(#126),#3724,.T.);
#3891=ADVANCED_FACE('',(#127),#3725,.T.);
#3892=ADVANCED_FACE('',(#128),#3726,.T.);
#3893=ADVANCED_FACE('',(#129),#3727,.T.);
#3894=ADVANCED_FACE('',(#130),#3728,.T.);
#3895=ADVANCED_FACE('',(#131),#3729,.T.);
#3896=ADVANCED_FACE('',(#132),#3730,.T.);
#3897=ADVANCED_FACE('',(#133),#3731,.T.);
#3898=ADVANCED_FACE('',(#134),#3732,.T.);
#3899=ADVANCED_FACE('',(#135),#3733,.T.);
#3900=ADVANCED_FACE('',(#136),#3734,.T.);
#3901=ADVANCED_FACE('',(#137),#3735,.T.);
#3902=ADVANCED_FACE('',(#138),#3736,.T.);
#3903=ADVANCED_FACE('',(#139),#3737,.T.);
#3904=ADVANCED_FACE('',(#140),#3738,.T.);
#3905=ADVANCED_FACE('',(#141),#3739,.T.);
#3906=ADVANCED_FACE('',(#142),#3740,.T.);
#3907=ADVANCED_FACE('',(#143),#3741,.T.);
#3908=ADVANCED_FACE('',(#144),#3742,.T.);
#3909=ADVANCED_FACE('',(#145),#3743,.T.);
#3910=ADVANCED_FACE('',(#146),#3744,.T.);
#3911=ADVANCED_FACE('',(#147),#3745,.T.);
#3912=ADVANCED_FACE('',(#148),#3746,.T.);
#3913=ADVANCED_FACE('',(#149),#3747,.T.);
#3914=ADVANCED_FACE('',(#150),#3748,.T.);
#3915=ADVANCED_FACE('',(#151),#3749,.T.);
#3916=ADVANCED_FACE('',(#152),#3750,.T.);
#3917=ADVANCED_FACE('',(#153),#3751,.T.);
#3918=ADVANCED_FACE('',(#154),#3752,.T.);
#3919=ADVANCED_FACE('',(#155),#3753,.T.);
#3920=ADVANCED_FACE('',(#156),#3754,.T.);
#3921=ADVANCED_FACE('',(#157),#3755,.T.);
#3922=ADVANCED_FACE('',(#158),#3756,.T.);
#3923=ADVANCED_FACE('',(#159),#3757,.T.);
#3924=ADVANCED_FACE('',(#160),#3758,.T.);
#3925=ADVANCED_FACE('',(#161),#3759,.T.);
#3926=ADVANCED_FACE('',(#162),#3760,.T.);
#3927=ADVANCED_FACE('',(#163),#3761,.T.);
#3928=ADVANCED_FACE('',(#164),#3762,.T.);
#3929=ADVANCED_FACE('',(#165),#3763,.T.);
#3930=ADVANCED_FACE('',(#166),#3764,.T.);
#3931=ADVANCED_FACE('',(#167),#3765,.T.);
#3932=ADVANCED_FACE('',(#168),#3766,.T.);
#3933=ADVANCED_FACE('',(#169),#3767,.T.);
#3934=ADVANCED_FACE('',(#170),#3768,.T.);
#3935=ADVANCED_FACE('',(#171),#3769,.T.);
#3936=ADVANCED_FACE('',(#172),#3770,.T.);
#3937=ADVANCED_FACE('',(#173),#3771,.T.);
#3938=ADVANCED_FACE('',(#174),#3772,.T.);
#3939=ADVANCED_FACE('',(#175),#3773,.T.);
#3940=ADVANCED_FACE('',(#176),#3774,.T.);
#3941=ADVANCED_FACE('',(#177),#3775,.T.);
#3942=ADVANCED_FACE('',(#178),#3776,.T.);
#3943=ADVANCED_FACE('',(#179),#3777,.T.);
#3944=ADVANCED_FACE('',(#180),#3778,.T.);
#3945=ADVANCED_FACE('',(#181),#3779,.T.);
#3946=ADVANCED_FACE('',(#182),#3780,.T.);
#3947=CLOSED_SHELL('',(#3781,#3782,#3783,#3784,#3785,#3786,#3787,#3788,
#3789,#3790,#3791,#3792,#3793,#3794,#3795,#3796,#3797,#3798,#3799,#3800,
#3801,#3802,#3803,#3804,#3805,#3806,#3807,#3808,#3809,#3810,#3811,#3812,
#3813,#3814,#3815,#3816,#3817,#3818,#3819,#3820,#3821,#3822,#3823,#3824,
#3825,#3826,#3827,#3828,#3829,#3830,#3831,#3832,#3833,#3834,#3835,#3836,
#3837,#3838,#3839,#3840,#3841,#3842,#3843,#3844,#3845,#3846,#3847,#3848,
#3849,#3850,#3851,#3852,#3853,#3854,#3855,#3856,#3857,#3858,#3859,#3860,
#3861,#3862,#3863,#3864,#3865,#3866,#3867,#3868,#3869,#3870,#3871,#3872,
#3873,#3874,#3875,#3876,#3877,#3878,#3879,#3880,#3881,#3882,#3883,#3884,
#3885,#3886,#3887,#3888,#3889,#3890,#3891,#3892,#3893,#3894,#3895,#3896,
#3897,#3898,#3899,#3900,#3901,#3902,#3903,#3904,#3905,#3906,#3907,#3908,
#3909,#3910,#3911,#3912,#3913,#3914,#3915,#3916,#3917,#3918,#3919,#3920,
#3921,#3922,#3923,#3924,#3925,#3926,#3927,#3928,#3929,#3930,#3931,#3932,
#3933,#3934,#3935,#3936,#3937,#3938,#3939,#3940,#3941,#3942,#3943,#3944,
#3945,#3946));
#3948=DERIVED_UNIT_ELEMENT(#3950,1.);
#3949=DERIVED_UNIT_ELEMENT(#6169,-3.);
#3950=(
MASS_UNIT()
NAMED_UNIT(*)
SI_UNIT(.KILO.,.GRAM.)
);
#3951=DERIVED_UNIT((#3948,#3949));
#3952=MEASURE_REPRESENTATION_ITEM('density measure',
POSITIVE_RATIO_MEASURE(7850.),#3951);
#3953=PROPERTY_DEFINITION_REPRESENTATION(#3958,#3955);
#3954=PROPERTY_DEFINITION_REPRESENTATION(#3959,#3956);
#3955=REPRESENTATION('material name',(#3957),#6166);
#3956=REPRESENTATION('density',(#3952),#6166);
#3957=DESCRIPTIVE_REPRESENTATION_ITEM('\X2\92FC\X0\','\X2\92FC\X0\');
#3958=PROPERTY_DEFINITION('material property','material name',#6176);
#3959=PROPERTY_DEFINITION('material property','density of part',#6176);
#3960=AXIS2_PLACEMENT_3D('',#5037,#4127,#4128);
#3961=AXIS2_PLACEMENT_3D('',#5038,#4129,#4130);
#3962=AXIS2_PLACEMENT_3D('',#5047,#4135,#4136);
#3963=AXIS2_PLACEMENT_3D('',#5056,#4141,#4142);
#3964=AXIS2_PLACEMENT_3D('',#5059,#4145,#4146);
#3965=AXIS2_PLACEMENT_3D('',#5061,#4148,#4149);
#3966=AXIS2_PLACEMENT_3D('',#5311,#4275,#4276);
#3967=AXIS2_PLACEMENT_3D('',#5317,#4280,#4281);
#3968=AXIS2_PLACEMENT_3D('',#5323,#4285,#4286);
#3969=AXIS2_PLACEMENT_3D('',#5326,#4289,#4290);
#3970=AXIS2_PLACEMENT_3D('',#5332,#4294,#4295);
#3971=AXIS2_PLACEMENT_3D('',#5338,#4299,#4300);
#3972=AXIS2_PLACEMENT_3D('',#5341,#4303,#4304);
#3973=AXIS2_PLACEMENT_3D('',#5347,#4308,#4309);
#3974=AXIS2_PLACEMENT_3D('',#5353,#4313,#4314);
#3975=AXIS2_PLACEMENT_3D('',#5356,#4317,#4318);
#3976=AXIS2_PLACEMENT_3D('',#5362,#4322,#4323);
#3977=AXIS2_PLACEMENT_3D('',#5366,#4326,#4327);
#3978=AXIS2_PLACEMENT_3D('',#5370,#4330,#4331);
#3979=AXIS2_PLACEMENT_3D('',#5372,#4333,#4334);
#3980=AXIS2_PLACEMENT_3D('',#5378,#4338,#4339);
#3981=AXIS2_PLACEMENT_3D('',#5384,#4343,#4344);
#3982=AXIS2_PLACEMENT_3D('',#5387,#4347,#4348);
#3983=AXIS2_PLACEMENT_3D('',#5393,#4352,#4353);
#3984=AXIS2_PLACEMENT_3D('',#5399,#4357,#4358);
#3985=AXIS2_PLACEMENT_3D('',#5402,#4361,#4362);
#3986=AXIS2_PLACEMENT_3D('',#5408,#4366,#4367);
#3987=AXIS2_PLACEMENT_3D('',#5414,#4371,#4372);
#3988=AXIS2_PLACEMENT_3D('',#5417,#4375,#4376);
#3989=AXIS2_PLACEMENT_3D('',#5423,#4380,#4381);
#3990=AXIS2_PLACEMENT_3D('',#5429,#4385,#4386);
#3991=AXIS2_PLACEMENT_3D('',#5432,#4389,#4390);
#3992=AXIS2_PLACEMENT_3D('',#5438,#4394,#4395);
#3993=AXIS2_PLACEMENT_3D('',#5444,#4399,#4400);
#3994=AXIS2_PLACEMENT_3D('',#5447,#4403,#4404);
#3995=AXIS2_PLACEMENT_3D('',#5453,#4408,#4409);
#3996=AXIS2_PLACEMENT_3D('',#5459,#4413,#4414);
#3997=AXIS2_PLACEMENT_3D('',#5462,#4417,#4418);
#3998=AXIS2_PLACEMENT_3D('',#5468,#4422,#4423);
#3999=AXIS2_PLACEMENT_3D('',#5474,#4427,#4428);
#4000=AXIS2_PLACEMENT_3D('',#5477,#4431,#4432);
#4001=AXIS2_PLACEMENT_3D('',#5483,#4436,#4437);
#4002=AXIS2_PLACEMENT_3D('',#5489,#4441,#4442);
#4003=AXIS2_PLACEMENT_3D('',#5492,#4445,#4446);
#4004=AXIS2_PLACEMENT_3D('',#5498,#4450,#4451);
#4005=AXIS2_PLACEMENT_3D('',#5504,#4455,#4456);
#4006=AXIS2_PLACEMENT_3D('',#5507,#4459,#4460);
#4007=AXIS2_PLACEMENT_3D('',#5513,#4464,#4465);
#4008=AXIS2_PLACEMENT_3D('',#5519,#4469,#4470);
#4009=AXIS2_PLACEMENT_3D('',#5522,#4473,#4474);
#4010=AXIS2_PLACEMENT_3D('',#5528,#4478,#4479);
#4011=AXIS2_PLACEMENT_3D('',#5534,#4483,#4484);
#4012=AXIS2_PLACEMENT_3D('',#5537,#4487,#4488);
#4013=AXIS2_PLACEMENT_3D('',#5546,#4493,#4494);
#4014=AXIS2_PLACEMENT_3D('',#5552,#4498,#4499);
#4015=AXIS2_PLACEMENT_3D('',#5558,#4503,#4504);
#4016=AXIS2_PLACEMENT_3D('',#5560,#4506,#4507);
#4017=AXIS2_PLACEMENT_3D('',#5569,#4512,#4513);
#4018=AXIS2_PLACEMENT_3D('',#5578,#4518,#4519);
#4019=AXIS2_PLACEMENT_3D('',#5581,#4522,#4523);
#4020=AXIS2_PLACEMENT_3D('',#5590,#4528,#4529);
#4021=AXIS2_PLACEMENT_3D('',#5599,#4534,#4535);
#4022=AXIS2_PLACEMENT_3D('',#5602,#4538,#4539);
#4023=AXIS2_PLACEMENT_3D('',#5611,#4544,#4545);
#4024=AXIS2_PLACEMENT_3D('',#5620,#4550,#4551);
#4025=AXIS2_PLACEMENT_3D('',#5623,#4554,#4555);
#4026=AXIS2_PLACEMENT_3D('',#5632,#4560,#4561);
#4027=AXIS2_PLACEMENT_3D('',#5638,#4565,#4566);
#4028=AXIS2_PLACEMENT_3D('',#5644,#4570,#4571);
#4029=AXIS2_PLACEMENT_3D('',#5646,#4573,#4574);
#4030=AXIS2_PLACEMENT_3D('',#5655,#4579,#4580);
#4031=AXIS2_PLACEMENT_3D('',#5664,#4585,#4586);
#4032=AXIS2_PLACEMENT_3D('',#5667,#4589,#4590);
#4033=AXIS2_PLACEMENT_3D('',#5676,#4595,#4596);
#4034=AXIS2_PLACEMENT_3D('',#5685,#4601,#4602);
#4035=AXIS2_PLACEMENT_3D('',#5688,#4605,#4606);
#4036=AXIS2_PLACEMENT_3D('',#5697,#4611,#4612);
#4037=AXIS2_PLACEMENT_3D('',#5706,#4617,#4618);
#4038=AXIS2_PLACEMENT_3D('',#5709,#4621,#4622);
#4039=AXIS2_PLACEMENT_3D('',#5718,#4627,#4628);
#4040=AXIS2_PLACEMENT_3D('',#5727,#4633,#4634);
#4041=AXIS2_PLACEMENT_3D('',#5730,#4637,#4638);
#4042=AXIS2_PLACEMENT_3D('',#5739,#4643,#4644);
#4043=AXIS2_PLACEMENT_3D('',#5748,#4649,#4650);
#4044=AXIS2_PLACEMENT_3D('',#5751,#4653,#4654);
#4045=AXIS2_PLACEMENT_3D('',#5760,#4659,#4660);
#4046=AXIS2_PLACEMENT_3D('',#5769,#4665,#4666);
#4047=AXIS2_PLACEMENT_3D('',#5772,#4669,#4670);
#4048=AXIS2_PLACEMENT_3D('',#5781,#4675,#4676);
#4049=AXIS2_PLACEMENT_3D('',#5790,#4681,#4682);
#4050=AXIS2_PLACEMENT_3D('',#5793,#4685,#4686);
#4051=AXIS2_PLACEMENT_3D('',#5802,#4691,#4692);
#4052=AXIS2_PLACEMENT_3D('',#5811,#4697,#4698);
#4053=AXIS2_PLACEMENT_3D('',#5814,#4701,#4702);
#4054=AXIS2_PLACEMENT_3D('',#5823,#4707,#4708);
#4055=AXIS2_PLACEMENT_3D('',#5832,#4713,#4714);
#4056=AXIS2_PLACEMENT_3D('',#5835,#4717,#4718);
#4057=AXIS2_PLACEMENT_3D('',#5844,#4723,#4724);
#4058=AXIS2_PLACEMENT_3D('',#5853,#4729,#4730);
#4059=AXIS2_PLACEMENT_3D('',#5856,#4733,#4734);
#4060=AXIS2_PLACEMENT_3D('',#5863,#4739,#4740);
#4061=AXIS2_PLACEMENT_3D('',#6024,#4835,#4836);
#4062=AXIS2_PLACEMENT_3D('',#6027,#4839,#4840);
#4063=AXIS2_PLACEMENT_3D('',#6033,#4844,#4845);
#4064=AXIS2_PLACEMENT_3D('',#6039,#4849,#4850);
#4065=AXIS2_PLACEMENT_3D('',#6042,#4853,#4854);
#4066=AXIS2_PLACEMENT_3D('',#6045,#4857,#4858);
#4067=AXIS2_PLACEMENT_3D('',#6047,#4860,#4861);
#4068=AXIS2_PLACEMENT_3D('',#6049,#4863,#4864);
#4069=AXIS2_PLACEMENT_3D('',#6050,#4865,#4866);
#4070=AXIS2_PLACEMENT_3D('',#6053,#4869,#4870);
#4071=AXIS2_PLACEMENT_3D('',#6055,#4872,#4873);
#4072=AXIS2_PLACEMENT_3D('',#6057,#4875,#4876);
#4073=AXIS2_PLACEMENT_3D('',#6058,#4877,#4878);
#4074=AXIS2_PLACEMENT_3D('',#6061,#4881,#4882);
#4075=AXIS2_PLACEMENT_3D('',#6063,#4884,#4885);
#4076=AXIS2_PLACEMENT_3D('',#6065,#4887,#4888);
#4077=AXIS2_PLACEMENT_3D('',#6066,#4889,#4890);
#4078=AXIS2_PLACEMENT_3D('',#6069,#4893,#4894);
#4079=AXIS2_PLACEMENT_3D('',#6071,#4896,#4897);
#4080=AXIS2_PLACEMENT_3D('',#6073,#4899,#4900);
#4081=AXIS2_PLACEMENT_3D('',#6074,#4901,#4902);
#4082=AXIS2_PLACEMENT_3D('',#6077,#4905,#4906);
#4083=AXIS2_PLACEMENT_3D('',#6079,#4908,#4909);
#4084=AXIS2_PLACEMENT_3D('',#6081,#4911,#4912);
#4085=AXIS2_PLACEMENT_3D('',#6082,#4913,#4914);
#4086=AXIS2_PLACEMENT_3D('',#6085,#4917,#4918);
#4087=AXIS2_PLACEMENT_3D('',#6087,#4920,#4921);
#4088=AXIS2_PLACEMENT_3D('',#6089,#4923,#4924);
#4089=AXIS2_PLACEMENT_3D('',#6090,#4925,#4926);
#4090=AXIS2_PLACEMENT_3D('',#6092,#4928,#4929);
#4091=AXIS2_PLACEMENT_3D('',#6094,#4931,#4932);
#4092=AXIS2_PLACEMENT_3D('',#6095,#4933,#4934);
#4093=AXIS2_PLACEMENT_3D('',#6098,#4937,#4938);
#4094=AXIS2_PLACEMENT_3D('',#6100,#4940,#4941);
#4095=AXIS2_PLACEMENT_3D('',#6102,#4943,#4944);
#4096=AXIS2_PLACEMENT_3D('',#6103,#4945,#4946);
#4097=AXIS2_PLACEMENT_3D('',#6106,#4949,#4950);
#4098=AXIS2_PLACEMENT_3D('',#6108,#4952,#4953);
#4099=AXIS2_PLACEMENT_3D('',#6110,#4955,#4956);
#4100=AXIS2_PLACEMENT_3D('',#6111,#4957,#4958);
#4101=AXIS2_PLACEMENT_3D('',#6114,#4961,#4962);
#4102=AXIS2_PLACEMENT_3D('',#6116,#4964,#4965);
#4103=AXIS2_PLACEMENT_3D('',#6118,#4967,#4968);
#4104=AXIS2_PLACEMENT_3D('',#6119,#4969,#4970);
#4105=AXIS2_PLACEMENT_3D('',#6122,#4973,#4974);
#4106=AXIS2_PLACEMENT_3D('',#6124,#4976,#4977);
#4107=AXIS2_PLACEMENT_3D('',#6126,#4979,#4980);
#4108=AXIS2_PLACEMENT_3D('',#6127,#4981,#4982);
#4109=AXIS2_PLACEMENT_3D('',#6130,#4985,#4986);
#4110=AXIS2_PLACEMENT_3D('',#6132,#4988,#4989);
#4111=AXIS2_PLACEMENT_3D('',#6134,#4991,#4992);
#4112=AXIS2_PLACEMENT_3D('',#6135,#4993,#4994);
#4113=AXIS2_PLACEMENT_3D('',#6137,#4996,#4997);
#4114=AXIS2_PLACEMENT_3D('',#6139,#4999,#5000);
#4115=AXIS2_PLACEMENT_3D('',#6140,#5001,#5002);
#4116=AXIS2_PLACEMENT_3D('',#6143,#5005,#5006);
#4117=AXIS2_PLACEMENT_3D('',#6145,#5008,#5009);
#4118=AXIS2_PLACEMENT_3D('',#6147,#5011,#5012);
#4119=AXIS2_PLACEMENT_3D('',#6148,#5013,#5014);
#4120=AXIS2_PLACEMENT_3D('',#6151,#5017,#5018);
#4121=AXIS2_PLACEMENT_3D('',#6153,#5020,#5021);
#4122=AXIS2_PLACEMENT_3D('',#6155,#5023,#5024);
#4123=AXIS2_PLACEMENT_3D('',#6156,#5025,#5026);
#4124=AXIS2_PLACEMENT_3D('',#6159,#5029,#5030);
#4125=AXIS2_PLACEMENT_3D('',#6161,#5032,#5033);
#4126=AXIS2_PLACEMENT_3D('',#6163,#5035,#5036);
#4127=DIRECTION('axis',(0.,0.,1.));
#4128=DIRECTION('refdir',(1.,0.,0.));
#4129=DIRECTION('center_axis',(1.,0.,0.));
#4130=DIRECTION('ref_axis',(0.,1.,0.));
#4131=DIRECTION('',(0.,-1.,0.));
#4132=DIRECTION('',(0.,0.,1.));
#4133=DIRECTION('',(0.,1.,0.));
#4134=DIRECTION('',(0.,0.,1.));
#4135=DIRECTION('center_axis',(-1.,0.,0.));
#4136=DIRECTION('ref_axis',(0.,-1.,0.));
#4137=DIRECTION('',(0.,1.,0.));
#4138=DIRECTION('',(0.,0.,1.));
#4139=DIRECTION('',(0.,-1.,0.));
#4140=DIRECTION('',(0.,0.,1.));
#4141=DIRECTION('center_axis',(0.,1.,0.));
#4142=DIRECTION('ref_axis',(-1.,0.,0.));
#4143=DIRECTION('',(1.,0.,0.));
#4144=DIRECTION('',(-1.,0.,0.));
#4145=DIRECTION('center_axis',(0.,0.,1.));
#4146=DIRECTION('ref_axis',(1.,0.,0.));
#4147=DIRECTION('',(1.,0.,0.));
#4148=DIRECTION('center_axis',(0.,0.,1.));
#4149=DIRECTION('ref_axis',(1.,0.,0.));
#4150=DIRECTION('',(0.,-1.,0.));
#4151=DIRECTION('',(1.,0.,0.));
#4152=DIRECTION('',(0.,1.,0.));
#4153=DIRECTION('',(-1.,0.,0.));
#4154=DIRECTION('',(1.,0.,0.));
#4155=DIRECTION('',(0.,-1.,0.));
#4156=DIRECTION('',(-1.,0.,0.));
#4157=DIRECTION('',(0.,-1.,0.));
#4158=DIRECTION('',(1.,0.,0.));
#4159=DIRECTION('',(0.,-1.,0.));
#4160=DIRECTION('',(-1.,0.,0.));
#4161=DIRECTION('',(0.,-1.,0.));
#4162=DIRECTION('',(1.,0.,0.));
#4163=DIRECTION('',(0.,-1.,0.));
#4164=DIRECTION('',(-1.,0.,0.));
#4165=DIRECTION('',(0.,-1.,0.));
#4166=DIRECTION('',(1.,0.,0.));
#4167=DIRECTION('',(0.,-1.,0.));
#4168=DIRECTION('',(-1.,0.,0.));
#4169=DIRECTION('',(0.,-1.,0.));
#4170=DIRECTION('',(1.,0.,0.));
#4171=DIRECTION('',(0.,-1.,0.));
#4172=DIRECTION('',(-1.,0.,0.));
#4173=DIRECTION('',(0.,-1.,0.));
#4174=DIRECTION('',(1.,0.,0.));
#4175=DIRECTION('',(0.,-1.,0.));
#4176=DIRECTION('',(-1.,0.,0.));
#4177=DIRECTION('',(0.,-1.,0.));
#4178=DIRECTION('',(1.,0.,0.));
#4179=DIRECTION('',(0.,-1.,0.));
#4180=DIRECTION('',(-1.,0.,0.));
#4181=DIRECTION('',(0.,-1.,0.));
#4182=DIRECTION('',(1.,0.,0.));
#4183=DIRECTION('',(0.,-1.,0.));
#4184=DIRECTION('',(-1.,0.,0.));
#4185=DIRECTION('',(0.,-1.,0.));
#4186=DIRECTION('',(1.,0.,0.));
#4187=DIRECTION('',(0.,-1.,0.));
#4188=DIRECTION('',(-1.,0.,0.));
#4189=DIRECTION('',(0.,-1.,0.));
#4190=DIRECTION('',(1.,0.,0.));
#4191=DIRECTION('',(0.,-1.,0.));
#4192=DIRECTION('',(-1.,0.,0.));
#4193=DIRECTION('',(0.,-1.,0.));
#4194=DIRECTION('',(1.,0.,0.));
#4195=DIRECTION('',(0.,-1.,0.));
#4196=DIRECTION('',(-1.,0.,0.));
#4197=DIRECTION('',(0.,-1.,0.));
#4198=DIRECTION('',(1.,0.,0.));
#4199=DIRECTION('',(0.,-1.,0.));
#4200=DIRECTION('',(-1.,0.,0.));
#4201=DIRECTION('',(0.,-1.,0.));
#4202=DIRECTION('',(1.,0.,0.));
#4203=DIRECTION('',(0.,-1.,0.));
#4204=DIRECTION('',(-1.,0.,0.));
#4205=DIRECTION('',(0.,-1.,0.));
#4206=DIRECTION('',(1.,0.,0.));
#4207=DIRECTION('',(0.,-1.,0.));
#4208=DIRECTION('',(-1.,0.,0.));
#4209=DIRECTION('',(0.,-1.,0.));
#4210=DIRECTION('',(1.,0.,0.));
#4211=DIRECTION('',(0.,-1.,0.));
#4212=DIRECTION('',(-1.,0.,0.));
#4213=DIRECTION('',(0.,-1.,0.));
#4214=DIRECTION('',(-1.,0.,0.));
#4215=DIRECTION('',(0.,1.,0.));
#4216=DIRECTION('',(-1.,0.,0.));
#4217=DIRECTION('',(-3.50892232814525E-18,1.,0.));
#4218=DIRECTION('',(1.,0.,0.));
#4219=DIRECTION('',(0.,1.,0.));
#4220=DIRECTION('',(-1.,0.,0.));
#4221=DIRECTION('',(-3.50892232814525E-18,1.,0.));
#4222=DIRECTION('',(1.,0.,0.));
#4223=DIRECTION('',(0.,1.,0.));
#4224=DIRECTION('',(-1.,0.,0.));
#4225=DIRECTION('',(-3.50892232814525E-18,1.,0.));
#4226=DIRECTION('',(1.,0.,0.));
#4227=DIRECTION('',(0.,1.,0.));
#4228=DIRECTION('',(-1.,0.,0.));
#4229=DIRECTION('',(-3.50892232814525E-18,1.,0.));
#4230=DIRECTION('',(1.,0.,0.));
#4231=DIRECTION('',(0.,1.,0.));
#4232=DIRECTION('',(-1.,0.,0.));
#4233=DIRECTION('',(-3.50892232814525E-18,1.,0.));
#4234=DIRECTION('',(1.,0.,0.));
#4235=DIRECTION('',(0.,1.,0.));
#4236=DIRECTION('',(-1.,0.,0.));
#4237=DIRECTION('',(-3.50892232814525E-18,1.,0.));
#4238=DIRECTION('',(1.,0.,0.));
#4239=DIRECTION('',(0.,1.,0.));
#4240=DIRECTION('',(-1.,0.,0.));
#4241=DIRECTION('',(-3.50892232814525E-18,1.,0.));
#4242=DIRECTION('',(1.,0.,0.));
#4243=DIRECTION('',(0.,1.,0.));
#4244=DIRECTION('',(-1.,0.,0.));
#4245=DIRECTION('',(-3.50892232814525E-18,1.,0.));
#4246=DIRECTION('',(1.,0.,0.));
#4247=DIRECTION('',(0.,1.,0.));
#4248=DIRECTION('',(-1.,0.,0.));
#4249=DIRECTION('',(-3.50892232814525E-18,1.,0.));
#4250=DIRECTION('',(1.,0.,0.));
#4251=DIRECTION('',(0.,1.,0.));
#4252=DIRECTION('',(-1.,0.,0.));
#4253=DIRECTION('',(-3.50892232814525E-18,1.,0.));
#4254=DIRECTION('',(1.,0.,0.));
#4255=DIRECTION('',(0.,1.,0.));
#4256=DIRECTION('',(-1.,0.,0.));
#4257=DIRECTION('',(-3.50892232814525E-18,1.,0.));
#4258=DIRECTION('',(1.,0.,0.));
#4259=DIRECTION('',(0.,1.,0.));
#4260=DIRECTION('',(-1.,0.,0.));
#4261=DIRECTION('',(-3.50892232814525E-18,1.,0.));
#4262=DIRECTION('',(1.,0.,0.));
#4263=DIRECTION('',(0.,1.,0.));
#4264=DIRECTION('',(-1.,0.,0.));
#4265=DIRECTION('',(-3.50892232814525E-18,1.,0.));
#4266=DIRECTION('',(1.,0.,0.));
#4267=DIRECTION('',(0.,1.,0.));
#4268=DIRECTION('',(-1.,0.,0.));
#4269=DIRECTION('',(-3.50892232814525E-18,1.,0.));
#4270=DIRECTION('',(1.,0.,0.));
#4271=DIRECTION('',(0.,1.,0.));
#4272=DIRECTION('',(-1.,0.,0.));
#4273=DIRECTION('',(-3.50892232814525E-18,1.,0.));
#4274=DIRECTION('',(1.,0.,0.));
#4275=DIRECTION('center_axis',(-1.,0.,0.));
#4276=DIRECTION('ref_axis',(0.,-1.,0.));
#4277=DIRECTION('',(0.,0.,1.));
#4278=DIRECTION('',(0.,-1.,0.));
#4279=DIRECTION('',(0.,0.,1.));
#4280=DIRECTION('center_axis',(1.,0.,0.));
#4281=DIRECTION('ref_axis',(0.,1.,0.));
#4282=DIRECTION('',(0.,0.,1.));
#4283=DIRECTION('',(0.,1.,0.));
#4284=DIRECTION('',(0.,0.,1.));
#4285=DIRECTION('center_axis',(0.,0.,1.));
#4286=DIRECTION('ref_axis',(1.,0.,0.));
#4287=DIRECTION('',(-1.,0.,0.));
#4288=DIRECTION('',(1.,0.,0.));
#4289=DIRECTION('center_axis',(-1.,0.,0.));
#4290=DIRECTION('ref_axis',(0.,-1.,0.));
#4291=DIRECTION('',(0.,0.,1.));
#4292=DIRECTION('',(0.,-1.,0.));
#4293=DIRECTION('',(0.,0.,1.));
#4294=DIRECTION('center_axis',(1.,0.,0.));
#4295=DIRECTION('ref_axis',(0.,1.,0.));
#4296=DIRECTION('',(0.,0.,1.));
#4297=DIRECTION('',(0.,1.,0.));
#4298=DIRECTION('',(0.,0.,1.));
#4299=DIRECTION('center_axis',(0.,0.,1.));
#4300=DIRECTION('ref_axis',(1.,0.,0.));
#4301=DIRECTION('',(-1.,0.,0.));
#4302=DIRECTION('',(1.,0.,0.));
#4303=DIRECTION('center_axis',(-1.,0.,0.));
#4304=DIRECTION('ref_axis',(0.,-1.,0.));
#4305=DIRECTION('',(0.,0.,1.));
#4306=DIRECTION('',(0.,-1.,0.));
#4307=DIRECTION('',(0.,0.,1.));
#4308=DIRECTION('center_axis',(1.,0.,0.));
#4309=DIRECTION('ref_axis',(0.,1.,0.));
#4310=DIRECTION('',(0.,0.,1.));
#4311=DIRECTION('',(0.,1.,0.));
#4312=DIRECTION('',(0.,0.,1.));
#4313=DIRECTION('center_axis',(0.,0.,1.));
#4314=DIRECTION('ref_axis',(1.,0.,0.));
#4315=DIRECTION('',(-1.,0.,0.));
#4316=DIRECTION('',(1.,0.,0.));
#4317=DIRECTION('center_axis',(1.,0.,0.));
#4318=DIRECTION('ref_axis',(0.,1.,0.));
#4319=DIRECTION('',(0.,0.,1.));
#4320=DIRECTION('',(0.,1.,0.));
#4321=DIRECTION('',(0.,0.,1.));
#4322=DIRECTION('center_axis',(0.,-1.,0.));
#4323=DIRECTION('ref_axis',(1.,0.,0.));
#4324=DIRECTION('',(1.,0.,0.));
#4325=DIRECTION('',(0.,0.,1.));
#4326=DIRECTION('center_axis',(-1.,0.,0.));
#4327=DIRECTION('ref_axis',(0.,-1.,0.));
#4328=DIRECTION('',(0.,-1.,0.));
#4329=DIRECTION('',(0.,0.,1.));
#4330=DIRECTION('center_axis',(0.,0.,1.));
#4331=DIRECTION('ref_axis',(1.,0.,0.));
#4332=DIRECTION('',(-1.,0.,0.));
#4333=DIRECTION('center_axis',(-1.,0.,0.));
#4334=DIRECTION('ref_axis',(0.,-1.,0.));
#4335=DIRECTION('',(0.,0.,1.));
#4336=DIRECTION('',(0.,-1.,0.));
#4337=DIRECTION('',(0.,0.,1.));
#4338=DIRECTION('center_axis',(1.,0.,0.));
#4339=DIRECTION('ref_axis',(0.,1.,0.));
#4340=DIRECTION('',(0.,0.,1.));
#4341=DIRECTION('',(0.,1.,0.));
#4342=DIRECTION('',(0.,0.,1.));
#4343=DIRECTION('center_axis',(0.,0.,1.));
#4344=DIRECTION('ref_axis',(1.,0.,0.));
#4345=DIRECTION('',(-1.,0.,0.));
#4346=DIRECTION('',(1.,0.,0.));
#4347=DIRECTION('center_axis',(-1.,0.,0.));
#4348=DIRECTION('ref_axis',(0.,-1.,0.));
#4349=DIRECTION('',(0.,0.,1.));
#4350=DIRECTION('',(0.,-1.,0.));
#4351=DIRECTION('',(0.,0.,1.));
#4352=DIRECTION('center_axis',(1.,0.,0.));
#4353=DIRECTION('ref_axis',(0.,1.,0.));
#4354=DIRECTION('',(0.,0.,1.));
#4355=DIRECTION('',(0.,1.,0.));
#4356=DIRECTION('',(0.,0.,1.));
#4357=DIRECTION('center_axis',(0.,0.,1.));
#4358=DIRECTION('ref_axis',(1.,0.,0.));
#4359=DIRECTION('',(-1.,0.,0.));
#4360=DIRECTION('',(1.,0.,0.));
#4361=DIRECTION('center_axis',(-1.,0.,0.));
#4362=DIRECTION('ref_axis',(0.,-1.,0.));
#4363=DIRECTION('',(0.,0.,1.));
#4364=DIRECTION('',(0.,-1.,0.));
#4365=DIRECTION('',(0.,0.,1.));
#4366=DIRECTION('center_axis',(1.,0.,0.));
#4367=DIRECTION('ref_axis',(0.,1.,0.));
#4368=DIRECTION('',(0.,0.,1.));
#4369=DIRECTION('',(0.,1.,0.));
#4370=DIRECTION('',(0.,0.,1.));
#4371=DIRECTION('center_axis',(0.,0.,1.));
#4372=DIRECTION('ref_axis',(1.,0.,0.));
#4373=DIRECTION('',(-1.,0.,0.));
#4374=DIRECTION('',(1.,0.,0.));
#4375=DIRECTION('center_axis',(-1.,0.,0.));
#4376=DIRECTION('ref_axis',(0.,-1.,0.));
#4377=DIRECTION('',(0.,0.,1.));
#4378=DIRECTION('',(0.,-1.,0.));
#4379=DIRECTION('',(0.,0.,1.));
#4380=DIRECTION('center_axis',(1.,0.,0.));
#4381=DIRECTION('ref_axis',(0.,1.,0.));
#4382=DIRECTION('',(0.,0.,1.));
#4383=DIRECTION('',(0.,1.,0.));
#4384=DIRECTION('',(0.,0.,1.));
#4385=DIRECTION('center_axis',(0.,0.,1.));
#4386=DIRECTION('ref_axis',(1.,0.,0.));
#4387=DIRECTION('',(-1.,0.,0.));
#4388=DIRECTION('',(1.,0.,0.));
#4389=DIRECTION('center_axis',(-1.,0.,0.));
#4390=DIRECTION('ref_axis',(0.,-1.,0.));
#4391=DIRECTION('',(0.,0.,1.));
#4392=DIRECTION('',(0.,-1.,0.));
#4393=DIRECTION('',(0.,0.,1.));
#4394=DIRECTION('center_axis',(1.,0.,0.));
#4395=DIRECTION('ref_axis',(0.,1.,0.));
#4396=DIRECTION('',(0.,0.,1.));
#4397=DIRECTION('',(0.,1.,0.));
#4398=DIRECTION('',(0.,0.,1.));
#4399=DIRECTION('center_axis',(0.,0.,1.));
#4400=DIRECTION('ref_axis',(1.,0.,0.));
#4401=DIRECTION('',(-1.,0.,0.));
#4402=DIRECTION('',(1.,0.,0.));
#4403=DIRECTION('center_axis',(-1.,0.,0.));
#4404=DIRECTION('ref_axis',(0.,-1.,0.));
#4405=DIRECTION('',(0.,0.,1.));
#4406=DIRECTION('',(0.,-1.,0.));
#4407=DIRECTION('',(0.,0.,1.));
#4408=DIRECTION('center_axis',(1.,0.,0.));
#4409=DIRECTION('ref_axis',(0.,1.,0.));
#4410=DIRECTION('',(0.,0.,1.));
#4411=DIRECTION('',(0.,1.,0.));
#4412=DIRECTION('',(0.,0.,1.));
#4413=DIRECTION('center_axis',(0.,0.,1.));
#4414=DIRECTION('ref_axis',(1.,0.,0.));
#4415=DIRECTION('',(-1.,0.,0.));
#4416=DIRECTION('',(1.,0.,0.));
#4417=DIRECTION('center_axis',(-1.,0.,0.));
#4418=DIRECTION('ref_axis',(0.,-1.,0.));
#4419=DIRECTION('',(0.,0.,1.));
#4420=DIRECTION('',(0.,-1.,0.));
#4421=DIRECTION('',(0.,0.,1.));
#4422=DIRECTION('center_axis',(1.,0.,0.));
#4423=DIRECTION('ref_axis',(0.,1.,0.));
#4424=DIRECTION('',(0.,0.,1.));
#4425=DIRECTION('',(0.,1.,0.));
#4426=DIRECTION('',(0.,0.,1.));
#4427=DIRECTION('center_axis',(0.,0.,1.));
#4428=DIRECTION('ref_axis',(1.,0.,0.));
#4429=DIRECTION('',(-1.,0.,0.));
#4430=DIRECTION('',(1.,0.,0.));
#4431=DIRECTION('center_axis',(-1.,0.,0.));
#4432=DIRECTION('ref_axis',(0.,-1.,0.));
#4433=DIRECTION('',(0.,0.,1.));
#4434=DIRECTION('',(0.,-1.,0.));
#4435=DIRECTION('',(0.,0.,1.));
#4436=DIRECTION('center_axis',(1.,0.,0.));
#4437=DIRECTION('ref_axis',(0.,1.,0.));
#4438=DIRECTION('',(0.,0.,1.));
#4439=DIRECTION('',(0.,1.,0.));
#4440=DIRECTION('',(0.,0.,1.));
#4441=DIRECTION('center_axis',(0.,0.,1.));
#4442=DIRECTION('ref_axis',(1.,0.,0.));
#4443=DIRECTION('',(-1.,0.,0.));
#4444=DIRECTION('',(1.,0.,0.));
#4445=DIRECTION('center_axis',(-1.,0.,0.));
#4446=DIRECTION('ref_axis',(0.,-1.,0.));
#4447=DIRECTION('',(0.,0.,1.));
#4448=DIRECTION('',(0.,-1.,0.));
#4449=DIRECTION('',(0.,0.,1.));
#4450=DIRECTION('center_axis',(1.,0.,0.));
#4451=DIRECTION('ref_axis',(0.,1.,0.));
#4452=DIRECTION('',(0.,0.,1.));
#4453=DIRECTION('',(0.,1.,0.));
#4454=DIRECTION('',(0.,0.,1.));
#4455=DIRECTION('center_axis',(0.,0.,1.));
#4456=DIRECTION('ref_axis',(1.,0.,0.));
#4457=DIRECTION('',(-1.,0.,0.));
#4458=DIRECTION('',(1.,0.,0.));
#4459=DIRECTION('center_axis',(-1.,0.,0.));
#4460=DIRECTION('ref_axis',(0.,-1.,0.));
#4461=DIRECTION('',(0.,0.,1.));
#4462=DIRECTION('',(0.,-1.,0.));
#4463=DIRECTION('',(0.,0.,1.));
#4464=DIRECTION('center_axis',(1.,0.,0.));
#4465=DIRECTION('ref_axis',(0.,1.,0.));
#4466=DIRECTION('',(0.,0.,1.));
#4467=DIRECTION('',(0.,1.,0.));
#4468=DIRECTION('',(0.,0.,1.));
#4469=DIRECTION('center_axis',(0.,0.,1.));
#4470=DIRECTION('ref_axis',(1.,0.,0.));
#4471=DIRECTION('',(-1.,0.,0.));
#4472=DIRECTION('',(1.,0.,0.));
#4473=DIRECTION('center_axis',(-1.,0.,0.));
#4474=DIRECTION('ref_axis',(0.,-1.,0.));
#4475=DIRECTION('',(0.,0.,1.));
#4476=DIRECTION('',(0.,-1.,0.));
#4477=DIRECTION('',(0.,0.,1.));
#4478=DIRECTION('center_axis',(1.,0.,0.));
#4479=DIRECTION('ref_axis',(0.,1.,0.));
#4480=DIRECTION('',(0.,0.,1.));
#4481=DIRECTION('',(0.,1.,0.));
#4482=DIRECTION('',(0.,0.,1.));
#4483=DIRECTION('center_axis',(0.,0.,1.));
#4484=DIRECTION('ref_axis',(1.,0.,0.));
#4485=DIRECTION('',(-1.,0.,0.));
#4486=DIRECTION('',(1.,0.,0.));
#4487=DIRECTION('center_axis',(1.,0.,0.));
#4488=DIRECTION('ref_axis',(0.,-1.,0.));
#4489=DIRECTION('',(0.,1.,0.));
#4490=DIRECTION('',(0.,0.,-1.));
#4491=DIRECTION('',(0.,-1.,0.));
#4492=DIRECTION('',(0.,0.,-1.));
#4493=DIRECTION('center_axis',(-7.86407975776153E-16,-1.,0.));
#4494=DIRECTION('ref_axis',(-1.,7.86407975776153E-16,0.));
#4495=DIRECTION('',(1.,-7.86407975776153E-16,0.));
#4496=DIRECTION('',(0.,0.,-1.));
#4497=DIRECTION('',(-1.,7.86407975776153E-16,0.));
#4498=DIRECTION('center_axis',(-1.,0.,0.));
#4499=DIRECTION('ref_axis',(0.,1.,0.));
#4500=DIRECTION('',(0.,-1.,0.));
#4501=DIRECTION('',(0.,0.,-1.));
#4502=DIRECTION('',(0.,1.,0.));
#4503=DIRECTION('center_axis',(0.,0.,-1.));
#4504=DIRECTION('ref_axis',(-1.,0.,0.));
#4505=DIRECTION('',(1.,0.,0.));
#4506=DIRECTION('center_axis',(-1.,0.,0.));
#4507=DIRECTION('ref_axis',(0.,1.,0.));
#4508=DIRECTION('',(0.,-1.,0.));
#4509=DIRECTION('',(0.,0.,-1.));
#4510=DIRECTION('',(0.,1.,0.));
#4511=DIRECTION('',(0.,0.,-1.));
#4512=DIRECTION('center_axis',(1.,0.,0.));
#4513=DIRECTION('ref_axis',(0.,-1.,0.));
#4514=DIRECTION('',(0.,1.,0.));
#4515=DIRECTION('',(0.,0.,-1.));
#4516=DIRECTION('',(0.,-1.,0.));
#4517=DIRECTION('',(0.,0.,-1.));
#4518=DIRECTION('center_axis',(0.,0.,-1.));
#4519=DIRECTION('ref_axis',(-1.,0.,0.));
#4520=DIRECTION('',(-1.,0.,0.));
#4521=DIRECTION('',(1.,0.,0.));
#4522=DIRECTION('center_axis',(-1.,0.,0.));
#4523=DIRECTION('ref_axis',(0.,1.,0.));
#4524=DIRECTION('',(0.,-1.,0.));
#4525=DIRECTION('',(0.,0.,-1.));
#4526=DIRECTION('',(0.,1.,0.));
#4527=DIRECTION('',(0.,0.,-1.));
#4528=DIRECTION('center_axis',(1.,0.,0.));
#4529=DIRECTION('ref_axis',(0.,-1.,0.));
#4530=DIRECTION('',(0.,1.,0.));
#4531=DIRECTION('',(0.,0.,-1.));
#4532=DIRECTION('',(0.,-1.,0.));
#4533=DIRECTION('',(0.,0.,-1.));
#4534=DIRECTION('center_axis',(0.,0.,-1.));
#4535=DIRECTION('ref_axis',(-1.,0.,0.));
#4536=DIRECTION('',(-1.,0.,0.));
#4537=DIRECTION('',(1.,0.,0.));
#4538=DIRECTION('center_axis',(-1.,0.,0.));
#4539=DIRECTION('ref_axis',(0.,1.,0.));
#4540=DIRECTION('',(0.,-1.,0.));
#4541=DIRECTION('',(0.,0.,-1.));
#4542=DIRECTION('',(0.,1.,0.));
#4543=DIRECTION('',(0.,0.,-1.));
#4544=DIRECTION('center_axis',(1.,0.,0.));
#4545=DIRECTION('ref_axis',(0.,-1.,0.));
#4546=DIRECTION('',(0.,1.,0.));
#4547=DIRECTION('',(0.,0.,-1.));
#4548=DIRECTION('',(0.,-1.,0.));
#4549=DIRECTION('',(0.,0.,-1.));
#4550=DIRECTION('center_axis',(0.,0.,-1.));
#4551=DIRECTION('ref_axis',(-1.,0.,0.));
#4552=DIRECTION('',(-1.,0.,0.));
#4553=DIRECTION('',(1.,0.,0.));
#4554=DIRECTION('center_axis',(-1.,0.,0.));
#4555=DIRECTION('ref_axis',(0.,1.,0.));
#4556=DIRECTION('',(0.,-1.,0.));
#4557=DIRECTION('',(0.,0.,-1.));
#4558=DIRECTION('',(0.,1.,0.));
#4559=DIRECTION('',(0.,0.,-1.));
#4560=DIRECTION('center_axis',(0.,1.,0.));
#4561=DIRECTION('ref_axis',(1.,0.,0.));
#4562=DIRECTION('',(-1.,0.,0.));
#4563=DIRECTION('',(0.,0.,-1.));
#4564=DIRECTION('',(1.,0.,0.));
#4565=DIRECTION('center_axis',(1.,0.,0.));
#4566=DIRECTION('ref_axis',(0.,-1.,0.));
#4567=DIRECTION('',(0.,1.,0.));
#4568=DIRECTION('',(0.,0.,-1.));
#4569=DIRECTION('',(0.,-1.,0.));
#4570=DIRECTION('center_axis',(0.,0.,-1.));
#4571=DIRECTION('ref_axis',(-1.,0.,0.));
#4572=DIRECTION('',(-1.,0.,0.));
#4573=DIRECTION('center_axis',(-1.,0.,0.));
#4574=DIRECTION('ref_axis',(0.,1.,0.));
#4575=DIRECTION('',(0.,-1.,0.));
#4576=DIRECTION('',(0.,0.,-1.));
#4577=DIRECTION('',(0.,1.,0.));
#4578=DIRECTION('',(0.,0.,-1.));
#4579=DIRECTION('center_axis',(1.,0.,0.));
#4580=DIRECTION('ref_axis',(0.,-1.,0.));
#4581=DIRECTION('',(0.,1.,0.));
#4582=DIRECTION('',(0.,0.,-1.));
#4583=DIRECTION('',(0.,-1.,0.));
#4584=DIRECTION('',(0.,0.,-1.));
#4585=DIRECTION('center_axis',(0.,0.,-1.));
#4586=DIRECTION('ref_axis',(-1.,0.,0.));
#4587=DIRECTION('',(-1.,0.,0.));
#4588=DIRECTION('',(1.,0.,0.));
#4589=DIRECTION('center_axis',(-1.,0.,0.));
#4590=DIRECTION('ref_axis',(0.,1.,0.));
#4591=DIRECTION('',(0.,-1.,0.));
#4592=DIRECTION('',(0.,0.,-1.));
#4593=DIRECTION('',(0.,1.,0.));
#4594=DIRECTION('',(0.,0.,-1.));
#4595=DIRECTION('center_axis',(1.,0.,0.));
#4596=DIRECTION('ref_axis',(0.,-1.,0.));
#4597=DIRECTION('',(0.,1.,0.));
#4598=DIRECTION('',(0.,0.,-1.));
#4599=DIRECTION('',(0.,-1.,0.));
#4600=DIRECTION('',(0.,0.,-1.));
#4601=DIRECTION('center_axis',(0.,0.,-1.));
#4602=DIRECTION('ref_axis',(-1.,0.,0.));
#4603=DIRECTION('',(-1.,0.,0.));
#4604=DIRECTION('',(1.,0.,0.));
#4605=DIRECTION('center_axis',(-1.,0.,0.));
#4606=DIRECTION('ref_axis',(0.,1.,0.));
#4607=DIRECTION('',(0.,-1.,0.));
#4608=DIRECTION('',(0.,0.,-1.));
#4609=DIRECTION('',(0.,1.,0.));
#4610=DIRECTION('',(0.,0.,-1.));
#4611=DIRECTION('center_axis',(1.,0.,0.));
#4612=DIRECTION('ref_axis',(0.,-1.,0.));
#4613=DIRECTION('',(0.,1.,0.));
#4614=DIRECTION('',(0.,0.,-1.));
#4615=DIRECTION('',(0.,-1.,0.));
#4616=DIRECTION('',(0.,0.,-1.));
#4617=DIRECTION('center_axis',(0.,0.,-1.));
#4618=DIRECTION('ref_axis',(-1.,0.,0.));
#4619=DIRECTION('',(-1.,0.,0.));
#4620=DIRECTION('',(1.,0.,0.));
#4621=DIRECTION('center_axis',(-1.,0.,0.));
#4622=DIRECTION('ref_axis',(0.,1.,0.));
#4623=DIRECTION('',(0.,-1.,0.));
#4624=DIRECTION('',(0.,0.,-1.));
#4625=DIRECTION('',(0.,1.,0.));
#4626=DIRECTION('',(0.,0.,-1.));
#4627=DIRECTION('center_axis',(1.,0.,0.));
#4628=DIRECTION('ref_axis',(0.,-1.,0.));
#4629=DIRECTION('',(0.,1.,0.));
#4630=DIRECTION('',(0.,0.,-1.));
#4631=DIRECTION('',(0.,-1.,0.));
#4632=DIRECTION('',(0.,0.,-1.));
#4633=DIRECTION('center_axis',(0.,0.,-1.));
#4634=DIRECTION('ref_axis',(-1.,0.,0.));
#4635=DIRECTION('',(-1.,0.,0.));
#4636=DIRECTION('',(1.,0.,0.));
#4637=DIRECTION('center_axis',(-1.,0.,0.));
#4638=DIRECTION('ref_axis',(0.,1.,0.));
#4639=DIRECTION('',(0.,-1.,0.));
#4640=DIRECTION('',(0.,0.,-1.));
#4641=DIRECTION('',(0.,1.,0.));
#4642=DIRECTION('',(0.,0.,-1.));
#4643=DIRECTION('center_axis',(1.,0.,0.));
#4644=DIRECTION('ref_axis',(0.,-1.,0.));
#4645=DIRECTION('',(0.,1.,0.));
#4646=DIRECTION('',(0.,0.,-1.));
#4647=DIRECTION('',(0.,-1.,0.));
#4648=DIRECTION('',(0.,0.,-1.));
#4649=DIRECTION('center_axis',(0.,0.,-1.));
#4650=DIRECTION('ref_axis',(-1.,0.,0.));
#4651=DIRECTION('',(-1.,0.,0.));
#4652=DIRECTION('',(1.,0.,0.));
#4653=DIRECTION('center_axis',(-1.,0.,0.));
#4654=DIRECTION('ref_axis',(0.,1.,0.));
#4655=DIRECTION('',(0.,-1.,0.));
#4656=DIRECTION('',(0.,0.,-1.));
#4657=DIRECTION('',(0.,1.,0.));
#4658=DIRECTION('',(0.,0.,-1.));
#4659=DIRECTION('center_axis',(1.,0.,0.));
#4660=DIRECTION('ref_axis',(0.,-1.,0.));
#4661=DIRECTION('',(0.,1.,0.));
#4662=DIRECTION('',(0.,0.,-1.));
#4663=DIRECTION('',(0.,-1.,0.));
#4664=DIRECTION('',(0.,0.,-1.));
#4665=DIRECTION('center_axis',(0.,0.,-1.));
#4666=DIRECTION('ref_axis',(-1.,0.,0.));
#4667=DIRECTION('',(-1.,0.,0.));
#4668=DIRECTION('',(1.,0.,0.));
#4669=DIRECTION('center_axis',(-1.,0.,0.));
#4670=DIRECTION('ref_axis',(0.,1.,0.));
#4671=DIRECTION('',(0.,-1.,0.));
#4672=DIRECTION('',(0.,0.,-1.));
#4673=DIRECTION('',(0.,1.,0.));
#4674=DIRECTION('',(0.,0.,-1.));
#4675=DIRECTION('center_axis',(1.,0.,0.));
#4676=DIRECTION('ref_axis',(0.,-1.,0.));
#4677=DIRECTION('',(0.,1.,0.));
#4678=DIRECTION('',(0.,0.,-1.));
#4679=DIRECTION('',(0.,-1.,0.));
#4680=DIRECTION('',(0.,0.,-1.));
#4681=DIRECTION('center_axis',(0.,0.,-1.));
#4682=DIRECTION('ref_axis',(-1.,0.,0.));
#4683=DIRECTION('',(-1.,0.,0.));
#4684=DIRECTION('',(1.,0.,0.));
#4685=DIRECTION('center_axis',(-1.,0.,0.));
#4686=DIRECTION('ref_axis',(0.,1.,0.));
#4687=DIRECTION('',(0.,-1.,0.));
#4688=DIRECTION('',(0.,0.,-1.));
#4689=DIRECTION('',(0.,1.,0.));
#4690=DIRECTION('',(0.,0.,-1.));
#4691=DIRECTION('center_axis',(1.,0.,0.));
#4692=DIRECTION('ref_axis',(0.,-1.,0.));
#4693=DIRECTION('',(0.,1.,0.));
#4694=DIRECTION('',(0.,0.,-1.));
#4695=DIRECTION('',(0.,-1.,0.));
#4696=DIRECTION('',(0.,0.,-1.));
#4697=DIRECTION('center_axis',(0.,0.,-1.));
#4698=DIRECTION('ref_axis',(-1.,0.,0.));
#4699=DIRECTION('',(-1.,0.,0.));
#4700=DIRECTION('',(1.,0.,0.));
#4701=DIRECTION('center_axis',(-1.,0.,0.));
#4702=DIRECTION('ref_axis',(0.,1.,0.));
#4703=DIRECTION('',(0.,-1.,0.));
#4704=DIRECTION('',(0.,0.,-1.));
#4705=DIRECTION('',(0.,1.,0.));
#4706=DIRECTION('',(0.,0.,-1.));
#4707=DIRECTION('center_axis',(1.,0.,0.));
#4708=DIRECTION('ref_axis',(0.,-1.,0.));
#4709=DIRECTION('',(0.,1.,0.));
#4710=DIRECTION('',(0.,0.,-1.));
#4711=DIRECTION('',(0.,-1.,0.));
#4712=DIRECTION('',(0.,0.,-1.));
#4713=DIRECTION('center_axis',(0.,0.,-1.));
#4714=DIRECTION('ref_axis',(-1.,0.,0.));
#4715=DIRECTION('',(-1.,0.,0.));
#4716=DIRECTION('',(1.,0.,0.));
#4717=DIRECTION('center_axis',(-1.,0.,0.));
#4718=DIRECTION('ref_axis',(0.,1.,0.));
#4719=DIRECTION('',(0.,-1.,0.));
#4720=DIRECTION('',(0.,0.,-1.));
#4721=DIRECTION('',(0.,1.,0.));
#4722=DIRECTION('',(0.,0.,-1.));
#4723=DIRECTION('center_axis',(1.,0.,0.));
#4724=DIRECTION('ref_axis',(0.,-1.,0.));
#4725=DIRECTION('',(0.,1.,0.));
#4726=DIRECTION('',(0.,0.,-1.));
#4727=DIRECTION('',(0.,-1.,0.));
#4728=DIRECTION('',(0.,0.,-1.));
#4729=DIRECTION('center_axis',(0.,0.,-1.));
#4730=DIRECTION('ref_axis',(-1.,0.,0.));
#4731=DIRECTION('',(-1.,0.,0.));
#4732=DIRECTION('',(1.,0.,0.));
#4733=DIRECTION('center_axis',(0.,-1.,0.));
#4734=DIRECTION('ref_axis',(-1.,0.,0.));
#4735=DIRECTION('',(-1.,0.,0.));
#4736=DIRECTION('',(0.,0.,-1.));
#4737=DIRECTION('',(0.,0.,-1.));
#4738=DIRECTION('',(-1.,0.,0.));
#4739=DIRECTION('center_axis',(0.,0.,-1.));
#4740=DIRECTION('ref_axis',(-1.,0.,0.));
#4741=DIRECTION('',(0.,1.,0.));
#4742=DIRECTION('',(1.,0.,0.));
#4743=DIRECTION('',(0.,-1.,0.));
#4744=DIRECTION('',(-1.,0.,0.));
#4745=DIRECTION('',(1.,0.,0.));
#4746=DIRECTION('',(0.,1.,0.));
#4747=DIRECTION('',(-1.,0.,0.));
#4748=DIRECTION('',(1.,0.,0.));
#4749=DIRECTION('',(0.,1.,0.));
#4750=DIRECTION('',(-1.,0.,0.));
#4751=DIRECTION('',(0.,1.,0.));
#4752=DIRECTION('',(1.,0.,0.));
#4753=DIRECTION('',(0.,1.,0.));
#4754=DIRECTION('',(-1.,0.,0.));
#4755=DIRECTION('',(1.,0.,0.));
#4756=DIRECTION('',(0.,1.,0.));
#4757=DIRECTION('',(-1.,0.,0.));
#4758=DIRECTION('',(1.,0.,0.));
#4759=DIRECTION('',(0.,1.,0.));
#4760=DIRECTION('',(-1.,0.,0.));
#4761=DIRECTION('',(1.,0.,0.));
#4762=DIRECTION('',(0.,1.,0.));
#4763=DIRECTION('',(1.,0.,0.));
#4764=DIRECTION('',(0.,1.,0.));
#4765=DIRECTION('',(-1.,0.,0.));
#4766=DIRECTION('',(1.,0.,0.));
#4767=DIRECTION('',(0.,1.,0.));
#4768=DIRECTION('',(-1.,0.,0.));
#4769=DIRECTION('',(1.,0.,0.));
#4770=DIRECTION('',(0.,1.,0.));
#4771=DIRECTION('',(-1.,0.,0.));
#4772=DIRECTION('',(1.,0.,0.));
#4773=DIRECTION('',(0.,1.,0.));
#4774=DIRECTION('',(-1.,0.,0.));
#4775=DIRECTION('',(1.,0.,0.));
#4776=DIRECTION('',(0.,1.,0.));
#4777=DIRECTION('',(-1.,0.,0.));
#4778=DIRECTION('',(1.,0.,0.));
#4779=DIRECTION('',(0.,1.,0.));
#4780=DIRECTION('',(-1.,0.,0.));
#4781=DIRECTION('',(1.,0.,0.));
#4782=DIRECTION('',(0.,1.,0.));
#4783=DIRECTION('',(-1.,0.,0.));
#4784=DIRECTION('',(1.,0.,0.));
#4785=DIRECTION('',(0.,1.,0.));
#4786=DIRECTION('',(-1.,0.,0.));
#4787=DIRECTION('',(1.,0.,0.));
#4788=DIRECTION('',(0.,1.,0.));
#4789=DIRECTION('',(-1.,0.,0.));
#4790=DIRECTION('',(-1.,0.,0.));
#4791=DIRECTION('',(3.50892232814525E-18,-1.,0.));
#4792=DIRECTION('',(1.,0.,0.));
#4793=DIRECTION('',(-1.,0.,0.));
#4794=DIRECTION('',(3.50892232814525E-18,-1.,0.));
#4795=DIRECTION('',(1.,0.,0.));
#4796=DIRECTION('',(-1.,0.,0.));
#4797=DIRECTION('',(3.50892232814525E-18,-1.,0.));
#4798=DIRECTION('',(1.,0.,0.));
#4799=DIRECTION('',(-1.,0.,0.));
#4800=DIRECTION('',(3.50892232814525E-18,-1.,0.));
#4801=DIRECTION('',(1.,0.,0.));
#4802=DIRECTION('',(-1.,0.,0.));
#4803=DIRECTION('',(3.50892232814525E-18,-1.,0.));
#4804=DIRECTION('',(1.,0.,0.));
#4805=DIRECTION('',(-1.,0.,0.));
#4806=DIRECTION('',(3.50892232814525E-18,-1.,0.));
#4807=DIRECTION('',(1.,0.,0.));
#4808=DIRECTION('',(-1.,0.,0.));
#4809=DIRECTION('',(3.50892232814525E-18,-1.,0.));
#4810=DIRECTION('',(1.,0.,0.));
#4811=DIRECTION('',(-1.,0.,0.));
#4812=DIRECTION('',(3.50892232814525E-18,-1.,0.));
#4813=DIRECTION('',(1.,0.,0.));
#4814=DIRECTION('',(-1.,0.,0.));
#4815=DIRECTION('',(3.50892232814525E-18,-1.,0.));
#4816=DIRECTION('',(1.,0.,0.));
#4817=DIRECTION('',(3.50892232814525E-18,-1.,0.));
#4818=DIRECTION('',(1.,0.,0.));
#4819=DIRECTION('',(-1.,0.,0.));
#4820=DIRECTION('',(3.50892232814525E-18,-1.,0.));
#4821=DIRECTION('',(1.,0.,0.));
#4822=DIRECTION('',(-1.,0.,0.));
#4823=DIRECTION('',(3.50892232814525E-18,-1.,0.));
#4824=DIRECTION('',(1.,0.,0.));
#4825=DIRECTION('',(-1.,0.,0.));
#4826=DIRECTION('',(3.50892232814525E-18,-1.,0.));
#4827=DIRECTION('',(1.,0.,0.));
#4828=DIRECTION('',(0.,-1.,0.));
#4829=DIRECTION('',(-1.,0.,0.));
#4830=DIRECTION('',(3.50892232814525E-18,-1.,0.));
#4831=DIRECTION('',(1.,0.,0.));
#4832=DIRECTION('',(-1.,0.,0.));
#4833=DIRECTION('',(3.50892232814525E-18,-1.,0.));
#4834=DIRECTION('',(1.,0.,0.));
#4835=DIRECTION('center_axis',(0.,1.,0.));
#4836=DIRECTION('ref_axis',(1.,0.,0.));
#4837=DIRECTION('',(0.,0.,-1.));
#4838=DIRECTION('',(0.,0.,-1.));
#4839=DIRECTION('center_axis',(1.,0.,0.));
#4840=DIRECTION('ref_axis',(0.,-1.,0.));
#4841=DIRECTION('',(0.,0.,-1.));
#4842=DIRECTION('',(0.,-1.,0.));
#4843=DIRECTION('',(0.,0.,-1.));
#4844=DIRECTION('center_axis',(-1.,0.,0.));
#4845=DIRECTION('ref_axis',(0.,1.,0.));
#4846=DIRECTION('',(0.,0.,-1.));
#4847=DIRECTION('',(0.,1.,0.));
#4848=DIRECTION('',(0.,0.,-1.));
#4849=DIRECTION('center_axis',(0.,0.,-1.));
#4850=DIRECTION('ref_axis',(-1.,0.,0.));
#4851=DIRECTION('',(-1.,0.,0.));
#4852=DIRECTION('',(1.,0.,0.));
#4853=DIRECTION('center_axis',(-1.,0.,0.));
#4854=DIRECTION('ref_axis',(0.,1.,0.));
#4855=DIRECTION('',(0.,0.,-1.));
#4856=DIRECTION('',(0.,0.,-1.));
#4857=DIRECTION('center_axis',(0.,1.,0.));
#4858=DIRECTION('ref_axis',(1.,0.,0.));
#4859=DIRECTION('',(0.,0.,-1.));
#4860=DIRECTION('center_axis',(1.,3.50892232814525E-18,0.));
#4861=DIRECTION('ref_axis',(3.50892232814525E-18,-1.,0.));
#4862=DIRECTION('',(0.,0.,-1.));
#4863=DIRECTION('center_axis',(0.,-1.,0.));
#4864=DIRECTION('ref_axis',(-1.,0.,0.));
#4865=DIRECTION('center_axis',(-1.,0.,0.));
#4866=DIRECTION('ref_axis',(0.,1.,0.));
#4867=DIRECTION('',(0.,0.,-1.));
#4868=DIRECTION('',(0.,0.,-1.));
#4869=DIRECTION('center_axis',(0.,1.,0.));
#4870=DIRECTION('ref_axis',(1.,0.,0.));
#4871=DIRECTION('',(0.,0.,-1.));
#4872=DIRECTION('center_axis',(1.,3.50892232814525E-18,0.));
#4873=DIRECTION('ref_axis',(3.50892232814525E-18,-1.,0.));
#4874=DIRECTION('',(0.,0.,-1.));
#4875=DIRECTION('center_axis',(0.,-1.,0.));
#4876=DIRECTION('ref_axis',(-1.,0.,0.));
#4877=DIRECTION('center_axis',(-1.,0.,0.));
#4878=DIRECTION('ref_axis',(0.,1.,0.));
#4879=DIRECTION('',(0.,0.,-1.));
#4880=DIRECTION('',(0.,0.,-1.));
#4881=DIRECTION('center_axis',(0.,1.,0.));
#4882=DIRECTION('ref_axis',(1.,0.,0.));
#4883=DIRECTION('',(0.,0.,-1.));
#4884=DIRECTION('center_axis',(1.,3.50892232814525E-18,0.));
#4885=DIRECTION('ref_axis',(3.50892232814525E-18,-1.,0.));
#4886=DIRECTION('',(0.,0.,-1.));
#4887=DIRECTION('center_axis',(0.,-1.,0.));
#4888=DIRECTION('ref_axis',(-1.,0.,0.));
#4889=DIRECTION('center_axis',(-1.,0.,0.));
#4890=DIRECTION('ref_axis',(0.,1.,0.));
#4891=DIRECTION('',(0.,0.,-1.));
#4892=DIRECTION('',(0.,0.,-1.));
#4893=DIRECTION('center_axis',(0.,1.,0.));
#4894=DIRECTION('ref_axis',(1.,0.,0.));
#4895=DIRECTION('',(0.,0.,-1.));
#4896=DIRECTION('center_axis',(1.,3.50892232814525E-18,0.));
#4897=DIRECTION('ref_axis',(3.50892232814525E-18,-1.,0.));
#4898=DIRECTION('',(0.,0.,-1.));
#4899=DIRECTION('center_axis',(0.,-1.,0.));
#4900=DIRECTION('ref_axis',(-1.,0.,0.));
#4901=DIRECTION('center_axis',(-1.,0.,0.));
#4902=DIRECTION('ref_axis',(0.,1.,0.));
#4903=DIRECTION('',(0.,0.,-1.));
#4904=DIRECTION('',(0.,0.,-1.));
#4905=DIRECTION('center_axis',(0.,1.,0.));
#4906=DIRECTION('ref_axis',(1.,0.,0.));
#4907=DIRECTION('',(0.,0.,-1.));
#4908=DIRECTION('center_axis',(1.,3.50892232814525E-18,0.));
#4909=DIRECTION('ref_axis',(3.50892232814525E-18,-1.,0.));
#4910=DIRECTION('',(0.,0.,-1.));
#4911=DIRECTION('center_axis',(0.,-1.,0.));
#4912=DIRECTION('ref_axis',(-1.,0.,0.));
#4913=DIRECTION('center_axis',(-1.,0.,0.));
#4914=DIRECTION('ref_axis',(0.,1.,0.));
#4915=DIRECTION('',(0.,0.,-1.));
#4916=DIRECTION('',(0.,0.,-1.));
#4917=DIRECTION('center_axis',(0.,1.,0.));
#4918=DIRECTION('ref_axis',(1.,0.,0.));
#4919=DIRECTION('',(0.,0.,-1.));
#4920=DIRECTION('center_axis',(1.,3.50892232814525E-18,0.));
#4921=DIRECTION('ref_axis',(3.50892232814525E-18,-1.,0.));
#4922=DIRECTION('',(0.,0.,-1.));
#4923=DIRECTION('center_axis',(0.,-1.,0.));
#4924=DIRECTION('ref_axis',(-1.,0.,0.));
#4925=DIRECTION('center_axis',(-1.,0.,0.));
#4926=DIRECTION('ref_axis',(0.,1.,0.));
#4927=DIRECTION('',(0.,0.,-1.));
#4928=DIRECTION('center_axis',(1.,3.50892232814525E-18,0.));
#4929=DIRECTION('ref_axis',(3.50892232814525E-18,-1.,0.));
#4930=DIRECTION('',(0.,0.,-1.));
#4931=DIRECTION('center_axis',(0.,-1.,0.));
#4932=DIRECTION('ref_axis',(-1.,0.,0.));
#4933=DIRECTION('center_axis',(-1.,0.,0.));
#4934=DIRECTION('ref_axis',(0.,1.,0.));
#4935=DIRECTION('',(0.,0.,-1.));
#4936=DIRECTION('',(0.,0.,-1.));
#4937=DIRECTION('center_axis',(0.,1.,0.));
#4938=DIRECTION('ref_axis',(1.,0.,0.));
#4939=DIRECTION('',(0.,0.,-1.));
#4940=DIRECTION('center_axis',(1.,3.50892232814525E-18,0.));
#4941=DIRECTION('ref_axis',(3.50892232814525E-18,-1.,0.));
#4942=DIRECTION('',(0.,0.,-1.));
#4943=DIRECTION('center_axis',(0.,-1.,0.));
#4944=DIRECTION('ref_axis',(-1.,0.,0.));
#4945=DIRECTION('center_axis',(-1.,0.,0.));
#4946=DIRECTION('ref_axis',(0.,1.,0.));
#4947=DIRECTION('',(0.,0.,-1.));
#4948=DIRECTION('',(0.,0.,-1.));
#4949=DIRECTION('center_axis',(0.,1.,0.));
#4950=DIRECTION('ref_axis',(1.,0.,0.));
#4951=DIRECTION('',(0.,0.,-1.));
#4952=DIRECTION('center_axis',(1.,3.50892232814525E-18,0.));
#4953=DIRECTION('ref_axis',(3.50892232814525E-18,-1.,0.));
#4954=DIRECTION('',(0.,0.,-1.));
#4955=DIRECTION('center_axis',(0.,-1.,0.));
#4956=DIRECTION('ref_axis',(-1.,0.,0.));
#4957=DIRECTION('center_axis',(-1.,0.,0.));
#4958=DIRECTION('ref_axis',(0.,1.,0.));
#4959=DIRECTION('',(0.,0.,-1.));
#4960=DIRECTION('',(0.,0.,-1.));
#4961=DIRECTION('center_axis',(0.,1.,0.));
#4962=DIRECTION('ref_axis',(1.,0.,0.));
#4963=DIRECTION('',(0.,0.,-1.));
#4964=DIRECTION('center_axis',(1.,3.50892232814525E-18,0.));
#4965=DIRECTION('ref_axis',(3.50892232814525E-18,-1.,0.));
#4966=DIRECTION('',(0.,0.,-1.));
#4967=DIRECTION('center_axis',(0.,-1.,0.));
#4968=DIRECTION('ref_axis',(-1.,0.,0.));
#4969=DIRECTION('center_axis',(-1.,0.,0.));
#4970=DIRECTION('ref_axis',(0.,1.,0.));
#4971=DIRECTION('',(0.,0.,-1.));
#4972=DIRECTION('',(0.,0.,-1.));
#4973=DIRECTION('center_axis',(0.,1.,0.));
#4974=DIRECTION('ref_axis',(1.,0.,0.));
#4975=DIRECTION('',(0.,0.,-1.));
#4976=DIRECTION('center_axis',(1.,3.50892232814525E-18,0.));
#4977=DIRECTION('ref_axis',(3.50892232814525E-18,-1.,0.));
#4978=DIRECTION('',(0.,0.,-1.));
#4979=DIRECTION('center_axis',(0.,-1.,0.));
#4980=DIRECTION('ref_axis',(-1.,0.,0.));
#4981=DIRECTION('center_axis',(-1.,0.,0.));
#4982=DIRECTION('ref_axis',(0.,1.,0.));
#4983=DIRECTION('',(0.,0.,-1.));
#4984=DIRECTION('',(0.,0.,-1.));
#4985=DIRECTION('center_axis',(0.,1.,0.));
#4986=DIRECTION('ref_axis',(1.,0.,0.));
#4987=DIRECTION('',(0.,0.,-1.));
#4988=DIRECTION('center_axis',(1.,3.50892232814525E-18,0.));
#4989=DIRECTION('ref_axis',(3.50892232814525E-18,-1.,0.));
#4990=DIRECTION('',(0.,0.,-1.));
#4991=DIRECTION('center_axis',(0.,-1.,0.));
#4992=DIRECTION('ref_axis',(-1.,0.,0.));
#4993=DIRECTION('center_axis',(-1.,0.,0.));
#4994=DIRECTION('ref_axis',(0.,1.,0.));
#4995=DIRECTION('',(0.,0.,-1.));
#4996=DIRECTION('center_axis',(0.,1.,0.));
#4997=DIRECTION('ref_axis',(1.,0.,0.));
#4998=DIRECTION('',(0.,0.,-1.));
#4999=DIRECTION('center_axis',(1.,3.50892232814525E-18,0.));
#5000=DIRECTION('ref_axis',(3.50892232814525E-18,-1.,0.));
#5001=DIRECTION('center_axis',(-1.,0.,0.));
#5002=DIRECTION('ref_axis',(0.,1.,0.));
#5003=DIRECTION('',(0.,0.,-1.));
#5004=DIRECTION('',(0.,0.,-1.));
#5005=DIRECTION('center_axis',(0.,1.,0.));
#5006=DIRECTION('ref_axis',(1.,0.,0.));
#5007=DIRECTION('',(0.,0.,-1.));
#5008=DIRECTION('center_axis',(1.,3.50892232814525E-18,0.));
#5009=DIRECTION('ref_axis',(3.50892232814525E-18,-1.,0.));
#5010=DIRECTION('',(0.,0.,-1.));
#5011=DIRECTION('center_axis',(0.,-1.,0.));
#5012=DIRECTION('ref_axis',(-1.,0.,0.));
#5013=DIRECTION('center_axis',(-1.,0.,0.));
#5014=DIRECTION('ref_axis',(0.,1.,0.));
#5015=DIRECTION('',(0.,0.,-1.));
#5016=DIRECTION('',(0.,0.,-1.));
#5017=DIRECTION('center_axis',(0.,1.,0.));
#5018=DIRECTION('ref_axis',(1.,0.,0.));
#5019=DIRECTION('',(0.,0.,-1.));
#5020=DIRECTION('center_axis',(1.,3.50892232814525E-18,0.));
#5021=DIRECTION('ref_axis',(3.50892232814525E-18,-1.,0.));
#5022=DIRECTION('',(0.,0.,-1.));
#5023=DIRECTION('center_axis',(0.,-1.,0.));
#5024=DIRECTION('ref_axis',(-1.,0.,0.));
#5025=DIRECTION('center_axis',(0.,-1.,0.));
#5026=DIRECTION('ref_axis',(-1.,0.,0.));
#5027=DIRECTION('',(0.,0.,-1.));
#5028=DIRECTION('',(0.,0.,-1.));
#5029=DIRECTION('center_axis',(1.,0.,0.));
#5030=DIRECTION('ref_axis',(0.,-1.,0.));
#5031=DIRECTION('',(0.,0.,-1.));
#5032=DIRECTION('center_axis',(0.,1.,0.));
#5033=DIRECTION('ref_axis',(1.,0.,0.));
#5034=DIRECTION('',(0.,0.,-1.));
#5035=DIRECTION('center_axis',(-1.,0.,0.));
#5036=DIRECTION('ref_axis',(0.,1.,0.));
#5037=CARTESIAN_POINT('',(0.,0.,0.));
#5038=CARTESIAN_POINT('Origin',(5.,75.25,0.));
#5039=CARTESIAN_POINT('',(5.,78.35,0.));
#5040=CARTESIAN_POINT('',(5.,75.25,0.));
#5041=CARTESIAN_POINT('',(5.,57.275,0.));
#5042=CARTESIAN_POINT('',(5.,78.35,3.));
#5043=CARTESIAN_POINT('',(5.,78.35,0.));
#5044=CARTESIAN_POINT('',(5.,75.25,3.));
#5045=CARTESIAN_POINT('',(5.,0.,3.));
#5046=CARTESIAN_POINT('',(5.,75.25,0.));
#5047=CARTESIAN_POINT('Origin',(0.,78.35,0.));
#5048=CARTESIAN_POINT('',(0.,75.25,0.));
#5049=CARTESIAN_POINT('',(0.,78.35,0.));
#5050=CARTESIAN_POINT('',(0.,58.825,0.));
#5051=CARTESIAN_POINT('',(0.,75.25,3.));
#5052=CARTESIAN_POINT('',(0.,75.25,0.));
#5053=CARTESIAN_POINT('',(0.,78.35,3.));
#5054=CARTESIAN_POINT('',(0.,78.6,3.));
#5055=CARTESIAN_POINT('',(0.,78.35,0.));
#5056=CARTESIAN_POINT('Origin',(5.,78.35,0.));
#5057=CARTESIAN_POINT('',(3.75,78.35,0.));
#5058=CARTESIAN_POINT('',(-0.25,78.35,3.));
#5059=CARTESIAN_POINT('Origin',(2.5,76.8,3.));
#5060=CARTESIAN_POINT('',(5.25,75.25,3.));
#5061=CARTESIAN_POINT('Origin',(2.5,39.3,0.));
#5062=CARTESIAN_POINT('',(-1.5,80.1,0.));
#5063=CARTESIAN_POINT('',(-1.5,-1.5,0.));
#5064=CARTESIAN_POINT('',(-1.5,80.1,0.));
#5065=CARTESIAN_POINT('',(6.5,-1.5,0.));
#5066=CARTESIAN_POINT('',(-1.5,-1.5,0.));
#5067=CARTESIAN_POINT('',(6.5,80.1,0.));
#5068=CARTESIAN_POINT('',(6.5,-1.5,0.));
#5069=CARTESIAN_POINT('',(6.5,80.1,0.));
#5070=CARTESIAN_POINT('',(5.25,75.25,0.));
#5071=CARTESIAN_POINT('',(5.25,75.25,0.));
#5072=CARTESIAN_POINT('',(5.25,73.35,0.));
#5073=CARTESIAN_POINT('',(5.25,-0.25,0.));
#5074=CARTESIAN_POINT('',(5.,73.35,0.));
#5075=CARTESIAN_POINT('',(-0.25,73.35,0.));
#5076=CARTESIAN_POINT('',(5.,70.25,0.));
#5077=CARTESIAN_POINT('',(5.,54.775,0.));
#5078=CARTESIAN_POINT('',(5.25,70.25,0.));
#5079=CARTESIAN_POINT('',(5.25,70.25,0.));
#5080=CARTESIAN_POINT('',(5.25,68.35,0.));
#5081=CARTESIAN_POINT('',(5.25,-0.25,0.));
#5082=CARTESIAN_POINT('',(5.,68.35,0.));
#5083=CARTESIAN_POINT('',(-0.25,68.35,0.));
#5084=CARTESIAN_POINT('',(5.,65.25,0.));
#5085=CARTESIAN_POINT('',(5.,52.275,0.));
#5086=CARTESIAN_POINT('',(5.25,65.25,0.));
#5087=CARTESIAN_POINT('',(5.25,65.25,0.));
#5088=CARTESIAN_POINT('',(5.25,63.35,0.));
#5089=CARTESIAN_POINT('',(5.25,-0.25,0.));
#5090=CARTESIAN_POINT('',(5.,63.35,0.));
#5091=CARTESIAN_POINT('',(-0.25,63.35,0.));
#5092=CARTESIAN_POINT('',(5.,60.25,0.));
#5093=CARTESIAN_POINT('',(5.,49.775,0.));
#5094=CARTESIAN_POINT('',(5.25,60.25,0.));
#5095=CARTESIAN_POINT('',(5.25,60.25,0.));
#5096=CARTESIAN_POINT('',(5.25,58.35,0.));
#5097=CARTESIAN_POINT('',(5.25,-0.25,0.));
#5098=CARTESIAN_POINT('',(5.,58.35,0.));
#5099=CARTESIAN_POINT('',(-0.25,58.35,0.));
#5100=CARTESIAN_POINT('',(5.,55.25,0.));
#5101=CARTESIAN_POINT('',(5.,47.275,0.));
#5102=CARTESIAN_POINT('',(5.25,55.25,0.));
#5103=CARTESIAN_POINT('',(5.25,55.25,0.));
#5104=CARTESIAN_POINT('',(5.25,53.35,0.));
#5105=CARTESIAN_POINT('',(5.25,-0.25,0.));
#5106=CARTESIAN_POINT('',(5.,53.35,0.));
#5107=CARTESIAN_POINT('',(-0.25,53.35,0.));
#5108=CARTESIAN_POINT('',(5.,50.25,0.));
#5109=CARTESIAN_POINT('',(5.,44.775,0.));
#5110=CARTESIAN_POINT('',(5.25,50.25,0.));
#5111=CARTESIAN_POINT('',(5.25,50.25,0.));
#5112=CARTESIAN_POINT('',(5.25,48.35,0.));
#5113=CARTESIAN_POINT('',(5.25,-0.25,0.));
#5114=CARTESIAN_POINT('',(5.,48.35,0.));
#5115=CARTESIAN_POINT('',(-0.25,48.35,0.));
#5116=CARTESIAN_POINT('',(5.,45.25,0.));
#5117=CARTESIAN_POINT('',(5.,42.275,0.));
#5118=CARTESIAN_POINT('',(5.25,45.25,0.));
#5119=CARTESIAN_POINT('',(5.25,45.25,0.));
#5120=CARTESIAN_POINT('',(5.25,43.35,0.));
#5121=CARTESIAN_POINT('',(5.25,-0.25,0.));
#5122=CARTESIAN_POINT('',(5.,43.35,0.));
#5123=CARTESIAN_POINT('',(-0.25,43.35,0.));
#5124=CARTESIAN_POINT('',(5.,40.25,0.));
#5125=CARTESIAN_POINT('',(5.,39.775,0.));
#5126=CARTESIAN_POINT('',(5.25,40.25,0.));
#5127=CARTESIAN_POINT('',(5.25,40.25,0.));
#5128=CARTESIAN_POINT('',(5.25,38.35,0.));
#5129=CARTESIAN_POINT('',(5.25,-0.25,0.));
#5130=CARTESIAN_POINT('',(5.,38.35,0.));
#5131=CARTESIAN_POINT('',(-0.25,38.35,0.));
#5132=CARTESIAN_POINT('',(5.,35.25,0.));
#5133=CARTESIAN_POINT('',(5.,37.275,0.));
#5134=CARTESIAN_POINT('',(5.25,35.25,0.));
#5135=CARTESIAN_POINT('',(5.25,35.25,0.));
#5136=CARTESIAN_POINT('',(5.25,33.35,0.));
#5137=CARTESIAN_POINT('',(5.25,-0.25,0.));
#5138=CARTESIAN_POINT('',(5.,33.35,0.));
#5139=CARTESIAN_POINT('',(-0.25,33.35,0.));
#5140=CARTESIAN_POINT('',(5.,30.25,0.));
#5141=CARTESIAN_POINT('',(5.,34.775,0.));
#5142=CARTESIAN_POINT('',(5.25,30.25,0.));
#5143=CARTESIAN_POINT('',(5.25,30.25,0.));
#5144=CARTESIAN_POINT('',(5.25,28.35,0.));
#5145=CARTESIAN_POINT('',(5.25,-0.25,0.));
#5146=CARTESIAN_POINT('',(5.,28.35,0.));
#5147=CARTESIAN_POINT('',(-0.25,28.35,0.));
#5148=CARTESIAN_POINT('',(5.,25.25,0.));
#5149=CARTESIAN_POINT('',(5.,32.275,0.));
#5150=CARTESIAN_POINT('',(5.25,25.25,0.));
#5151=CARTESIAN_POINT('',(5.25,25.25,0.));
#5152=CARTESIAN_POINT('',(5.25,23.35,0.));
#5153=CARTESIAN_POINT('',(5.25,-0.25,0.));
#5154=CARTESIAN_POINT('',(5.,23.35,0.));
#5155=CARTESIAN_POINT('',(-0.25,23.35,0.));
#5156=CARTESIAN_POINT('',(5.,20.25,0.));
#5157=CARTESIAN_POINT('',(5.,29.775,0.));
#5158=CARTESIAN_POINT('',(5.25,20.25,0.));
#5159=CARTESIAN_POINT('',(5.25,20.25,0.));
#5160=CARTESIAN_POINT('',(5.25,18.35,0.));
#5161=CARTESIAN_POINT('',(5.25,-0.25,0.));
#5162=CARTESIAN_POINT('',(5.,18.35,0.));
#5163=CARTESIAN_POINT('',(-0.25,18.35,0.));
#5164=CARTESIAN_POINT('',(5.,15.25,0.));
#5165=CARTESIAN_POINT('',(5.,27.275,0.));
#5166=CARTESIAN_POINT('',(5.25,15.25,0.));
#5167=CARTESIAN_POINT('',(5.25,15.25,0.));
#5168=CARTESIAN_POINT('',(5.25,13.35,0.));
#5169=CARTESIAN_POINT('',(5.25,-0.25,0.));
#5170=CARTESIAN_POINT('',(5.,13.35,0.));
#5171=CARTESIAN_POINT('',(-0.25,13.35,0.));
#5172=CARTESIAN_POINT('',(5.,10.25,0.));
#5173=CARTESIAN_POINT('',(5.,24.775,0.));
#5174=CARTESIAN_POINT('',(5.25,10.25,0.));
#5175=CARTESIAN_POINT('',(5.25,10.25,0.));
#5176=CARTESIAN_POINT('',(5.25,8.35,0.));
#5177=CARTESIAN_POINT('',(5.25,-0.25,0.));
#5178=CARTESIAN_POINT('',(5.,8.35,0.));
#5179=CARTESIAN_POINT('',(-0.25,8.35,0.));
#5180=CARTESIAN_POINT('',(5.,5.25,0.));
#5181=CARTESIAN_POINT('',(5.,22.275,0.));
#5182=CARTESIAN_POINT('',(5.25,5.25,0.));
#5183=CARTESIAN_POINT('',(5.25,5.25,0.));
#5184=CARTESIAN_POINT('',(5.25,3.35,0.));
#5185=CARTESIAN_POINT('',(5.25,-0.25,0.));
#5186=CARTESIAN_POINT('',(5.,3.35,0.));
#5187=CARTESIAN_POINT('',(-0.25,3.35,0.));
#5188=CARTESIAN_POINT('',(5.,0.25,0.));
#5189=CARTESIAN_POINT('',(5.,19.775,0.));
#5190=CARTESIAN_POINT('',(0.,0.25,0.));
#5191=CARTESIAN_POINT('',(1.25,0.249999999999999,0.));
#5192=CARTESIAN_POINT('',(0.,3.35,0.));
#5193=CARTESIAN_POINT('',(0.,21.325,0.));
#5194=CARTESIAN_POINT('',(-0.25,3.35,0.));
#5195=CARTESIAN_POINT('',(-0.25,3.35,0.));
#5196=CARTESIAN_POINT('',(-0.25,5.25,0.));
#5197=CARTESIAN_POINT('',(-0.25,78.85,0.));
#5198=CARTESIAN_POINT('',(0.,5.25,0.));
#5199=CARTESIAN_POINT('',(5.25,5.25,0.));
#5200=CARTESIAN_POINT('',(0.,8.35,0.));
#5201=CARTESIAN_POINT('',(0.,23.825,0.));
#5202=CARTESIAN_POINT('',(-0.25,8.35,0.));
#5203=CARTESIAN_POINT('',(-0.25,8.35,0.));
#5204=CARTESIAN_POINT('',(-0.25,10.25,0.));
#5205=CARTESIAN_POINT('',(-0.25,78.85,0.));
#5206=CARTESIAN_POINT('',(0.,10.25,0.));
#5207=CARTESIAN_POINT('',(5.25,10.25,0.));
#5208=CARTESIAN_POINT('',(0.,13.35,0.));
#5209=CARTESIAN_POINT('',(0.,26.325,0.));
#5210=CARTESIAN_POINT('',(-0.25,13.35,0.));
#5211=CARTESIAN_POINT('',(-0.25,13.35,0.));
#5212=CARTESIAN_POINT('',(-0.25,15.25,0.));
#5213=CARTESIAN_POINT('',(-0.25,78.85,0.));
#5214=CARTESIAN_POINT('',(0.,15.25,0.));
#5215=CARTESIAN_POINT('',(5.25,15.25,0.));
#5216=CARTESIAN_POINT('',(0.,18.35,0.));
#5217=CARTESIAN_POINT('',(0.,28.825,0.));
#5218=CARTESIAN_POINT('',(-0.25,18.35,0.));
#5219=CARTESIAN_POINT('',(-0.25,18.35,0.));
#5220=CARTESIAN_POINT('',(-0.25,20.25,0.));
#5221=CARTESIAN_POINT('',(-0.25,78.85,0.));
#5222=CARTESIAN_POINT('',(0.,20.25,0.));
#5223=CARTESIAN_POINT('',(5.25,20.25,0.));
#5224=CARTESIAN_POINT('',(0.,23.35,0.));
#5225=CARTESIAN_POINT('',(0.,31.325,0.));
#5226=CARTESIAN_POINT('',(-0.25,23.35,0.));
#5227=CARTESIAN_POINT('',(-0.25,23.35,0.));
#5228=CARTESIAN_POINT('',(-0.25,25.25,0.));
#5229=CARTESIAN_POINT('',(-0.25,78.85,0.));
#5230=CARTESIAN_POINT('',(0.,25.25,0.));
#5231=CARTESIAN_POINT('',(5.25,25.25,0.));
#5232=CARTESIAN_POINT('',(0.,28.35,0.));
#5233=CARTESIAN_POINT('',(0.,33.825,0.));
#5234=CARTESIAN_POINT('',(-0.25,28.35,0.));
#5235=CARTESIAN_POINT('',(-0.25,28.35,0.));
#5236=CARTESIAN_POINT('',(-0.25,30.25,0.));
#5237=CARTESIAN_POINT('',(-0.25,78.85,0.));
#5238=CARTESIAN_POINT('',(0.,30.25,0.));
#5239=CARTESIAN_POINT('',(5.25,30.25,0.));
#5240=CARTESIAN_POINT('',(0.,33.35,0.));
#5241=CARTESIAN_POINT('',(0.,36.325,0.));
#5242=CARTESIAN_POINT('',(-0.25,33.35,0.));
#5243=CARTESIAN_POINT('',(-0.25,33.35,0.));
#5244=CARTESIAN_POINT('',(-0.25,35.25,0.));
#5245=CARTESIAN_POINT('',(-0.25,78.85,0.));
#5246=CARTESIAN_POINT('',(0.,35.25,0.));
#5247=CARTESIAN_POINT('',(5.25,35.25,0.));
#5248=CARTESIAN_POINT('',(0.,38.35,0.));
#5249=CARTESIAN_POINT('',(0.,38.825,0.));
#5250=CARTESIAN_POINT('',(-0.25,38.35,0.));
#5251=CARTESIAN_POINT('',(-0.25,38.35,0.));
#5252=CARTESIAN_POINT('',(-0.25,40.25,0.));
#5253=CARTESIAN_POINT('',(-0.25,78.85,0.));
#5254=CARTESIAN_POINT('',(0.,40.25,0.));
#5255=CARTESIAN_POINT('',(5.25,40.25,0.));
#5256=CARTESIAN_POINT('',(0.,43.35,0.));
#5257=CARTESIAN_POINT('',(0.,41.325,0.));
#5258=CARTESIAN_POINT('',(-0.25,43.35,0.));
#5259=CARTESIAN_POINT('',(-0.25,43.35,0.));
#5260=CARTESIAN_POINT('',(-0.25,45.25,0.));
#5261=CARTESIAN_POINT('',(-0.25,78.85,0.));
#5262=CARTESIAN_POINT('',(0.,45.25,0.));
#5263=CARTESIAN_POINT('',(5.25,45.25,0.));
#5264=CARTESIAN_POINT('',(0.,48.35,0.));
#5265=CARTESIAN_POINT('',(0.,43.825,0.));
#5266=CARTESIAN_POINT('',(-0.25,48.35,0.));
#5267=CARTESIAN_POINT('',(-0.25,48.35,0.));
#5268=CARTESIAN_POINT('',(-0.25,50.25,0.));
#5269=CARTESIAN_POINT('',(-0.25,78.85,0.));
#5270=CARTESIAN_POINT('',(0.,50.25,0.));
#5271=CARTESIAN_POINT('',(5.25,50.25,0.));
#5272=CARTESIAN_POINT('',(0.,53.35,0.));
#5273=CARTESIAN_POINT('',(0.,46.325,0.));
#5274=CARTESIAN_POINT('',(-0.25,53.35,0.));
#5275=CARTESIAN_POINT('',(-0.25,53.35,0.));
#5276=CARTESIAN_POINT('',(-0.25,55.25,0.));
#5277=CARTESIAN_POINT('',(-0.25,78.85,0.));
#5278=CARTESIAN_POINT('',(0.,55.25,0.));
#5279=CARTESIAN_POINT('',(5.25,55.25,0.));
#5280=CARTESIAN_POINT('',(0.,58.35,0.));
#5281=CARTESIAN_POINT('',(0.,48.825,0.));
#5282=CARTESIAN_POINT('',(-0.25,58.35,0.));
#5283=CARTESIAN_POINT('',(-0.25,58.35,0.));
#5284=CARTESIAN_POINT('',(-0.25,60.25,0.));
#5285=CARTESIAN_POINT('',(-0.25,78.85,0.));
#5286=CARTESIAN_POINT('',(0.,60.25,0.));
#5287=CARTESIAN_POINT('',(5.25,60.25,0.));
#5288=CARTESIAN_POINT('',(0.,63.35,0.));
#5289=CARTESIAN_POINT('',(0.,51.325,0.));
#5290=CARTESIAN_POINT('',(-0.25,63.35,0.));
#5291=CARTESIAN_POINT('',(-0.25,63.35,0.));
#5292=CARTESIAN_POINT('',(-0.25,65.25,0.));
#5293=CARTESIAN_POINT('',(-0.25,78.85,0.));
#5294=CARTESIAN_POINT('',(0.,65.25,0.));
#5295=CARTESIAN_POINT('',(5.25,65.25,0.));
#5296=CARTESIAN_POINT('',(0.,68.35,0.));
#5297=CARTESIAN_POINT('',(0.,53.825,0.));
#5298=CARTESIAN_POINT('',(-0.25,68.35,0.));
#5299=CARTESIAN_POINT('',(-0.25,68.35,0.));
#5300=CARTESIAN_POINT('',(-0.25,70.25,0.));
#5301=CARTESIAN_POINT('',(-0.25,78.85,0.));
#5302=CARTESIAN_POINT('',(0.,70.25,0.));
#5303=CARTESIAN_POINT('',(5.25,70.25,0.));
#5304=CARTESIAN_POINT('',(0.,73.35,0.));
#5305=CARTESIAN_POINT('',(0.,56.325,0.));
#5306=CARTESIAN_POINT('',(-0.25,73.35,0.));
#5307=CARTESIAN_POINT('',(-0.25,73.35,0.));
#5308=CARTESIAN_POINT('',(-0.25,75.25,0.));
#5309=CARTESIAN_POINT('',(-0.25,78.85,0.));
#5310=CARTESIAN_POINT('',(5.25,75.25,0.));
#5311=CARTESIAN_POINT('Origin',(0.,58.35,0.));
#5312=CARTESIAN_POINT('',(0.,55.25,3.));
#5313=CARTESIAN_POINT('',(0.,55.25,0.));
#5314=CARTESIAN_POINT('',(0.,58.35,3.));
#5315=CARTESIAN_POINT('',(0.,78.6,3.));
#5316=CARTESIAN_POINT('',(0.,58.35,0.));
#5317=CARTESIAN_POINT('Origin',(5.,55.25,0.));
#5318=CARTESIAN_POINT('',(5.,58.35,3.));
#5319=CARTESIAN_POINT('',(5.,58.35,0.));
#5320=CARTESIAN_POINT('',(5.,55.25,3.));
#5321=CARTESIAN_POINT('',(5.,0.,3.));
#5322=CARTESIAN_POINT('',(5.,55.25,0.));
#5323=CARTESIAN_POINT('Origin',(2.5,56.8,3.));
#5324=CARTESIAN_POINT('',(-0.25,58.35,3.));
#5325=CARTESIAN_POINT('',(5.25,55.25,3.));
#5326=CARTESIAN_POINT('Origin',(0.,38.35,0.));
#5327=CARTESIAN_POINT('',(0.,35.25,3.));
#5328=CARTESIAN_POINT('',(0.,35.25,0.));
#5329=CARTESIAN_POINT('',(0.,38.35,3.));
#5330=CARTESIAN_POINT('',(0.,78.6,3.));
#5331=CARTESIAN_POINT('',(0.,38.35,0.));
#5332=CARTESIAN_POINT('Origin',(5.,35.25,0.));
#5333=CARTESIAN_POINT('',(5.,38.35,3.));
#5334=CARTESIAN_POINT('',(5.,38.35,0.));
#5335=CARTESIAN_POINT('',(5.,35.25,3.));
#5336=CARTESIAN_POINT('',(5.,0.,3.));
#5337=CARTESIAN_POINT('',(5.,35.25,0.));
#5338=CARTESIAN_POINT('Origin',(2.5,36.8,3.));
#5339=CARTESIAN_POINT('',(-0.25,38.35,3.));
#5340=CARTESIAN_POINT('',(5.25,35.25,3.));
#5341=CARTESIAN_POINT('Origin',(0.,18.35,0.));
#5342=CARTESIAN_POINT('',(0.,15.25,3.));
#5343=CARTESIAN_POINT('',(0.,15.25,0.));
#5344=CARTESIAN_POINT('',(0.,18.35,3.));
#5345=CARTESIAN_POINT('',(0.,78.6,3.));
#5346=CARTESIAN_POINT('',(0.,18.35,0.));
#5347=CARTESIAN_POINT('Origin',(5.,15.25,0.));
#5348=CARTESIAN_POINT('',(5.,18.35,3.));
#5349=CARTESIAN_POINT('',(5.,18.35,0.));
#5350=CARTESIAN_POINT('',(5.,15.25,3.));
#5351=CARTESIAN_POINT('',(5.,0.,3.));
#5352=CARTESIAN_POINT('',(5.,15.25,0.));
#5353=CARTESIAN_POINT('Origin',(2.5,16.8,3.));
#5354=CARTESIAN_POINT('',(-0.25,18.35,3.));
#5355=CARTESIAN_POINT('',(5.25,15.25,3.));
#5356=CARTESIAN_POINT('Origin',(5.,0.25,0.));
#5357=CARTESIAN_POINT('',(5.,3.35,3.));
#5358=CARTESIAN_POINT('',(5.,3.35,0.));
#5359=CARTESIAN_POINT('',(5.,0.25,3.));
#5360=CARTESIAN_POINT('',(5.,0.,3.));
#5361=CARTESIAN_POINT('',(5.,0.25,0.));
#5362=CARTESIAN_POINT('Origin',(0.,0.25,0.));
#5363=CARTESIAN_POINT('',(0.,0.25,3.));
#5364=CARTESIAN_POINT('',(5.25,0.25,3.));
#5365=CARTESIAN_POINT('',(0.,0.25,0.));
#5366=CARTESIAN_POINT('Origin',(0.,3.35,0.));
#5367=CARTESIAN_POINT('',(0.,3.35,3.));
#5368=CARTESIAN_POINT('',(0.,78.6,3.));
#5369=CARTESIAN_POINT('',(0.,3.35,0.));
#5370=CARTESIAN_POINT('Origin',(2.5,1.8,3.));
#5371=CARTESIAN_POINT('',(-0.25,3.35,3.));
#5372=CARTESIAN_POINT('Origin',(0.,23.35,0.));
#5373=CARTESIAN_POINT('',(0.,20.25,3.));
#5374=CARTESIAN_POINT('',(0.,20.25,0.));
#5375=CARTESIAN_POINT('',(0.,23.35,3.));
#5376=CARTESIAN_POINT('',(0.,78.6,3.));
#5377=CARTESIAN_POINT('',(0.,23.35,0.));
#5378=CARTESIAN_POINT('Origin',(5.,20.25,0.));
#5379=CARTESIAN_POINT('',(5.,23.35,3.));
#5380=CARTESIAN_POINT('',(5.,23.35,0.));
#5381=CARTESIAN_POINT('',(5.,20.25,3.));
#5382=CARTESIAN_POINT('',(5.,0.,3.));
#5383=CARTESIAN_POINT('',(5.,20.25,0.));
#5384=CARTESIAN_POINT('Origin',(2.5,21.8,3.));
#5385=CARTESIAN_POINT('',(-0.25,23.35,3.));
#5386=CARTESIAN_POINT('',(5.25,20.25,3.));
#5387=CARTESIAN_POINT('Origin',(0.,43.35,0.));
#5388=CARTESIAN_POINT('',(0.,40.25,3.));
#5389=CARTESIAN_POINT('',(0.,40.25,0.));
#5390=CARTESIAN_POINT('',(0.,43.35,3.));
#5391=CARTESIAN_POINT('',(0.,78.6,3.));
#5392=CARTESIAN_POINT('',(0.,43.35,0.));
#5393=CARTESIAN_POINT('Origin',(5.,40.25,0.));
#5394=CARTESIAN_POINT('',(5.,43.35,3.));
#5395=CARTESIAN_POINT('',(5.,43.35,0.));
#5396=CARTESIAN_POINT('',(5.,40.25,3.));
#5397=CARTESIAN_POINT('',(5.,0.,3.));
#5398=CARTESIAN_POINT('',(5.,40.25,0.));
#5399=CARTESIAN_POINT('Origin',(2.5,41.8,3.));
#5400=CARTESIAN_POINT('',(-0.25,43.35,3.));
#5401=CARTESIAN_POINT('',(5.25,40.25,3.));
#5402=CARTESIAN_POINT('Origin',(0.,63.35,0.));
#5403=CARTESIAN_POINT('',(0.,60.25,3.));
#5404=CARTESIAN_POINT('',(0.,60.25,0.));
#5405=CARTESIAN_POINT('',(0.,63.35,3.));
#5406=CARTESIAN_POINT('',(0.,78.6,3.));
#5407=CARTESIAN_POINT('',(0.,63.35,0.));
#5408=CARTESIAN_POINT('Origin',(5.,60.25,0.));
#5409=CARTESIAN_POINT('',(5.,63.35,3.));
#5410=CARTESIAN_POINT('',(5.,63.35,0.));
#5411=CARTESIAN_POINT('',(5.,60.25,3.));
#5412=CARTESIAN_POINT('',(5.,0.,3.));
#5413=CARTESIAN_POINT('',(5.,60.25,0.));
#5414=CARTESIAN_POINT('Origin',(2.5,61.8,3.));
#5415=CARTESIAN_POINT('',(-0.25,63.35,3.));
#5416=CARTESIAN_POINT('',(5.25,60.25,3.));
#5417=CARTESIAN_POINT('Origin',(0.,73.35,0.));
#5418=CARTESIAN_POINT('',(0.,70.25,3.));
#5419=CARTESIAN_POINT('',(0.,70.25,0.));
#5420=CARTESIAN_POINT('',(0.,73.35,3.));
#5421=CARTESIAN_POINT('',(0.,78.6,3.));
#5422=CARTESIAN_POINT('',(0.,73.35,0.));
#5423=CARTESIAN_POINT('Origin',(5.,70.25,0.));
#5424=CARTESIAN_POINT('',(5.,73.35,3.));
#5425=CARTESIAN_POINT('',(5.,73.35,0.));
#5426=CARTESIAN_POINT('',(5.,70.25,3.));
#5427=CARTESIAN_POINT('',(5.,0.,3.));
#5428=CARTESIAN_POINT('',(5.,70.25,0.));
#5429=CARTESIAN_POINT('Origin',(2.5,71.8,3.));
#5430=CARTESIAN_POINT('',(-0.25,73.35,3.));
#5431=CARTESIAN_POINT('',(5.25,70.25,3.));
#5432=CARTESIAN_POINT('Origin',(0.,53.35,0.));
#5433=CARTESIAN_POINT('',(0.,50.25,3.));
#5434=CARTESIAN_POINT('',(0.,50.25,0.));
#5435=CARTESIAN_POINT('',(0.,53.35,3.));
#5436=CARTESIAN_POINT('',(0.,78.6,3.));
#5437=CARTESIAN_POINT('',(0.,53.35,0.));
#5438=CARTESIAN_POINT('Origin',(5.,50.25,0.));
#5439=CARTESIAN_POINT('',(5.,53.35,3.));
#5440=CARTESIAN_POINT('',(5.,53.35,0.));
#5441=CARTESIAN_POINT('',(5.,50.25,3.));
#5442=CARTESIAN_POINT('',(5.,0.,3.));
#5443=CARTESIAN_POINT('',(5.,50.25,0.));
#5444=CARTESIAN_POINT('Origin',(2.5,51.8,3.));
#5445=CARTESIAN_POINT('',(-0.25,53.35,3.));
#5446=CARTESIAN_POINT('',(5.25,50.25,3.));
#5447=CARTESIAN_POINT('Origin',(0.,33.35,0.));
#5448=CARTESIAN_POINT('',(0.,30.25,3.));
#5449=CARTESIAN_POINT('',(0.,30.25,0.));
#5450=CARTESIAN_POINT('',(0.,33.35,3.));
#5451=CARTESIAN_POINT('',(0.,78.6,3.));
#5452=CARTESIAN_POINT('',(0.,33.35,0.));
#5453=CARTESIAN_POINT('Origin',(5.,30.25,0.));
#5454=CARTESIAN_POINT('',(5.,33.35,3.));
#5455=CARTESIAN_POINT('',(5.,33.35,0.));
#5456=CARTESIAN_POINT('',(5.,30.25,3.));
#5457=CARTESIAN_POINT('',(5.,0.,3.));
#5458=CARTESIAN_POINT('',(5.,30.25,0.));
#5459=CARTESIAN_POINT('Origin',(2.5,31.8,3.));
#5460=CARTESIAN_POINT('',(-0.25,33.35,3.));
#5461=CARTESIAN_POINT('',(5.25,30.25,3.));
#5462=CARTESIAN_POINT('Origin',(0.,13.35,0.));
#5463=CARTESIAN_POINT('',(0.,10.25,3.));
#5464=CARTESIAN_POINT('',(0.,10.25,0.));
#5465=CARTESIAN_POINT('',(0.,13.35,3.));
#5466=CARTESIAN_POINT('',(0.,78.6,3.));
#5467=CARTESIAN_POINT('',(0.,13.35,0.));
#5468=CARTESIAN_POINT('Origin',(5.,10.25,0.));
#5469=CARTESIAN_POINT('',(5.,13.35,3.));
#5470=CARTESIAN_POINT('',(5.,13.35,0.));
#5471=CARTESIAN_POINT('',(5.,10.25,3.));
#5472=CARTESIAN_POINT('',(5.,0.,3.));
#5473=CARTESIAN_POINT('',(5.,10.25,0.));
#5474=CARTESIAN_POINT('Origin',(2.5,11.8,3.));
#5475=CARTESIAN_POINT('',(-0.25,13.35,3.));
#5476=CARTESIAN_POINT('',(5.25,10.25,3.));
#5477=CARTESIAN_POINT('Origin',(0.,8.35,0.));
#5478=CARTESIAN_POINT('',(0.,5.25,3.));
#5479=CARTESIAN_POINT('',(0.,5.25,0.));
#5480=CARTESIAN_POINT('',(0.,8.35,3.));
#5481=CARTESIAN_POINT('',(0.,78.6,3.));
#5482=CARTESIAN_POINT('',(0.,8.35,0.));
#5483=CARTESIAN_POINT('Origin',(5.,5.25,0.));
#5484=CARTESIAN_POINT('',(5.,8.35,3.));
#5485=CARTESIAN_POINT('',(5.,8.35,0.));
#5486=CARTESIAN_POINT('',(5.,5.25,3.));
#5487=CARTESIAN_POINT('',(5.,0.,3.));
#5488=CARTESIAN_POINT('',(5.,5.25,0.));
#5489=CARTESIAN_POINT('Origin',(2.5,6.8,3.));
#5490=CARTESIAN_POINT('',(-0.25,8.35,3.));
#5491=CARTESIAN_POINT('',(5.25,5.25,3.));
#5492=CARTESIAN_POINT('Origin',(0.,28.35,0.));
#5493=CARTESIAN_POINT('',(0.,25.25,3.));
#5494=CARTESIAN_POINT('',(0.,25.25,0.));
#5495=CARTESIAN_POINT('',(0.,28.35,3.));
#5496=CARTESIAN_POINT('',(0.,78.6,3.));
#5497=CARTESIAN_POINT('',(0.,28.35,0.));
#5498=CARTESIAN_POINT('Origin',(5.,25.25,0.));
#5499=CARTESIAN_POINT('',(5.,28.35,3.));
#5500=CARTESIAN_POINT('',(5.,28.35,0.));
#5501=CARTESIAN_POINT('',(5.,25.25,3.));
#5502=CARTESIAN_POINT('',(5.,0.,3.));
#5503=CARTESIAN_POINT('',(5.,25.25,0.));
#5504=CARTESIAN_POINT('Origin',(2.5,26.8,3.));
#5505=CARTESIAN_POINT('',(-0.25,28.35,3.));
#5506=CARTESIAN_POINT('',(5.25,25.25,3.));
#5507=CARTESIAN_POINT('Origin',(0.,48.35,0.));
#5508=CARTESIAN_POINT('',(0.,45.25,3.));
#5509=CARTESIAN_POINT('',(0.,45.25,0.));
#5510=CARTESIAN_POINT('',(0.,48.35,3.));
#5511=CARTESIAN_POINT('',(0.,78.6,3.));
#5512=CARTESIAN_POINT('',(0.,48.35,0.));
#5513=CARTESIAN_POINT('Origin',(5.,45.25,0.));
#5514=CARTESIAN_POINT('',(5.,48.35,3.));
#5515=CARTESIAN_POINT('',(5.,48.35,0.));
#5516=CARTESIAN_POINT('',(5.,45.25,3.));
#5517=CARTESIAN_POINT('',(5.,0.,3.));
#5518=CARTESIAN_POINT('',(5.,45.25,0.));
#5519=CARTESIAN_POINT('Origin',(2.5,46.8,3.));
#5520=CARTESIAN_POINT('',(-0.25,48.35,3.));
#5521=CARTESIAN_POINT('',(5.25,45.25,3.));
#5522=CARTESIAN_POINT('Origin',(0.,68.35,0.));
#5523=CARTESIAN_POINT('',(0.,65.25,3.));
#5524=CARTESIAN_POINT('',(0.,65.25,0.));
#5525=CARTESIAN_POINT('',(0.,68.35,3.));
#5526=CARTESIAN_POINT('',(0.,78.6,3.));
#5527=CARTESIAN_POINT('',(0.,68.35,0.));
#5528=CARTESIAN_POINT('Origin',(5.,65.25,0.));
#5529=CARTESIAN_POINT('',(5.,68.35,3.));
#5530=CARTESIAN_POINT('',(5.,68.35,0.));
#5531=CARTESIAN_POINT('',(5.,65.25,3.));
#5532=CARTESIAN_POINT('',(5.,0.,3.));
#5533=CARTESIAN_POINT('',(5.,65.25,0.));
#5534=CARTESIAN_POINT('Origin',(2.5,66.8,3.));
#5535=CARTESIAN_POINT('',(-0.25,68.35,3.));
#5536=CARTESIAN_POINT('',(5.25,65.25,3.));
#5537=CARTESIAN_POINT('Origin',(4.75,3.35,0.));
#5538=CARTESIAN_POINT('',(4.75,0.25,-1.5));
#5539=CARTESIAN_POINT('',(4.75,3.35,-1.5));
#5540=CARTESIAN_POINT('',(4.75,21.325,-1.5));
#5541=CARTESIAN_POINT('',(4.75,0.25,-4.));
#5542=CARTESIAN_POINT('',(4.75,0.25,0.));
#5543=CARTESIAN_POINT('',(4.75,3.35,-4.));
#5544=CARTESIAN_POINT('',(4.75,0.25,-4.));
#5545=CARTESIAN_POINT('',(4.75,3.35,0.));
#5546=CARTESIAN_POINT('Origin',(4.75,0.25,0.));
#5547=CARTESIAN_POINT('',(0.25,0.250000000000004,-1.5));
#5548=CARTESIAN_POINT('',(3.62499999999998,0.249999999999999,-1.5));
#5549=CARTESIAN_POINT('',(0.25,0.250000000000004,-4.));
#5550=CARTESIAN_POINT('',(0.25,0.250000000000004,0.));
#5551=CARTESIAN_POINT('',(0.25,0.250000000000004,-4.));
#5552=CARTESIAN_POINT('Origin',(0.25,0.250000000000004,0.));
#5553=CARTESIAN_POINT('',(0.25,3.35,-1.5));
#5554=CARTESIAN_POINT('',(0.25,19.775,-1.5));
#5555=CARTESIAN_POINT('',(0.25,3.35,-4.));
#5556=CARTESIAN_POINT('',(0.25,3.35,0.));
#5557=CARTESIAN_POINT('',(0.25,78.35,-4.));
#5558=CARTESIAN_POINT('Origin',(2.5,1.8,-4.));
#5559=CARTESIAN_POINT('',(-0.25,3.35,-4.));
#5560=CARTESIAN_POINT('Origin',(0.25,25.25,0.));
#5561=CARTESIAN_POINT('',(0.25,28.35,-1.5));
#5562=CARTESIAN_POINT('',(0.25,25.25,-1.5));
#5563=CARTESIAN_POINT('',(0.25,32.275,-1.5));
#5564=CARTESIAN_POINT('',(0.25,28.35,-4.));
#5565=CARTESIAN_POINT('',(0.25,28.35,0.));
#5566=CARTESIAN_POINT('',(0.25,25.25,-4.));
#5567=CARTESIAN_POINT('',(0.25,78.35,-4.));
#5568=CARTESIAN_POINT('',(0.25,25.25,0.));
#5569=CARTESIAN_POINT('Origin',(4.75,28.35,0.));
#5570=CARTESIAN_POINT('',(4.75,25.25,-1.5));
#5571=CARTESIAN_POINT('',(4.75,28.35,-1.5));
#5572=CARTESIAN_POINT('',(4.75,33.825,-1.5));
#5573=CARTESIAN_POINT('',(4.75,25.25,-4.));
#5574=CARTESIAN_POINT('',(4.75,25.25,0.));
#5575=CARTESIAN_POINT('',(4.75,28.35,-4.));
#5576=CARTESIAN_POINT('',(4.75,0.25,-4.));
#5577=CARTESIAN_POINT('',(4.75,28.35,0.));
#5578=CARTESIAN_POINT('Origin',(2.5,26.8,-4.));
#5579=CARTESIAN_POINT('',(5.25,25.25,-4.));
#5580=CARTESIAN_POINT('',(-0.25,28.35,-4.));
#5581=CARTESIAN_POINT('Origin',(0.25,45.25,0.));
#5582=CARTESIAN_POINT('',(0.25,48.35,-1.5));
#5583=CARTESIAN_POINT('',(0.25,45.25,-1.5));
#5584=CARTESIAN_POINT('',(0.25,42.275,-1.5));
#5585=CARTESIAN_POINT('',(0.25,48.35,-4.));
#5586=CARTESIAN_POINT('',(0.25,48.35,0.));
#5587=CARTESIAN_POINT('',(0.25,45.25,-4.));
#5588=CARTESIAN_POINT('',(0.25,78.35,-4.));
#5589=CARTESIAN_POINT('',(0.25,45.25,0.));
#5590=CARTESIAN_POINT('Origin',(4.75,48.35,0.));
#5591=CARTESIAN_POINT('',(4.75,45.25,-1.5));
#5592=CARTESIAN_POINT('',(4.75,48.35,-1.5));
#5593=CARTESIAN_POINT('',(4.75,43.825,-1.5));
#5594=CARTESIAN_POINT('',(4.75,45.25,-4.));
#5595=CARTESIAN_POINT('',(4.75,45.25,0.));
#5596=CARTESIAN_POINT('',(4.75,48.35,-4.));
#5597=CARTESIAN_POINT('',(4.75,0.25,-4.));
#5598=CARTESIAN_POINT('',(4.75,48.35,0.));
#5599=CARTESIAN_POINT('Origin',(2.5,46.8,-4.));
#5600=CARTESIAN_POINT('',(5.25,45.25,-4.));
#5601=CARTESIAN_POINT('',(-0.25,48.35,-4.));
#5602=CARTESIAN_POINT('Origin',(0.25,60.25,0.));
#5603=CARTESIAN_POINT('',(0.25,63.35,-1.5));
#5604=CARTESIAN_POINT('',(0.25,60.25,-1.5));
#5605=CARTESIAN_POINT('',(0.25,49.775,-1.5));
#5606=CARTESIAN_POINT('',(0.25,63.35,-4.));
#5607=CARTESIAN_POINT('',(0.25,63.35,0.));
#5608=CARTESIAN_POINT('',(0.25,60.25,-4.));
#5609=CARTESIAN_POINT('',(0.25,78.35,-4.));
#5610=CARTESIAN_POINT('',(0.25,60.25,0.));
#5611=CARTESIAN_POINT('Origin',(4.75,63.35,0.));
#5612=CARTESIAN_POINT('',(4.75,60.25,-1.5));
#5613=CARTESIAN_POINT('',(4.75,63.35,-1.5));
#5614=CARTESIAN_POINT('',(4.75,51.325,-1.5));
#5615=CARTESIAN_POINT('',(4.75,60.25,-4.));
#5616=CARTESIAN_POINT('',(4.75,60.25,0.));
#5617=CARTESIAN_POINT('',(4.75,63.35,-4.));
#5618=CARTESIAN_POINT('',(4.75,0.25,-4.));
#5619=CARTESIAN_POINT('',(4.75,63.35,0.));
#5620=CARTESIAN_POINT('Origin',(2.5,61.8,-4.));
#5621=CARTESIAN_POINT('',(5.25,60.25,-4.));
#5622=CARTESIAN_POINT('',(-0.25,63.35,-4.));
#5623=CARTESIAN_POINT('Origin',(0.25,75.25,0.));
#5624=CARTESIAN_POINT('',(0.25,78.35,-1.5));
#5625=CARTESIAN_POINT('',(0.25,75.25,-1.5));
#5626=CARTESIAN_POINT('',(0.25,57.275,-1.5));
#5627=CARTESIAN_POINT('',(0.25,78.35,-4.));
#5628=CARTESIAN_POINT('',(0.25,78.35,0.));
#5629=CARTESIAN_POINT('',(0.25,75.25,-4.));
#5630=CARTESIAN_POINT('',(0.25,78.35,-4.));
#5631=CARTESIAN_POINT('',(0.25,75.25,0.));
#5632=CARTESIAN_POINT('Origin',(0.25,78.35,0.));
#5633=CARTESIAN_POINT('',(4.75,78.35,-1.5));
#5634=CARTESIAN_POINT('',(1.375,78.35,-1.5));
#5635=CARTESIAN_POINT('',(4.75,78.35,-4.));
#5636=CARTESIAN_POINT('',(4.75,78.35,0.));
#5637=CARTESIAN_POINT('',(-0.25,78.35,-4.));
#5638=CARTESIAN_POINT('Origin',(4.75,78.35,0.));
#5639=CARTESIAN_POINT('',(4.75,75.25,-1.5));
#5640=CARTESIAN_POINT('',(4.75,58.825,-1.5));
#5641=CARTESIAN_POINT('',(4.75,75.25,-4.));
#5642=CARTESIAN_POINT('',(4.75,75.25,0.));
#5643=CARTESIAN_POINT('',(4.75,0.25,-4.));
#5644=CARTESIAN_POINT('Origin',(2.5,76.8,-4.));
#5645=CARTESIAN_POINT('',(5.25,75.25,-4.));
#5646=CARTESIAN_POINT('Origin',(0.25,55.25,0.));
#5647=CARTESIAN_POINT('',(0.25,58.35,-1.5));
#5648=CARTESIAN_POINT('',(0.25,55.25,-1.5));
#5649=CARTESIAN_POINT('',(0.25,47.275,-1.5));
#5650=CARTESIAN_POINT('',(0.25,58.35,-4.));
#5651=CARTESIAN_POINT('',(0.25,58.35,0.));
#5652=CARTESIAN_POINT('',(0.25,55.25,-4.));
#5653=CARTESIAN_POINT('',(0.25,78.35,-4.));
#5654=CARTESIAN_POINT('',(0.25,55.25,0.));
#5655=CARTESIAN_POINT('Origin',(4.75,58.35,0.));
#5656=CARTESIAN_POINT('',(4.75,55.25,-1.5));
#5657=CARTESIAN_POINT('',(4.75,58.35,-1.5));
#5658=CARTESIAN_POINT('',(4.75,48.825,-1.5));
#5659=CARTESIAN_POINT('',(4.75,55.25,-4.));
#5660=CARTESIAN_POINT('',(4.75,55.25,0.));
#5661=CARTESIAN_POINT('',(4.75,58.35,-4.));
#5662=CARTESIAN_POINT('',(4.75,0.25,-4.));
#5663=CARTESIAN_POINT('',(4.75,58.35,0.));
#5664=CARTESIAN_POINT('Origin',(2.5,56.8,-4.));
#5665=CARTESIAN_POINT('',(5.25,55.25,-4.));
#5666=CARTESIAN_POINT('',(-0.25,58.35,-4.));
#5667=CARTESIAN_POINT('Origin',(0.25,35.25,0.));
#5668=CARTESIAN_POINT('',(0.25,38.35,-1.5));
#5669=CARTESIAN_POINT('',(0.25,35.25,-1.5));
#5670=CARTESIAN_POINT('',(0.25,37.275,-1.5));
#5671=CARTESIAN_POINT('',(0.25,38.35,-4.));
#5672=CARTESIAN_POINT('',(0.25,38.35,0.));
#5673=CARTESIAN_POINT('',(0.25,35.25,-4.));
#5674=CARTESIAN_POINT('',(0.25,78.35,-4.));
#5675=CARTESIAN_POINT('',(0.25,35.25,0.));
#5676=CARTESIAN_POINT('Origin',(4.75,38.35,0.));
#5677=CARTESIAN_POINT('',(4.75,35.25,-1.5));
#5678=CARTESIAN_POINT('',(4.75,38.35,-1.5));
#5679=CARTESIAN_POINT('',(4.75,38.825,-1.5));
#5680=CARTESIAN_POINT('',(4.75,35.25,-4.));
#5681=CARTESIAN_POINT('',(4.75,35.25,0.));
#5682=CARTESIAN_POINT('',(4.75,38.35,-4.));
#5683=CARTESIAN_POINT('',(4.75,0.25,-4.));
#5684=CARTESIAN_POINT('',(4.75,38.35,0.));
#5685=CARTESIAN_POINT('Origin',(2.5,36.8,-4.));
#5686=CARTESIAN_POINT('',(5.25,35.25,-4.));
#5687=CARTESIAN_POINT('',(-0.25,38.35,-4.));
#5688=CARTESIAN_POINT('Origin',(0.25,15.25,0.));
#5689=CARTESIAN_POINT('',(0.25,18.35,-1.5));
#5690=CARTESIAN_POINT('',(0.25,15.25,-1.5));
#5691=CARTESIAN_POINT('',(0.25,27.275,-1.5));
#5692=CARTESIAN_POINT('',(0.25,18.35,-4.));
#5693=CARTESIAN_POINT('',(0.25,18.35,0.));
#5694=CARTESIAN_POINT('',(0.25,15.25,-4.));
#5695=CARTESIAN_POINT('',(0.25,78.35,-4.));
#5696=CARTESIAN_POINT('',(0.25,15.25,0.));
#5697=CARTESIAN_POINT('Origin',(4.75,18.35,0.));
#5698=CARTESIAN_POINT('',(4.75,15.25,-1.5));
#5699=CARTESIAN_POINT('',(4.75,18.35,-1.5));
#5700=CARTESIAN_POINT('',(4.75,28.825,-1.5));
#5701=CARTESIAN_POINT('',(4.75,15.25,-4.));
#5702=CARTESIAN_POINT('',(4.75,15.25,0.));
#5703=CARTESIAN_POINT('',(4.75,18.35,-4.));
#5704=CARTESIAN_POINT('',(4.75,0.25,-4.));
#5705=CARTESIAN_POINT('',(4.75,18.35,0.));
#5706=CARTESIAN_POINT('Origin',(2.5,16.8,-4.));
#5707=CARTESIAN_POINT('',(5.25,15.25,-4.));
#5708=CARTESIAN_POINT('',(-0.25,18.35,-4.));
#5709=CARTESIAN_POINT('Origin',(0.25,5.25,0.));
#5710=CARTESIAN_POINT('',(0.25,8.35,-1.5));
#5711=CARTESIAN_POINT('',(0.25,5.25,-1.5));
#5712=CARTESIAN_POINT('',(0.25,22.275,-1.5));
#5713=CARTESIAN_POINT('',(0.25,8.35,-4.));
#5714=CARTESIAN_POINT('',(0.25,8.35,0.));
#5715=CARTESIAN_POINT('',(0.25,5.25,-4.));
#5716=CARTESIAN_POINT('',(0.25,78.35,-4.));
#5717=CARTESIAN_POINT('',(0.25,5.25,0.));
#5718=CARTESIAN_POINT('Origin',(4.75,8.35,0.));
#5719=CARTESIAN_POINT('',(4.75,5.25,-1.5));
#5720=CARTESIAN_POINT('',(4.75,8.35,-1.5));
#5721=CARTESIAN_POINT('',(4.75,23.825,-1.5));
#5722=CARTESIAN_POINT('',(4.75,5.25,-4.));
#5723=CARTESIAN_POINT('',(4.75,5.25,0.));
#5724=CARTESIAN_POINT('',(4.75,8.35,-4.));
#5725=CARTESIAN_POINT('',(4.75,0.25,-4.));
#5726=CARTESIAN_POINT('',(4.75,8.35,0.));
#5727=CARTESIAN_POINT('Origin',(2.5,6.8,-4.));
#5728=CARTESIAN_POINT('',(5.25,5.25,-4.));
#5729=CARTESIAN_POINT('',(-0.25,8.35,-4.));
#5730=CARTESIAN_POINT('Origin',(0.25,20.25,0.));
#5731=CARTESIAN_POINT('',(0.25,23.35,-1.5));
#5732=CARTESIAN_POINT('',(0.25,20.25,-1.5));
#5733=CARTESIAN_POINT('',(0.25,29.775,-1.5));
#5734=CARTESIAN_POINT('',(0.25,23.35,-4.));
#5735=CARTESIAN_POINT('',(0.25,23.35,0.));
#5736=CARTESIAN_POINT('',(0.25,20.25,-4.));
#5737=CARTESIAN_POINT('',(0.25,78.35,-4.));
#5738=CARTESIAN_POINT('',(0.25,20.25,0.));
#5739=CARTESIAN_POINT('Origin',(4.75,23.35,0.));
#5740=CARTESIAN_POINT('',(4.75,20.25,-1.5));
#5741=CARTESIAN_POINT('',(4.75,23.35,-1.5));
#5742=CARTESIAN_POINT('',(4.75,31.325,-1.5));
#5743=CARTESIAN_POINT('',(4.75,20.25,-4.));
#5744=CARTESIAN_POINT('',(4.75,20.25,0.));
#5745=CARTESIAN_POINT('',(4.75,23.35,-4.));
#5746=CARTESIAN_POINT('',(4.75,0.25,-4.));
#5747=CARTESIAN_POINT('',(4.75,23.35,0.));
#5748=CARTESIAN_POINT('Origin',(2.5,21.8,-4.));
#5749=CARTESIAN_POINT('',(5.25,20.25,-4.));
#5750=CARTESIAN_POINT('',(-0.25,23.35,-4.));
#5751=CARTESIAN_POINT('Origin',(0.25,40.25,0.));
#5752=CARTESIAN_POINT('',(0.25,43.35,-1.5));
#5753=CARTESIAN_POINT('',(0.25,40.25,-1.5));
#5754=CARTESIAN_POINT('',(0.25,39.775,-1.5));
#5755=CARTESIAN_POINT('',(0.25,43.35,-4.));
#5756=CARTESIAN_POINT('',(0.25,43.35,0.));
#5757=CARTESIAN_POINT('',(0.25,40.25,-4.));
#5758=CARTESIAN_POINT('',(0.25,78.35,-4.));
#5759=CARTESIAN_POINT('',(0.25,40.25,0.));
#5760=CARTESIAN_POINT('Origin',(4.75,43.35,0.));
#5761=CARTESIAN_POINT('',(4.75,40.25,-1.5));
#5762=CARTESIAN_POINT('',(4.75,43.35,-1.5));
#5763=CARTESIAN_POINT('',(4.75,41.325,-1.5));
#5764=CARTESIAN_POINT('',(4.75,40.25,-4.));
#5765=CARTESIAN_POINT('',(4.75,40.25,0.));
#5766=CARTESIAN_POINT('',(4.75,43.35,-4.));
#5767=CARTESIAN_POINT('',(4.75,0.25,-4.));
#5768=CARTESIAN_POINT('',(4.75,43.35,0.));
#5769=CARTESIAN_POINT('Origin',(2.5,41.8,-4.));
#5770=CARTESIAN_POINT('',(5.25,40.25,-4.));
#5771=CARTESIAN_POINT('',(-0.25,43.35,-4.));
#5772=CARTESIAN_POINT('Origin',(0.25,65.25,0.));
#5773=CARTESIAN_POINT('',(0.25,68.35,-1.5));
#5774=CARTESIAN_POINT('',(0.25,65.25,-1.5));
#5775=CARTESIAN_POINT('',(0.25,52.275,-1.5));
#5776=CARTESIAN_POINT('',(0.25,68.35,-4.));
#5777=CARTESIAN_POINT('',(0.25,68.35,0.));
#5778=CARTESIAN_POINT('',(0.25,65.25,-4.));
#5779=CARTESIAN_POINT('',(0.25,78.35,-4.));
#5780=CARTESIAN_POINT('',(0.25,65.25,0.));
#5781=CARTESIAN_POINT('Origin',(4.75,68.35,0.));
#5782=CARTESIAN_POINT('',(4.75,65.25,-1.5));
#5783=CARTESIAN_POINT('',(4.75,68.35,-1.5));
#5784=CARTESIAN_POINT('',(4.75,53.825,-1.5));
#5785=CARTESIAN_POINT('',(4.75,65.25,-4.));
#5786=CARTESIAN_POINT('',(4.75,65.25,0.));
#5787=CARTESIAN_POINT('',(4.75,68.35,-4.));
#5788=CARTESIAN_POINT('',(4.75,0.25,-4.));
#5789=CARTESIAN_POINT('',(4.75,68.35,0.));
#5790=CARTESIAN_POINT('Origin',(2.5,66.8,-4.));
#5791=CARTESIAN_POINT('',(5.25,65.25,-4.));
#5792=CARTESIAN_POINT('',(-0.25,68.35,-4.));
#5793=CARTESIAN_POINT('Origin',(0.25,70.25,0.));
#5794=CARTESIAN_POINT('',(0.25,73.35,-1.5));
#5795=CARTESIAN_POINT('',(0.25,70.25,-1.5));
#5796=CARTESIAN_POINT('',(0.25,54.775,-1.5));
#5797=CARTESIAN_POINT('',(0.25,73.35,-4.));
#5798=CARTESIAN_POINT('',(0.25,73.35,0.));
#5799=CARTESIAN_POINT('',(0.25,70.25,-4.));
#5800=CARTESIAN_POINT('',(0.25,78.35,-4.));
#5801=CARTESIAN_POINT('',(0.25,70.25,0.));
#5802=CARTESIAN_POINT('Origin',(4.75,73.35,0.));
#5803=CARTESIAN_POINT('',(4.75,70.25,-1.5));
#5804=CARTESIAN_POINT('',(4.75,73.35,-1.5));
#5805=CARTESIAN_POINT('',(4.75,56.325,-1.5));
#5806=CARTESIAN_POINT('',(4.75,70.25,-4.));
#5807=CARTESIAN_POINT('',(4.75,70.25,0.));
#5808=CARTESIAN_POINT('',(4.75,73.35,-4.));
#5809=CARTESIAN_POINT('',(4.75,0.25,-4.));
#5810=CARTESIAN_POINT('',(4.75,73.35,0.));
#5811=CARTESIAN_POINT('Origin',(2.5,71.8,-4.));
#5812=CARTESIAN_POINT('',(5.25,70.25,-4.));
#5813=CARTESIAN_POINT('',(-0.25,73.35,-4.));
#5814=CARTESIAN_POINT('Origin',(0.25,50.25,0.));
#5815=CARTESIAN_POINT('',(0.25,53.35,-1.5));
#5816=CARTESIAN_POINT('',(0.25,50.25,-1.5));
#5817=CARTESIAN_POINT('',(0.25,44.775,-1.5));
#5818=CARTESIAN_POINT('',(0.25,53.35,-4.));
#5819=CARTESIAN_POINT('',(0.25,53.35,0.));
#5820=CARTESIAN_POINT('',(0.25,50.25,-4.));
#5821=CARTESIAN_POINT('',(0.25,78.35,-4.));
#5822=CARTESIAN_POINT('',(0.25,50.25,0.));
#5823=CARTESIAN_POINT('Origin',(4.75,53.35,0.));
#5824=CARTESIAN_POINT('',(4.75,50.25,-1.5));
#5825=CARTESIAN_POINT('',(4.75,53.35,-1.5));
#5826=CARTESIAN_POINT('',(4.75,46.325,-1.5));
#5827=CARTESIAN_POINT('',(4.75,50.25,-4.));
#5828=CARTESIAN_POINT('',(4.75,50.25,0.));
#5829=CARTESIAN_POINT('',(4.75,53.35,-4.));
#5830=CARTESIAN_POINT('',(4.75,0.25,-4.));
#5831=CARTESIAN_POINT('',(4.75,53.35,0.));
#5832=CARTESIAN_POINT('Origin',(2.5,51.8,-4.));
#5833=CARTESIAN_POINT('',(5.25,50.25,-4.));
#5834=CARTESIAN_POINT('',(-0.25,53.35,-4.));
#5835=CARTESIAN_POINT('Origin',(0.25,30.25,0.));
#5836=CARTESIAN_POINT('',(0.25,33.35,-1.5));
#5837=CARTESIAN_POINT('',(0.25,30.25,-1.5));
#5838=CARTESIAN_POINT('',(0.25,34.775,-1.5));
#5839=CARTESIAN_POINT('',(0.25,33.35,-4.));
#5840=CARTESIAN_POINT('',(0.25,33.35,0.));
#5841=CARTESIAN_POINT('',(0.25,30.25,-4.));
#5842=CARTESIAN_POINT('',(0.25,78.35,-4.));
#5843=CARTESIAN_POINT('',(0.25,30.25,0.));
#5844=CARTESIAN_POINT('Origin',(4.75,33.35,0.));
#5845=CARTESIAN_POINT('',(4.75,30.25,-1.5));
#5846=CARTESIAN_POINT('',(4.75,33.35,-1.5));
#5847=CARTESIAN_POINT('',(4.75,36.325,-1.5));
#5848=CARTESIAN_POINT('',(4.75,30.25,-4.));
#5849=CARTESIAN_POINT('',(4.75,30.25,0.));
#5850=CARTESIAN_POINT('',(4.75,33.35,-4.));
#5851=CARTESIAN_POINT('',(4.75,0.25,-4.));
#5852=CARTESIAN_POINT('',(4.75,33.35,0.));
#5853=CARTESIAN_POINT('Origin',(2.5,31.8,-4.));
#5854=CARTESIAN_POINT('',(5.25,30.25,-4.));
#5855=CARTESIAN_POINT('',(-0.25,33.35,-4.));
#5856=CARTESIAN_POINT('Origin',(5.25,30.25,0.));
#5857=CARTESIAN_POINT('',(5.25,30.25,-1.5));
#5858=CARTESIAN_POINT('',(5.25,30.25,-1.5));
#5859=CARTESIAN_POINT('',(5.25,30.25,0.));
#5860=CARTESIAN_POINT('',(-0.25,30.25,-1.5));
#5861=CARTESIAN_POINT('',(-0.25,30.25,0.));
#5862=CARTESIAN_POINT('',(5.25,30.25,-1.5));
#5863=CARTESIAN_POINT('Origin',(2.5,39.3,-1.5));
#5864=CARTESIAN_POINT('',(-1.5,-1.5,-1.5));
#5865=CARTESIAN_POINT('',(-1.5,80.1,-1.5));
#5866=CARTESIAN_POINT('',(-1.5,80.1,-1.5));
#5867=CARTESIAN_POINT('',(6.5,80.1,-1.5));
#5868=CARTESIAN_POINT('',(6.5,80.1,-1.5));
#5869=CARTESIAN_POINT('',(6.5,-1.5,-1.5));
#5870=CARTESIAN_POINT('',(6.5,-1.5,-1.5));
#5871=CARTESIAN_POINT('',(-1.5,-1.5,-1.5));
#5872=CARTESIAN_POINT('',(5.25,3.35,-1.5));
#5873=CARTESIAN_POINT('',(-0.25,3.35,-1.5));
#5874=CARTESIAN_POINT('',(5.25,5.25,-1.5));
#5875=CARTESIAN_POINT('',(5.25,-0.25,-1.5));
#5876=CARTESIAN_POINT('',(5.25,5.25,-1.5));
#5877=CARTESIAN_POINT('',(5.25,8.35,-1.5));
#5878=CARTESIAN_POINT('',(-0.25,8.35,-1.5));
#5879=CARTESIAN_POINT('',(5.25,10.25,-1.5));
#5880=CARTESIAN_POINT('',(5.25,-0.25,-1.5));
#5881=CARTESIAN_POINT('',(4.75,10.25,-1.5));
#5882=CARTESIAN_POINT('',(5.25,10.25,-1.5));
#5883=CARTESIAN_POINT('',(4.75,13.35,-1.5));
#5884=CARTESIAN_POINT('',(4.75,26.325,-1.5));
#5885=CARTESIAN_POINT('',(5.25,13.35,-1.5));
#5886=CARTESIAN_POINT('',(-0.25,13.35,-1.5));
#5887=CARTESIAN_POINT('',(5.25,15.25,-1.5));
#5888=CARTESIAN_POINT('',(5.25,-0.25,-1.5));
#5889=CARTESIAN_POINT('',(5.25,15.25,-1.5));
#5890=CARTESIAN_POINT('',(5.25,18.35,-1.5));
#5891=CARTESIAN_POINT('',(-0.25,18.35,-1.5));
#5892=CARTESIAN_POINT('',(5.25,20.25,-1.5));
#5893=CARTESIAN_POINT('',(5.25,-0.25,-1.5));
#5894=CARTESIAN_POINT('',(5.25,20.25,-1.5));
#5895=CARTESIAN_POINT('',(5.25,23.35,-1.5));
#5896=CARTESIAN_POINT('',(-0.25,23.35,-1.5));
#5897=CARTESIAN_POINT('',(5.25,25.25,-1.5));
#5898=CARTESIAN_POINT('',(5.25,-0.25,-1.5));
#5899=CARTESIAN_POINT('',(5.25,25.25,-1.5));
#5900=CARTESIAN_POINT('',(5.25,28.35,-1.5));
#5901=CARTESIAN_POINT('',(-0.25,28.35,-1.5));
#5902=CARTESIAN_POINT('',(5.25,-0.25,-1.5));
#5903=CARTESIAN_POINT('',(5.25,33.35,-1.5));
#5904=CARTESIAN_POINT('',(-0.25,33.35,-1.5));
#5905=CARTESIAN_POINT('',(5.25,35.25,-1.5));
#5906=CARTESIAN_POINT('',(5.25,-0.25,-1.5));
#5907=CARTESIAN_POINT('',(5.25,35.25,-1.5));
#5908=CARTESIAN_POINT('',(5.25,38.35,-1.5));
#5909=CARTESIAN_POINT('',(-0.25,38.35,-1.5));
#5910=CARTESIAN_POINT('',(5.25,40.25,-1.5));
#5911=CARTESIAN_POINT('',(5.25,-0.25,-1.5));
#5912=CARTESIAN_POINT('',(5.25,40.25,-1.5));
#5913=CARTESIAN_POINT('',(5.25,43.35,-1.5));
#5914=CARTESIAN_POINT('',(-0.25,43.35,-1.5));
#5915=CARTESIAN_POINT('',(5.25,45.25,-1.5));
#5916=CARTESIAN_POINT('',(5.25,-0.25,-1.5));
#5917=CARTESIAN_POINT('',(5.25,45.25,-1.5));
#5918=CARTESIAN_POINT('',(5.25,48.35,-1.5));
#5919=CARTESIAN_POINT('',(-0.25,48.35,-1.5));
#5920=CARTESIAN_POINT('',(5.25,50.25,-1.5));
#5921=CARTESIAN_POINT('',(5.25,-0.25,-1.5));
#5922=CARTESIAN_POINT('',(5.25,50.25,-1.5));
#5923=CARTESIAN_POINT('',(5.25,53.35,-1.5));
#5924=CARTESIAN_POINT('',(-0.25,53.35,-1.5));
#5925=CARTESIAN_POINT('',(5.25,55.25,-1.5));
#5926=CARTESIAN_POINT('',(5.25,-0.25,-1.5));
#5927=CARTESIAN_POINT('',(5.25,55.25,-1.5));
#5928=CARTESIAN_POINT('',(5.25,58.35,-1.5));
#5929=CARTESIAN_POINT('',(-0.25,58.35,-1.5));
#5930=CARTESIAN_POINT('',(5.25,60.25,-1.5));
#5931=CARTESIAN_POINT('',(5.25,-0.25,-1.5));
#5932=CARTESIAN_POINT('',(5.25,60.25,-1.5));
#5933=CARTESIAN_POINT('',(5.25,63.35,-1.5));
#5934=CARTESIAN_POINT('',(-0.25,63.35,-1.5));
#5935=CARTESIAN_POINT('',(5.25,65.25,-1.5));
#5936=CARTESIAN_POINT('',(5.25,-0.25,-1.5));
#5937=CARTESIAN_POINT('',(5.25,65.25,-1.5));
#5938=CARTESIAN_POINT('',(5.25,68.35,-1.5));
#5939=CARTESIAN_POINT('',(-0.25,68.35,-1.5));
#5940=CARTESIAN_POINT('',(5.25,70.25,-1.5));
#5941=CARTESIAN_POINT('',(5.25,-0.25,-1.5));
#5942=CARTESIAN_POINT('',(5.25,70.25,-1.5));
#5943=CARTESIAN_POINT('',(5.25,73.35,-1.5));
#5944=CARTESIAN_POINT('',(-0.25,73.35,-1.5));
#5945=CARTESIAN_POINT('',(5.25,75.25,-1.5));
#5946=CARTESIAN_POINT('',(5.25,-0.25,-1.5));
#5947=CARTESIAN_POINT('',(5.25,75.25,-1.5));
#5948=CARTESIAN_POINT('',(-0.25,75.25,-1.5));
#5949=CARTESIAN_POINT('',(5.25,75.25,-1.5));
#5950=CARTESIAN_POINT('',(-0.25,73.35,-1.5));
#5951=CARTESIAN_POINT('',(-0.25,78.85,-1.5));
#5952=CARTESIAN_POINT('',(-0.25,73.35,-1.5));
#5953=CARTESIAN_POINT('',(-0.25,70.25,-1.5));
#5954=CARTESIAN_POINT('',(5.25,70.25,-1.5));
#5955=CARTESIAN_POINT('',(-0.25,68.35,-1.5));
#5956=CARTESIAN_POINT('',(-0.25,78.85,-1.5));
#5957=CARTESIAN_POINT('',(-0.25,68.35,-1.5));
#5958=CARTESIAN_POINT('',(-0.25,65.25,-1.5));
#5959=CARTESIAN_POINT('',(5.25,65.25,-1.5));
#5960=CARTESIAN_POINT('',(-0.25,63.35,-1.5));
#5961=CARTESIAN_POINT('',(-0.25,78.85,-1.5));
#5962=CARTESIAN_POINT('',(-0.25,63.35,-1.5));
#5963=CARTESIAN_POINT('',(-0.25,60.25,-1.5));
#5964=CARTESIAN_POINT('',(5.25,60.25,-1.5));
#5965=CARTESIAN_POINT('',(-0.25,58.35,-1.5));
#5966=CARTESIAN_POINT('',(-0.25,78.85,-1.5));
#5967=CARTESIAN_POINT('',(-0.25,58.35,-1.5));
#5968=CARTESIAN_POINT('',(-0.25,55.25,-1.5));
#5969=CARTESIAN_POINT('',(5.25,55.25,-1.5));
#5970=CARTESIAN_POINT('',(-0.25,53.35,-1.5));
#5971=CARTESIAN_POINT('',(-0.25,78.85,-1.5));
#5972=CARTESIAN_POINT('',(-0.25,53.35,-1.5));
#5973=CARTESIAN_POINT('',(-0.25,50.25,-1.5));
#5974=CARTESIAN_POINT('',(5.25,50.25,-1.5));
#5975=CARTESIAN_POINT('',(-0.25,48.35,-1.5));
#5976=CARTESIAN_POINT('',(-0.25,78.85,-1.5));
#5977=CARTESIAN_POINT('',(-0.25,48.35,-1.5));
#5978=CARTESIAN_POINT('',(-0.25,45.25,-1.5));
#5979=CARTESIAN_POINT('',(5.25,45.25,-1.5));
#5980=CARTESIAN_POINT('',(-0.25,43.35,-1.5));
#5981=CARTESIAN_POINT('',(-0.25,78.85,-1.5));
#5982=CARTESIAN_POINT('',(-0.25,43.35,-1.5));
#5983=CARTESIAN_POINT('',(-0.25,40.25,-1.5));
#5984=CARTESIAN_POINT('',(5.25,40.25,-1.5));
#5985=CARTESIAN_POINT('',(-0.25,38.35,-1.5));
#5986=CARTESIAN_POINT('',(-0.25,78.85,-1.5));
#5987=CARTESIAN_POINT('',(-0.25,38.35,-1.5));
#5988=CARTESIAN_POINT('',(-0.25,35.25,-1.5));
#5989=CARTESIAN_POINT('',(5.25,35.25,-1.5));
#5990=CARTESIAN_POINT('',(-0.25,33.35,-1.5));
#5991=CARTESIAN_POINT('',(-0.25,78.85,-1.5));
#5992=CARTESIAN_POINT('',(-0.25,33.35,-1.5));
#5993=CARTESIAN_POINT('',(-0.25,28.35,-1.5));
#5994=CARTESIAN_POINT('',(-0.25,78.85,-1.5));
#5995=CARTESIAN_POINT('',(-0.25,28.35,-1.5));
#5996=CARTESIAN_POINT('',(-0.25,25.25,-1.5));
#5997=CARTESIAN_POINT('',(5.25,25.25,-1.5));
#5998=CARTESIAN_POINT('',(-0.25,23.35,-1.5));
#5999=CARTESIAN_POINT('',(-0.25,78.85,-1.5));
#6000=CARTESIAN_POINT('',(-0.25,23.35,-1.5));
#6001=CARTESIAN_POINT('',(-0.25,20.25,-1.5));
#6002=CARTESIAN_POINT('',(5.25,20.25,-1.5));
#6003=CARTESIAN_POINT('',(-0.25,18.35,-1.5));
#6004=CARTESIAN_POINT('',(-0.25,78.85,-1.5));
#6005=CARTESIAN_POINT('',(-0.25,18.35,-1.5));
#6006=CARTESIAN_POINT('',(-0.25,15.25,-1.5));
#6007=CARTESIAN_POINT('',(5.25,15.25,-1.5));
#6008=CARTESIAN_POINT('',(-0.25,13.35,-1.5));
#6009=CARTESIAN_POINT('',(-0.25,78.85,-1.5));
#6010=CARTESIAN_POINT('',(0.25,13.35,-1.5));
#6011=CARTESIAN_POINT('',(-0.25,13.35,-1.5));
#6012=CARTESIAN_POINT('',(0.25,10.25,-1.5));
#6013=CARTESIAN_POINT('',(0.25,24.775,-1.5));
#6014=CARTESIAN_POINT('',(-0.25,10.25,-1.5));
#6015=CARTESIAN_POINT('',(5.25,10.25,-1.5));
#6016=CARTESIAN_POINT('',(-0.25,8.35,-1.5));
#6017=CARTESIAN_POINT('',(-0.25,78.85,-1.5));
#6018=CARTESIAN_POINT('',(-0.25,8.35,-1.5));
#6019=CARTESIAN_POINT('',(-0.25,5.25,-1.5));
#6020=CARTESIAN_POINT('',(5.25,5.25,-1.5));
#6021=CARTESIAN_POINT('',(-0.25,3.35,-1.5));
#6022=CARTESIAN_POINT('',(-0.25,78.85,-1.5));
#6023=CARTESIAN_POINT('',(-0.25,3.35,-1.5));
#6024=CARTESIAN_POINT('Origin',(-0.25,33.35,0.));
#6025=CARTESIAN_POINT('',(-0.25,33.35,0.));
#6026=CARTESIAN_POINT('',(5.25,33.35,0.));
#6027=CARTESIAN_POINT('Origin',(4.75,13.35,0.));
#6028=CARTESIAN_POINT('',(4.75,10.25,-4.));
#6029=CARTESIAN_POINT('',(4.75,10.25,0.));
#6030=CARTESIAN_POINT('',(4.75,13.35,-4.));
#6031=CARTESIAN_POINT('',(4.75,0.25,-4.));
#6032=CARTESIAN_POINT('',(4.75,13.35,0.));
#6033=CARTESIAN_POINT('Origin',(0.25,10.25,0.));
#6034=CARTESIAN_POINT('',(0.25,13.35,-4.));
#6035=CARTESIAN_POINT('',(0.25,13.35,0.));
#6036=CARTESIAN_POINT('',(0.25,10.25,-4.));
#6037=CARTESIAN_POINT('',(0.25,78.35,-4.));
#6038=CARTESIAN_POINT('',(0.25,10.25,0.));
#6039=CARTESIAN_POINT('Origin',(2.5,11.8,-4.));
#6040=CARTESIAN_POINT('',(5.25,10.25,-4.));
#6041=CARTESIAN_POINT('',(-0.25,13.35,-4.));
#6042=CARTESIAN_POINT('Origin',(5.25,8.35,0.));
#6043=CARTESIAN_POINT('',(5.25,10.25,0.));
#6044=CARTESIAN_POINT('',(5.25,8.35,0.));
#6045=CARTESIAN_POINT('Origin',(-0.25,8.35,0.));
#6046=CARTESIAN_POINT('',(-0.25,8.35,0.));
#6047=CARTESIAN_POINT('Origin',(-0.25,10.25,0.));
#6048=CARTESIAN_POINT('',(-0.25,10.25,0.));
#6049=CARTESIAN_POINT('Origin',(5.25,10.25,0.));
#6050=CARTESIAN_POINT('Origin',(5.25,53.35,0.));
#6051=CARTESIAN_POINT('',(5.25,55.25,0.));
#6052=CARTESIAN_POINT('',(5.25,53.35,0.));
#6053=CARTESIAN_POINT('Origin',(-0.25,53.35,0.));
#6054=CARTESIAN_POINT('',(-0.25,53.35,0.));
#6055=CARTESIAN_POINT('Origin',(-0.25,55.25,0.));
#6056=CARTESIAN_POINT('',(-0.25,55.25,0.));
#6057=CARTESIAN_POINT('Origin',(5.25,55.25,0.));
#6058=CARTESIAN_POINT('Origin',(5.25,63.35,0.));
#6059=CARTESIAN_POINT('',(5.25,65.25,0.));
#6060=CARTESIAN_POINT('',(5.25,63.35,0.));
#6061=CARTESIAN_POINT('Origin',(-0.25,63.35,0.));
#6062=CARTESIAN_POINT('',(-0.25,63.35,0.));
#6063=CARTESIAN_POINT('Origin',(-0.25,65.25,0.));
#6064=CARTESIAN_POINT('',(-0.25,65.25,0.));
#6065=CARTESIAN_POINT('Origin',(5.25,65.25,0.));
#6066=CARTESIAN_POINT('Origin',(5.25,58.35,0.));
#6067=CARTESIAN_POINT('',(5.25,60.25,0.));
#6068=CARTESIAN_POINT('',(5.25,58.35,0.));
#6069=CARTESIAN_POINT('Origin',(-0.25,58.35,0.));
#6070=CARTESIAN_POINT('',(-0.25,58.35,0.));
#6071=CARTESIAN_POINT('Origin',(-0.25,60.25,0.));
#6072=CARTESIAN_POINT('',(-0.25,60.25,0.));
#6073=CARTESIAN_POINT('Origin',(5.25,60.25,0.));
#6074=CARTESIAN_POINT('Origin',(5.25,48.35,0.));
#6075=CARTESIAN_POINT('',(5.25,50.25,0.));
#6076=CARTESIAN_POINT('',(5.25,48.35,0.));
#6077=CARTESIAN_POINT('Origin',(-0.25,48.35,0.));
#6078=CARTESIAN_POINT('',(-0.25,48.35,0.));
#6079=CARTESIAN_POINT('Origin',(-0.25,50.25,0.));
#6080=CARTESIAN_POINT('',(-0.25,50.25,0.));
#6081=CARTESIAN_POINT('Origin',(5.25,50.25,0.));
#6082=CARTESIAN_POINT('Origin',(5.25,18.35,0.));
#6083=CARTESIAN_POINT('',(5.25,20.25,0.));
#6084=CARTESIAN_POINT('',(5.25,18.35,0.));
#6085=CARTESIAN_POINT('Origin',(-0.25,18.35,0.));
#6086=CARTESIAN_POINT('',(-0.25,18.35,0.));
#6087=CARTESIAN_POINT('Origin',(-0.25,20.25,0.));
#6088=CARTESIAN_POINT('',(-0.25,20.25,0.));
#6089=CARTESIAN_POINT('Origin',(5.25,20.25,0.));
#6090=CARTESIAN_POINT('Origin',(5.25,33.35,0.));
#6091=CARTESIAN_POINT('',(5.25,35.25,0.));
#6092=CARTESIAN_POINT('Origin',(-0.25,35.25,0.));
#6093=CARTESIAN_POINT('',(-0.25,35.25,0.));
#6094=CARTESIAN_POINT('Origin',(5.25,35.25,0.));
#6095=CARTESIAN_POINT('Origin',(5.25,13.35,0.));
#6096=CARTESIAN_POINT('',(5.25,15.25,0.));
#6097=CARTESIAN_POINT('',(5.25,13.35,0.));
#6098=CARTESIAN_POINT('Origin',(-0.25,13.35,0.));
#6099=CARTESIAN_POINT('',(-0.25,13.35,0.));
#6100=CARTESIAN_POINT('Origin',(-0.25,15.25,0.));
#6101=CARTESIAN_POINT('',(-0.25,15.25,0.));
#6102=CARTESIAN_POINT('Origin',(5.25,15.25,0.));
#6103=CARTESIAN_POINT('Origin',(5.25,3.35,0.));
#6104=CARTESIAN_POINT('',(5.25,5.25,0.));
#6105=CARTESIAN_POINT('',(5.25,3.35,0.));
#6106=CARTESIAN_POINT('Origin',(-0.25,3.35,0.));
#6107=CARTESIAN_POINT('',(-0.25,3.35,0.));
#6108=CARTESIAN_POINT('Origin',(-0.25,5.25,0.));
#6109=CARTESIAN_POINT('',(-0.25,5.25,0.));
#6110=CARTESIAN_POINT('Origin',(5.25,5.25,0.));
#6111=CARTESIAN_POINT('Origin',(5.25,38.35,0.));
#6112=CARTESIAN_POINT('',(5.25,40.25,0.));
#6113=CARTESIAN_POINT('',(5.25,38.35,0.));
#6114=CARTESIAN_POINT('Origin',(-0.25,38.35,0.));
#6115=CARTESIAN_POINT('',(-0.25,38.35,0.));
#6116=CARTESIAN_POINT('Origin',(-0.25,40.25,0.));
#6117=CARTESIAN_POINT('',(-0.25,40.25,0.));
#6118=CARTESIAN_POINT('Origin',(5.25,40.25,0.));
#6119=CARTESIAN_POINT('Origin',(5.25,23.35,0.));
#6120=CARTESIAN_POINT('',(5.25,25.25,0.));
#6121=CARTESIAN_POINT('',(5.25,23.35,0.));
#6122=CARTESIAN_POINT('Origin',(-0.25,23.35,0.));
#6123=CARTESIAN_POINT('',(-0.25,23.35,0.));
#6124=CARTESIAN_POINT('Origin',(-0.25,25.25,0.));
#6125=CARTESIAN_POINT('',(-0.25,25.25,0.));
#6126=CARTESIAN_POINT('Origin',(5.25,25.25,0.));
#6127=CARTESIAN_POINT('Origin',(5.25,68.35,0.));
#6128=CARTESIAN_POINT('',(5.25,70.25,0.));
#6129=CARTESIAN_POINT('',(5.25,68.35,0.));
#6130=CARTESIAN_POINT('Origin',(-0.25,68.35,0.));
#6131=CARTESIAN_POINT('',(-0.25,68.35,0.));
#6132=CARTESIAN_POINT('Origin',(-0.25,70.25,0.));
#6133=CARTESIAN_POINT('',(-0.25,70.25,0.));
#6134=CARTESIAN_POINT('Origin',(5.25,70.25,0.));
#6135=CARTESIAN_POINT('Origin',(5.25,28.35,0.));
#6136=CARTESIAN_POINT('',(5.25,28.35,0.));
#6137=CARTESIAN_POINT('Origin',(-0.25,28.35,0.));
#6138=CARTESIAN_POINT('',(-0.25,28.35,0.));
#6139=CARTESIAN_POINT('Origin',(-0.25,30.25,0.));
#6140=CARTESIAN_POINT('Origin',(5.25,73.35,0.));
#6141=CARTESIAN_POINT('',(5.25,75.25,0.));
#6142=CARTESIAN_POINT('',(5.25,73.35,0.));
#6143=CARTESIAN_POINT('Origin',(-0.25,73.35,0.));
#6144=CARTESIAN_POINT('',(-0.25,73.35,0.));
#6145=CARTESIAN_POINT('Origin',(-0.25,75.25,0.));
#6146=CARTESIAN_POINT('',(-0.25,75.25,0.));
#6147=CARTESIAN_POINT('Origin',(5.25,75.25,0.));
#6148=CARTESIAN_POINT('Origin',(5.25,43.35,0.));
#6149=CARTESIAN_POINT('',(5.25,45.25,0.));
#6150=CARTESIAN_POINT('',(5.25,43.35,0.));
#6151=CARTESIAN_POINT('Origin',(-0.25,43.35,0.));
#6152=CARTESIAN_POINT('',(-0.25,43.35,0.));
#6153=CARTESIAN_POINT('Origin',(-0.25,45.25,0.));
#6154=CARTESIAN_POINT('',(-0.25,45.25,0.));
#6155=CARTESIAN_POINT('Origin',(5.25,45.25,0.));
#6156=CARTESIAN_POINT('Origin',(6.5,-1.5,0.));
#6157=CARTESIAN_POINT('',(-1.5,-1.5,0.));
#6158=CARTESIAN_POINT('',(6.5,-1.5,0.));
#6159=CARTESIAN_POINT('Origin',(6.5,80.1,0.));
#6160=CARTESIAN_POINT('',(6.5,80.1,0.));
#6161=CARTESIAN_POINT('Origin',(-1.5,80.1,0.));
#6162=CARTESIAN_POINT('',(-1.5,80.1,0.));
#6163=CARTESIAN_POINT('Origin',(-1.5,-1.5,0.));
#6164=UNCERTAINTY_MEASURE_WITH_UNIT(LENGTH_MEASURE(0.01),#6168,
'DISTANCE_ACCURACY_VALUE',
'Maximum model space distance between geometric entities at asserted c
onnectivities');
#6165=UNCERTAINTY_MEASURE_WITH_UNIT(LENGTH_MEASURE(0.01),#6168,
'DISTANCE_ACCURACY_VALUE',
'Maximum model space distance between geometric entities at asserted c
onnectivities');
#6166=(
GEOMETRIC_REPRESENTATION_CONTEXT(3)
GLOBAL_UNCERTAINTY_ASSIGNED_CONTEXT((#6164))
GLOBAL_UNIT_ASSIGNED_CONTEXT((#6168,#6170,#6171))
REPRESENTATION_CONTEXT('','3D')
);
#6167=(
GEOMETRIC_REPRESENTATION_CONTEXT(3)
GLOBAL_UNCERTAINTY_ASSIGNED_CONTEXT((#6165))
GLOBAL_UNIT_ASSIGNED_CONTEXT((#6168,#6170,#6171))
REPRESENTATION_CONTEXT('','3D')
);
#6168=(
LENGTH_UNIT()
NAMED_UNIT(*)
SI_UNIT(.MILLI.,.METRE.)
);
#6169=(
LENGTH_UNIT()
NAMED_UNIT(*)
SI_UNIT($,.METRE.)
);
#6170=(
NAMED_UNIT(*)
PLANE_ANGLE_UNIT()
SI_UNIT($,.RADIAN.)
);
#6171=(
NAMED_UNIT(*)
SI_UNIT($,.STERADIAN.)
SOLID_ANGLE_UNIT()
);
#6172=SHAPE_DEFINITION_REPRESENTATION(#6173,#6174);
#6173=PRODUCT_DEFINITION_SHAPE('',$,#6176);
#6174=SHAPE_REPRESENTATION('',(#3960),#6166);
#6175=PRODUCT_DEFINITION_CONTEXT('part definition',#6180,'design');
#6176=PRODUCT_DEFINITION('aaa','aaa v4',#6177,#6175);
#6177=PRODUCT_DEFINITION_FORMATION('',$,#6182);
#6178=PRODUCT_RELATED_PRODUCT_CATEGORY('aaa v4','aaa v4',(#6182));
#6179=APPLICATION_PROTOCOL_DEFINITION('international standard',
'automotive_design',2009,#6180);
#6180=APPLICATION_CONTEXT(
'Core Data for Automotive Mechanical Design Process');
#6181=PRODUCT_CONTEXT('part definition',#6180,'mechanical');
#6182=PRODUCT('aaa','aaa v4',$,(#6181));
#6183=PRESENTATION_STYLE_ASSIGNMENT((#6184));
#6184=SURFACE_STYLE_USAGE(.BOTH.,#6185);
#6185=SURFACE_SIDE_STYLE('',(#6186));
#6186=SURFACE_STYLE_FILL_AREA(#6187);
#6187=FILL_AREA_STYLE('\X2\92FC\X0\ - \X2\30B530C630F3\X0\',(#6188));
#6188=FILL_AREA_STYLE_COLOUR('\X2\92FC\X0\ - \X2\30B530C630F3\X0\',#6189);
#6189=COLOUR_RGB('\X2\92FC\X0\ - \X2\30B530C630F3\X0\',0.627450980392157,
0.627450980392157,0.627450980392157);
ENDSEC;
END-ISO-10303-21;
