ISO-10303-21;
HEADER;
/* Generated by software containing ST-Developer
 * from STEP Tools, Inc. (www.steptools.com) 
 */

FILE_DESCRIPTION(
/* description */ (''),
/* implementation_level */ '2;1');

FILE_NAME(
/* name */ 'spacerr.step',
/* time_stamp */ '2026-01-11T17:28:46+09:00',
/* author */ (''),
/* organization */ (''),
/* preprocessor_version */ 'ST-DEVELOPER v20.1',
/* originating_system */ 'Autodesk Translation Framework v14.21.0.0',
/* authorisation */ '');

FILE_SCHEMA (('AUTOMOTIVE_DESIGN { 1 0 10303 214 3 1 1 }'));
ENDSEC;

DATA;
#10=MECHANICAL_DESIGN_GEOMETRIC_PRESENTATION_REPRESENTATION('',(#13),#3859);
#11=SHAPE_REPRESENTATION_RELATIONSHIP('SRR','None',#3866,#12);
#12=ADVANCED_BREP_SHAPE_REPRESENTATION('',(#14),#3858);
#13=STYLED_ITEM('',(#3875),#14);
#14=MANIFOLD_SOLID_BREP('\X2\30DC30C730A3\X0\1',#2455);
#15=FACE_BOUND('',#279,.T.);
#16=FACE_BOUND('',#284,.T.);
#17=FACE_BOUND('',#398,.T.);
#18=FACE_BOUND('',#400,.T.);
#19=FACE_BOUND('',#401,.T.);
#20=FACE_BOUND('',#402,.T.);
#21=FACE_BOUND('',#403,.T.);
#22=FACE_BOUND('',#404,.T.);
#23=FACE_BOUND('',#405,.T.);
#24=FACE_BOUND('',#406,.T.);
#25=FACE_BOUND('',#407,.T.);
#26=FACE_BOUND('',#408,.T.);
#27=FACE_BOUND('',#409,.T.);
#28=FACE_BOUND('',#410,.T.);
#29=FACE_BOUND('',#411,.T.);
#30=FACE_BOUND('',#412,.T.);
#31=FACE_BOUND('',#413,.T.);
#32=FACE_BOUND('',#414,.T.);
#33=FACE_BOUND('',#415,.T.);
#34=FACE_BOUND('',#416,.T.);
#35=FACE_BOUND('',#417,.T.);
#36=PLANE('',#2472);
#37=PLANE('',#2473);
#38=PLANE('',#2474);
#39=PLANE('',#2478);
#40=PLANE('',#2479);
#41=PLANE('',#2480);
#42=PLANE('',#2481);
#43=PLANE('',#2482);
#44=PLANE('',#2483);
#45=PLANE('',#2484);
#46=PLANE('',#2485);
#47=PLANE('',#2486);
#48=PLANE('',#2487);
#49=PLANE('',#2488);
#50=PLANE('',#2489);
#51=PLANE('',#2490);
#52=PLANE('',#2491);
#53=PLANE('',#2492);
#54=PLANE('',#2493);
#55=PLANE('',#2494);
#56=PLANE('',#2495);
#57=PLANE('',#2496);
#58=PLANE('',#2497);
#59=PLANE('',#2498);
#60=PLANE('',#2499);
#61=PLANE('',#2500);
#62=PLANE('',#2501);
#63=PLANE('',#2502);
#64=PLANE('',#2503);
#65=PLANE('',#2504);
#66=PLANE('',#2505);
#67=PLANE('',#2506);
#68=PLANE('',#2507);
#69=PLANE('',#2508);
#70=PLANE('',#2509);
#71=PLANE('',#2510);
#72=PLANE('',#2511);
#73=PLANE('',#2512);
#74=PLANE('',#2513);
#75=PLANE('',#2514);
#76=PLANE('',#2515);
#77=PLANE('',#2516);
#78=PLANE('',#2517);
#79=PLANE('',#2518);
#80=PLANE('',#2519);
#81=PLANE('',#2520);
#82=PLANE('',#2521);
#83=PLANE('',#2522);
#84=PLANE('',#2523);
#85=PLANE('',#2524);
#86=PLANE('',#2525);
#87=PLANE('',#2526);
#88=PLANE('',#2527);
#89=PLANE('',#2528);
#90=PLANE('',#2529);
#91=PLANE('',#2530);
#92=PLANE('',#2531);
#93=PLANE('',#2532);
#94=PLANE('',#2533);
#95=PLANE('',#2534);
#96=PLANE('',#2535);
#97=PLANE('',#2536);
#98=PLANE('',#2537);
#99=PLANE('',#2538);
#100=PLANE('',#2539);
#101=PLANE('',#2540);
#102=PLANE('',#2541);
#103=PLANE('',#2542);
#104=PLANE('',#2543);
#105=PLANE('',#2544);
#106=PLANE('',#2545);
#107=PLANE('',#2546);
#108=PLANE('',#2547);
#109=PLANE('',#2548);
#110=PLANE('',#2549);
#111=PLANE('',#2550);
#112=PLANE('',#2551);
#113=PLANE('',#2552);
#114=PLANE('',#2553);
#115=PLANE('',#2554);
#116=PLANE('',#2555);
#117=PLANE('',#2556);
#118=PLANE('',#2557);
#119=PLANE('',#2558);
#120=PLANE('',#2559);
#121=PLANE('',#2560);
#122=PLANE('',#2561);
#123=PLANE('',#2562);
#124=PLANE('',#2563);
#125=PLANE('',#2564);
#126=PLANE('',#2565);
#127=PLANE('',#2566);
#128=PLANE('',#2567);
#129=PLANE('',#2568);
#130=PLANE('',#2569);
#131=PLANE('',#2570);
#132=PLANE('',#2571);
#133=PLANE('',#2572);
#134=PLANE('',#2573);
#135=PLANE('',#2574);
#136=PLANE('',#2575);
#137=PLANE('',#2576);
#138=PLANE('',#2577);
#139=PLANE('',#2578);
#140=PLANE('',#2579);
#141=PLANE('',#2580);
#142=PLANE('',#2581);
#143=PLANE('',#2582);
#144=PLANE('',#2583);
#145=PLANE('',#2584);
#146=PLANE('',#2585);
#147=PLANE('',#2586);
#148=PLANE('',#2587);
#149=PLANE('',#2588);
#150=PLANE('',#2589);
#151=PLANE('',#2590);
#152=PLANE('',#2591);
#153=PLANE('',#2592);
#154=PLANE('',#2593);
#155=FACE_OUTER_BOUND('',#276,.T.);
#156=FACE_OUTER_BOUND('',#277,.T.);
#157=FACE_OUTER_BOUND('',#278,.T.);
#158=FACE_OUTER_BOUND('',#280,.T.);
#159=FACE_OUTER_BOUND('',#281,.T.);
#160=FACE_OUTER_BOUND('',#282,.T.);
#161=FACE_OUTER_BOUND('',#283,.T.);
#162=FACE_OUTER_BOUND('',#285,.T.);
#163=FACE_OUTER_BOUND('',#286,.T.);
#164=FACE_OUTER_BOUND('',#287,.T.);
#165=FACE_OUTER_BOUND('',#288,.T.);
#166=FACE_OUTER_BOUND('',#289,.T.);
#167=FACE_OUTER_BOUND('',#290,.T.);
#168=FACE_OUTER_BOUND('',#291,.T.);
#169=FACE_OUTER_BOUND('',#292,.T.);
#170=FACE_OUTER_BOUND('',#293,.T.);
#171=FACE_OUTER_BOUND('',#294,.T.);
#172=FACE_OUTER_BOUND('',#295,.T.);
#173=FACE_OUTER_BOUND('',#296,.T.);
#174=FACE_OUTER_BOUND('',#297,.T.);
#175=FACE_OUTER_BOUND('',#298,.T.);
#176=FACE_OUTER_BOUND('',#299,.T.);
#177=FACE_OUTER_BOUND('',#300,.T.);
#178=FACE_OUTER_BOUND('',#301,.T.);
#179=FACE_OUTER_BOUND('',#302,.T.);
#180=FACE_OUTER_BOUND('',#303,.T.);
#181=FACE_OUTER_BOUND('',#304,.T.);
#182=FACE_OUTER_BOUND('',#305,.T.);
#183=FACE_OUTER_BOUND('',#306,.T.);
#184=FACE_OUTER_BOUND('',#307,.T.);
#185=FACE_OUTER_BOUND('',#308,.T.);
#186=FACE_OUTER_BOUND('',#309,.T.);
#187=FACE_OUTER_BOUND('',#310,.T.);
#188=FACE_OUTER_BOUND('',#311,.T.);
#189=FACE_OUTER_BOUND('',#312,.T.);
#190=FACE_OUTER_BOUND('',#313,.T.);
#191=FACE_OUTER_BOUND('',#314,.T.);
#192=FACE_OUTER_BOUND('',#315,.T.);
#193=FACE_OUTER_BOUND('',#316,.T.);
#194=FACE_OUTER_BOUND('',#317,.T.);
#195=FACE_OUTER_BOUND('',#318,.T.);
#196=FACE_OUTER_BOUND('',#319,.T.);
#197=FACE_OUTER_BOUND('',#320,.T.);
#198=FACE_OUTER_BOUND('',#321,.T.);
#199=FACE_OUTER_BOUND('',#322,.T.);
#200=FACE_OUTER_BOUND('',#323,.T.);
#201=FACE_OUTER_BOUND('',#324,.T.);
#202=FACE_OUTER_BOUND('',#325,.T.);
#203=FACE_OUTER_BOUND('',#326,.T.);
#204=FACE_OUTER_BOUND('',#327,.T.);
#205=FACE_OUTER_BOUND('',#328,.T.);
#206=FACE_OUTER_BOUND('',#329,.T.);
#207=FACE_OUTER_BOUND('',#330,.T.);
#208=FACE_OUTER_BOUND('',#331,.T.);
#209=FACE_OUTER_BOUND('',#332,.T.);
#210=FACE_OUTER_BOUND('',#333,.T.);
#211=FACE_OUTER_BOUND('',#334,.T.);
#212=FACE_OUTER_BOUND('',#335,.T.);
#213=FACE_OUTER_BOUND('',#336,.T.);
#214=FACE_OUTER_BOUND('',#337,.T.);
#215=FACE_OUTER_BOUND('',#338,.T.);
#216=FACE_OUTER_BOUND('',#339,.T.);
#217=FACE_OUTER_BOUND('',#340,.T.);
#218=FACE_OUTER_BOUND('',#341,.T.);
#219=FACE_OUTER_BOUND('',#342,.T.);
#220=FACE_OUTER_BOUND('',#343,.T.);
#221=FACE_OUTER_BOUND('',#344,.T.);
#222=FACE_OUTER_BOUND('',#345,.T.);
#223=FACE_OUTER_BOUND('',#346,.T.);
#224=FACE_OUTER_BOUND('',#347,.T.);
#225=FACE_OUTER_BOUND('',#348,.T.);
#226=FACE_OUTER_BOUND('',#349,.T.);
#227=FACE_OUTER_BOUND('',#350,.T.);
#228=FACE_OUTER_BOUND('',#351,.T.);
#229=FACE_OUTER_BOUND('',#352,.T.);
#230=FACE_OUTER_BOUND('',#353,.T.);
#231=FACE_OUTER_BOUND('',#354,.T.);
#232=FACE_OUTER_BOUND('',#355,.T.);
#233=FACE_OUTER_BOUND('',#356,.T.);
#234=FACE_OUTER_BOUND('',#357,.T.);
#235=FACE_OUTER_BOUND('',#358,.T.);
#236=FACE_OUTER_BOUND('',#359,.T.);
#237=FACE_OUTER_BOUND('',#360,.T.);
#238=FACE_OUTER_BOUND('',#361,.T.);
#239=FACE_OUTER_BOUND('',#362,.T.);
#240=FACE_OUTER_BOUND('',#363,.T.);
#241=FACE_OUTER_BOUND('',#364,.T.);
#242=FACE_OUTER_BOUND('',#365,.T.);
#243=FACE_OUTER_BOUND('',#366,.T.);
#244=FACE_OUTER_BOUND('',#367,.T.);
#245=FACE_OUTER_BOUND('',#368,.T.);
#246=FACE_OUTER_BOUND('',#369,.T.);
#247=FACE_OUTER_BOUND('',#370,.T.);
#248=FACE_OUTER_BOUND('',#371,.T.);
#249=FACE_OUTER_BOUND('',#372,.T.);
#250=FACE_OUTER_BOUND('',#373,.T.);
#251=FACE_OUTER_BOUND('',#374,.T.);
#252=FACE_OUTER_BOUND('',#375,.T.);
#253=FACE_OUTER_BOUND('',#376,.T.);
#254=FACE_OUTER_BOUND('',#377,.T.);
#255=FACE_OUTER_BOUND('',#378,.T.);
#256=FACE_OUTER_BOUND('',#379,.T.);
#257=FACE_OUTER_BOUND('',#380,.T.);
#258=FACE_OUTER_BOUND('',#381,.T.);
#259=FACE_OUTER_BOUND('',#382,.T.);
#260=FACE_OUTER_BOUND('',#383,.T.);
#261=FACE_OUTER_BOUND('',#384,.T.);
#262=FACE_OUTER_BOUND('',#385,.T.);
#263=FACE_OUTER_BOUND('',#386,.T.);
#264=FACE_OUTER_BOUND('',#387,.T.);
#265=FACE_OUTER_BOUND('',#388,.T.);
#266=FACE_OUTER_BOUND('',#389,.T.);
#267=FACE_OUTER_BOUND('',#390,.T.);
#268=FACE_OUTER_BOUND('',#391,.T.);
#269=FACE_OUTER_BOUND('',#392,.T.);
#270=FACE_OUTER_BOUND('',#393,.T.);
#271=FACE_OUTER_BOUND('',#394,.T.);
#272=FACE_OUTER_BOUND('',#395,.T.);
#273=FACE_OUTER_BOUND('',#396,.T.);
#274=FACE_OUTER_BOUND('',#397,.T.);
#275=FACE_OUTER_BOUND('',#399,.T.);
#276=EDGE_LOOP('',(#1648,#1649,#1650,#1651));
#277=EDGE_LOOP('',(#1652,#1653,#1654,#1655));
#278=EDGE_LOOP('',(#1656,#1657,#1658,#1659));
#279=EDGE_LOOP('',(#1660));
#280=EDGE_LOOP('',(#1661,#1662,#1663,#1664));
#281=EDGE_LOOP('',(#1665,#1666,#1667,#1668));
#282=EDGE_LOOP('',(#1669,#1670,#1671,#1672));
#283=EDGE_LOOP('',(#1673,#1674,#1675,#1676));
#284=EDGE_LOOP('',(#1677));
#285=EDGE_LOOP('',(#1678,#1679,#1680,#1681));
#286=EDGE_LOOP('',(#1682,#1683,#1684,#1685));
#287=EDGE_LOOP('',(#1686,#1687,#1688,#1689));
#288=EDGE_LOOP('',(#1690,#1691,#1692,#1693,#1694,#1695));
#289=EDGE_LOOP('',(#1696,#1697,#1698,#1699,#1700,#1701));
#290=EDGE_LOOP('',(#1702,#1703,#1704,#1705));
#291=EDGE_LOOP('',(#1706,#1707,#1708,#1709));
#292=EDGE_LOOP('',(#1710,#1711,#1712,#1713));
#293=EDGE_LOOP('',(#1714,#1715,#1716,#1717));
#294=EDGE_LOOP('',(#1718,#1719,#1720,#1721));
#295=EDGE_LOOP('',(#1722,#1723,#1724,#1725));
#296=EDGE_LOOP('',(#1726,#1727,#1728,#1729));
#297=EDGE_LOOP('',(#1730,#1731,#1732,#1733,#1734,#1735));
#298=EDGE_LOOP('',(#1736,#1737,#1738,#1739,#1740,#1741));
#299=EDGE_LOOP('',(#1742,#1743,#1744,#1745));
#300=EDGE_LOOP('',(#1746,#1747,#1748,#1749));
#301=EDGE_LOOP('',(#1750,#1751,#1752,#1753));
#302=EDGE_LOOP('',(#1754,#1755,#1756,#1757));
#303=EDGE_LOOP('',(#1758,#1759,#1760,#1761));
#304=EDGE_LOOP('',(#1762,#1763,#1764,#1765));
#305=EDGE_LOOP('',(#1766,#1767,#1768,#1769));
#306=EDGE_LOOP('',(#1770,#1771,#1772,#1773,#1774,#1775));
#307=EDGE_LOOP('',(#1776,#1777,#1778,#1779,#1780,#1781));
#308=EDGE_LOOP('',(#1782,#1783,#1784,#1785));
#309=EDGE_LOOP('',(#1786,#1787,#1788,#1789));
#310=EDGE_LOOP('',(#1790,#1791,#1792,#1793));
#311=EDGE_LOOP('',(#1794,#1795,#1796,#1797));
#312=EDGE_LOOP('',(#1798,#1799,#1800,#1801));
#313=EDGE_LOOP('',(#1802,#1803,#1804,#1805,#1806,#1807));
#314=EDGE_LOOP('',(#1808,#1809,#1810,#1811,#1812,#1813));
#315=EDGE_LOOP('',(#1814,#1815,#1816,#1817));
#316=EDGE_LOOP('',(#1818,#1819,#1820,#1821));
#317=EDGE_LOOP('',(#1822,#1823,#1824,#1825));
#318=EDGE_LOOP('',(#1826,#1827,#1828,#1829));
#319=EDGE_LOOP('',(#1830,#1831,#1832,#1833));
#320=EDGE_LOOP('',(#1834,#1835,#1836,#1837,#1838,#1839));
#321=EDGE_LOOP('',(#1840,#1841,#1842,#1843,#1844,#1845));
#322=EDGE_LOOP('',(#1846,#1847,#1848,#1849));
#323=EDGE_LOOP('',(#1850,#1851,#1852,#1853));
#324=EDGE_LOOP('',(#1854,#1855,#1856,#1857));
#325=EDGE_LOOP('',(#1858,#1859,#1860,#1861));
#326=EDGE_LOOP('',(#1862,#1863,#1864,#1865));
#327=EDGE_LOOP('',(#1866,#1867,#1868,#1869));
#328=EDGE_LOOP('',(#1870,#1871,#1872,#1873));
#329=EDGE_LOOP('',(#1874,#1875,#1876,#1877,#1878,#1879));
#330=EDGE_LOOP('',(#1880,#1881,#1882,#1883,#1884,#1885));
#331=EDGE_LOOP('',(#1886,#1887,#1888,#1889));
#332=EDGE_LOOP('',(#1890,#1891,#1892,#1893));
#333=EDGE_LOOP('',(#1894,#1895,#1896,#1897));
#334=EDGE_LOOP('',(#1898,#1899,#1900,#1901));
#335=EDGE_LOOP('',(#1902,#1903,#1904,#1905));
#336=EDGE_LOOP('',(#1906,#1907,#1908,#1909));
#337=EDGE_LOOP('',(#1910,#1911,#1912,#1913));
#338=EDGE_LOOP('',(#1914,#1915,#1916,#1917,#1918,#1919));
#339=EDGE_LOOP('',(#1920,#1921,#1922,#1923,#1924,#1925));
#340=EDGE_LOOP('',(#1926,#1927,#1928,#1929));
#341=EDGE_LOOP('',(#1930,#1931,#1932,#1933));
#342=EDGE_LOOP('',(#1934,#1935,#1936,#1937));
#343=EDGE_LOOP('',(#1938,#1939,#1940,#1941,#1942,#1943));
#344=EDGE_LOOP('',(#1944,#1945,#1946,#1947,#1948,#1949));
#345=EDGE_LOOP('',(#1950,#1951,#1952,#1953));
#346=EDGE_LOOP('',(#1954,#1955,#1956,#1957));
#347=EDGE_LOOP('',(#1958,#1959,#1960,#1961));
#348=EDGE_LOOP('',(#1962,#1963,#1964,#1965));
#349=EDGE_LOOP('',(#1966,#1967,#1968,#1969));
#350=EDGE_LOOP('',(#1970,#1971,#1972,#1973,#1974,#1975));
#351=EDGE_LOOP('',(#1976,#1977,#1978,#1979,#1980,#1981));
#352=EDGE_LOOP('',(#1982,#1983,#1984,#1985));
#353=EDGE_LOOP('',(#1986,#1987,#1988,#1989));
#354=EDGE_LOOP('',(#1990,#1991,#1992,#1993));
#355=EDGE_LOOP('',(#1994,#1995,#1996,#1997));
#356=EDGE_LOOP('',(#1998,#1999,#2000,#2001));
#357=EDGE_LOOP('',(#2002,#2003,#2004,#2005,#2006,#2007));
#358=EDGE_LOOP('',(#2008,#2009,#2010,#2011,#2012,#2013));
#359=EDGE_LOOP('',(#2014,#2015,#2016,#2017));
#360=EDGE_LOOP('',(#2018,#2019,#2020,#2021));
#361=EDGE_LOOP('',(#2022,#2023,#2024,#2025));
#362=EDGE_LOOP('',(#2026,#2027,#2028,#2029,#2030,#2031));
#363=EDGE_LOOP('',(#2032,#2033,#2034,#2035,#2036,#2037));
#364=EDGE_LOOP('',(#2038,#2039,#2040,#2041));
#365=EDGE_LOOP('',(#2042,#2043,#2044,#2045));
#366=EDGE_LOOP('',(#2046,#2047,#2048,#2049));
#367=EDGE_LOOP('',(#2050,#2051,#2052,#2053));
#368=EDGE_LOOP('',(#2054,#2055,#2056,#2057));
#369=EDGE_LOOP('',(#2058,#2059,#2060,#2061));
#370=EDGE_LOOP('',(#2062,#2063,#2064,#2065));
#371=EDGE_LOOP('',(#2066,#2067,#2068,#2069,#2070,#2071));
#372=EDGE_LOOP('',(#2072,#2073,#2074,#2075,#2076,#2077));
#373=EDGE_LOOP('',(#2078,#2079,#2080,#2081));
#374=EDGE_LOOP('',(#2082,#2083,#2084,#2085));
#375=EDGE_LOOP('',(#2086,#2087,#2088,#2089));
#376=EDGE_LOOP('',(#2090,#2091,#2092,#2093,#2094,#2095));
#377=EDGE_LOOP('',(#2096,#2097,#2098,#2099,#2100,#2101));
#378=EDGE_LOOP('',(#2102,#2103,#2104,#2105));
#379=EDGE_LOOP('',(#2106,#2107,#2108,#2109));
#380=EDGE_LOOP('',(#2110,#2111,#2112,#2113));
#381=EDGE_LOOP('',(#2114,#2115,#2116,#2117));
#382=EDGE_LOOP('',(#2118,#2119,#2120,#2121));
#383=EDGE_LOOP('',(#2122,#2123,#2124,#2125,#2126,#2127));
#384=EDGE_LOOP('',(#2128,#2129,#2130,#2131,#2132,#2133));
#385=EDGE_LOOP('',(#2134,#2135,#2136,#2137));
#386=EDGE_LOOP('',(#2138,#2139,#2140,#2141));
#387=EDGE_LOOP('',(#2142,#2143,#2144,#2145));
#388=EDGE_LOOP('',(#2146,#2147,#2148,#2149,#2150,#2151));
#389=EDGE_LOOP('',(#2152,#2153,#2154,#2155,#2156,#2157));
#390=EDGE_LOOP('',(#2158,#2159,#2160,#2161));
#391=EDGE_LOOP('',(#2162,#2163,#2164,#2165));
#392=EDGE_LOOP('',(#2166,#2167,#2168,#2169));
#393=EDGE_LOOP('',(#2170,#2171,#2172,#2173));
#394=EDGE_LOOP('',(#2174,#2175,#2176,#2177));
#395=EDGE_LOOP('',(#2178,#2179,#2180,#2181,#2182,#2183,#2184,#2185));
#396=EDGE_LOOP('',(#2186,#2187,#2188,#2189,#2190,#2191,#2192,#2193));
#397=EDGE_LOOP('',(#2194,#2195,#2196,#2197));
#398=EDGE_LOOP('',(#2198,#2199,#2200,#2201,#2202,#2203,#2204,#2205,#2206,
#2207,#2208,#2209,#2210,#2211,#2212,#2213,#2214,#2215,#2216,#2217,#2218,
#2219,#2220,#2221,#2222,#2223,#2224,#2225,#2226,#2227,#2228,#2229,#2230,
#2231,#2232,#2233,#2234,#2235,#2236,#2237,#2238,#2239,#2240,#2241,#2242,
#2243,#2244,#2245,#2246,#2247,#2248,#2249,#2250,#2251,#2252,#2253,#2254,
#2255,#2256,#2257,#2258,#2259,#2260,#2261));
#399=EDGE_LOOP('',(#2262,#2263,#2264,#2265));
#400=EDGE_LOOP('',(#2266));
#401=EDGE_LOOP('',(#2267));
#402=EDGE_LOOP('',(#2268,#2269,#2270,#2271));
#403=EDGE_LOOP('',(#2272,#2273,#2274,#2275));
#404=EDGE_LOOP('',(#2276,#2277,#2278,#2279));
#405=EDGE_LOOP('',(#2280,#2281,#2282,#2283));
#406=EDGE_LOOP('',(#2284,#2285,#2286,#2287));
#407=EDGE_LOOP('',(#2288,#2289,#2290,#2291));
#408=EDGE_LOOP('',(#2292,#2293,#2294,#2295));
#409=EDGE_LOOP('',(#2296,#2297,#2298,#2299));
#410=EDGE_LOOP('',(#2300,#2301,#2302,#2303));
#411=EDGE_LOOP('',(#2304,#2305,#2306,#2307));
#412=EDGE_LOOP('',(#2308,#2309,#2310,#2311));
#413=EDGE_LOOP('',(#2312,#2313,#2314,#2315));
#414=EDGE_LOOP('',(#2316,#2317,#2318,#2319));
#415=EDGE_LOOP('',(#2320,#2321,#2322,#2323));
#416=EDGE_LOOP('',(#2324,#2325,#2326,#2327));
#417=EDGE_LOOP('',(#2328,#2329,#2330,#2331));
#418=LINE('',#3189,#756);
#419=LINE('',#3194,#757);
#420=LINE('',#3196,#758);
#421=LINE('',#3198,#759);
#422=LINE('',#3199,#760);
#423=LINE('',#3202,#761);
#424=LINE('',#3204,#762);
#425=LINE('',#3205,#763);
#426=LINE('',#3208,#764);
#427=LINE('',#3210,#765);
#428=LINE('',#3211,#766);
#429=LINE('',#3216,#767);
#430=LINE('',#3221,#768);
#431=LINE('',#3223,#769);
#432=LINE('',#3225,#770);
#433=LINE('',#3226,#771);
#434=LINE('',#3229,#772);
#435=LINE('',#3231,#773);
#436=LINE('',#3232,#774);
#437=LINE('',#3235,#775);
#438=LINE('',#3237,#776);
#439=LINE('',#3238,#777);
#440=LINE('',#3242,#778);
#441=LINE('',#3244,#779);
#442=LINE('',#3246,#780);
#443=LINE('',#3247,#781);
#444=LINE('',#3251,#782);
#445=LINE('',#3253,#783);
#446=LINE('',#3255,#784);
#447=LINE('',#3256,#785);
#448=LINE('',#3260,#786);
#449=LINE('',#3261,#787);
#450=LINE('',#3262,#788);
#451=LINE('',#3263,#789);
#452=LINE('',#3267,#790);
#453=LINE('',#3268,#791);
#454=LINE('',#3269,#792);
#455=LINE('',#3270,#793);
#456=LINE('',#3274,#794);
#457=LINE('',#3276,#795);
#458=LINE('',#3277,#796);
#459=LINE('',#3280,#797);
#460=LINE('',#3282,#798);
#461=LINE('',#3283,#799);
#462=LINE('',#3286,#800);
#463=LINE('',#3288,#801);
#464=LINE('',#3289,#802);
#465=LINE('',#3292,#803);
#466=LINE('',#3294,#804);
#467=LINE('',#3295,#805);
#468=LINE('',#3299,#806);
#469=LINE('',#3301,#807);
#470=LINE('',#3303,#808);
#471=LINE('',#3304,#809);
#472=LINE('',#3308,#810);
#473=LINE('',#3310,#811);
#474=LINE('',#3312,#812);
#475=LINE('',#3313,#813);
#476=LINE('',#3317,#814);
#477=LINE('',#3318,#815);
#478=LINE('',#3319,#816);
#479=LINE('',#3320,#817);
#480=LINE('',#3324,#818);
#481=LINE('',#3325,#819);
#482=LINE('',#3326,#820);
#483=LINE('',#3327,#821);
#484=LINE('',#3331,#822);
#485=LINE('',#3333,#823);
#486=LINE('',#3334,#824);
#487=LINE('',#3337,#825);
#488=LINE('',#3339,#826);
#489=LINE('',#3340,#827);
#490=LINE('',#3343,#828);
#491=LINE('',#3345,#829);
#492=LINE('',#3346,#830);
#493=LINE('',#3349,#831);
#494=LINE('',#3351,#832);
#495=LINE('',#3352,#833);
#496=LINE('',#3355,#834);
#497=LINE('',#3357,#835);
#498=LINE('',#3359,#836);
#499=LINE('',#3360,#837);
#500=LINE('',#3363,#838);
#501=LINE('',#3365,#839);
#502=LINE('',#3367,#840);
#503=LINE('',#3368,#841);
#504=LINE('',#3372,#842);
#505=LINE('',#3373,#843);
#506=LINE('',#3374,#844);
#507=LINE('',#3375,#845);
#508=LINE('',#3377,#846);
#509=LINE('',#3378,#847);
#510=LINE('',#3382,#848);
#511=LINE('',#3384,#849);
#512=LINE('',#3385,#850);
#513=LINE('',#3388,#851);
#514=LINE('',#3390,#852);
#515=LINE('',#3391,#853);
#516=LINE('',#3394,#854);
#517=LINE('',#3396,#855);
#518=LINE('',#3398,#856);
#519=LINE('',#3399,#857);
#520=LINE('',#3402,#858);
#521=LINE('',#3404,#859);
#522=LINE('',#3406,#860);
#523=LINE('',#3407,#861);
#524=LINE('',#3411,#862);
#525=LINE('',#3412,#863);
#526=LINE('',#3413,#864);
#527=LINE('',#3414,#865);
#528=LINE('',#3416,#866);
#529=LINE('',#3417,#867);
#530=LINE('',#3421,#868);
#531=LINE('',#3423,#869);
#532=LINE('',#3424,#870);
#533=LINE('',#3427,#871);
#534=LINE('',#3429,#872);
#535=LINE('',#3430,#873);
#536=LINE('',#3434,#874);
#537=LINE('',#3436,#875);
#538=LINE('',#3438,#876);
#539=LINE('',#3439,#877);
#540=LINE('',#3443,#878);
#541=LINE('',#3445,#879);
#542=LINE('',#3447,#880);
#543=LINE('',#3448,#881);
#544=LINE('',#3452,#882);
#545=LINE('',#3453,#883);
#546=LINE('',#3454,#884);
#547=LINE('',#3455,#885);
#548=LINE('',#3459,#886);
#549=LINE('',#3460,#887);
#550=LINE('',#3461,#888);
#551=LINE('',#3462,#889);
#552=LINE('',#3466,#890);
#553=LINE('',#3468,#891);
#554=LINE('',#3469,#892);
#555=LINE('',#3472,#893);
#556=LINE('',#3474,#894);
#557=LINE('',#3475,#895);
#558=LINE('',#3478,#896);
#559=LINE('',#3480,#897);
#560=LINE('',#3481,#898);
#561=LINE('',#3484,#899);
#562=LINE('',#3486,#900);
#563=LINE('',#3487,#901);
#564=LINE('',#3491,#902);
#565=LINE('',#3493,#903);
#566=LINE('',#3495,#904);
#567=LINE('',#3496,#905);
#568=LINE('',#3500,#906);
#569=LINE('',#3502,#907);
#570=LINE('',#3504,#908);
#571=LINE('',#3505,#909);
#572=LINE('',#3509,#910);
#573=LINE('',#3510,#911);
#574=LINE('',#3511,#912);
#575=LINE('',#3512,#913);
#576=LINE('',#3516,#914);
#577=LINE('',#3517,#915);
#578=LINE('',#3518,#916);
#579=LINE('',#3519,#917);
#580=LINE('',#3523,#918);
#581=LINE('',#3525,#919);
#582=LINE('',#3526,#920);
#583=LINE('',#3529,#921);
#584=LINE('',#3531,#922);
#585=LINE('',#3532,#923);
#586=LINE('',#3535,#924);
#587=LINE('',#3537,#925);
#588=LINE('',#3538,#926);
#589=LINE('',#3541,#927);
#590=LINE('',#3543,#928);
#591=LINE('',#3544,#929);
#592=LINE('',#3546,#930);
#593=LINE('',#3548,#931);
#594=LINE('',#3550,#932);
#595=LINE('',#3551,#933);
#596=LINE('',#3553,#934);
#597=LINE('',#3555,#935);
#598=LINE('',#3557,#936);
#599=LINE('',#3558,#937);
#600=LINE('',#3560,#938);
#601=LINE('',#3561,#939);
#602=LINE('',#3563,#940);
#603=LINE('',#3564,#941);
#604=LINE('',#3568,#942);
#605=LINE('',#3570,#943);
#606=LINE('',#3572,#944);
#607=LINE('',#3573,#945);
#608=LINE('',#3576,#946);
#609=LINE('',#3578,#947);
#610=LINE('',#3580,#948);
#611=LINE('',#3581,#949);
#612=LINE('',#3585,#950);
#613=LINE('',#3586,#951);
#614=LINE('',#3587,#952);
#615=LINE('',#3588,#953);
#616=LINE('',#3590,#954);
#617=LINE('',#3591,#955);
#618=LINE('',#3595,#956);
#619=LINE('',#3597,#957);
#620=LINE('',#3598,#958);
#621=LINE('',#3601,#959);
#622=LINE('',#3603,#960);
#623=LINE('',#3604,#961);
#624=LINE('',#3607,#962);
#625=LINE('',#3609,#963);
#626=LINE('',#3611,#964);
#627=LINE('',#3612,#965);
#628=LINE('',#3615,#966);
#629=LINE('',#3617,#967);
#630=LINE('',#3619,#968);
#631=LINE('',#3620,#969);
#632=LINE('',#3624,#970);
#633=LINE('',#3625,#971);
#634=LINE('',#3626,#972);
#635=LINE('',#3627,#973);
#636=LINE('',#3629,#974);
#637=LINE('',#3630,#975);
#638=LINE('',#3634,#976);
#639=LINE('',#3636,#977);
#640=LINE('',#3637,#978);
#641=LINE('',#3640,#979);
#642=LINE('',#3642,#980);
#643=LINE('',#3643,#981);
#644=LINE('',#3645,#982);
#645=LINE('',#3647,#983);
#646=LINE('',#3649,#984);
#647=LINE('',#3650,#985);
#648=LINE('',#3652,#986);
#649=LINE('',#3654,#987);
#650=LINE('',#3656,#988);
#651=LINE('',#3657,#989);
#652=LINE('',#3659,#990);
#653=LINE('',#3660,#991);
#654=LINE('',#3662,#992);
#655=LINE('',#3663,#993);
#656=LINE('',#3668,#994);
#657=LINE('',#3670,#995);
#658=LINE('',#3672,#996);
#659=LINE('',#3673,#997);
#660=LINE('',#3677,#998);
#661=LINE('',#3679,#999);
#662=LINE('',#3681,#1000);
#663=LINE('',#3682,#1001);
#664=LINE('',#3686,#1002);
#665=LINE('',#3687,#1003);
#666=LINE('',#3688,#1004);
#667=LINE('',#3689,#1005);
#668=LINE('',#3693,#1006);
#669=LINE('',#3694,#1007);
#670=LINE('',#3695,#1008);
#671=LINE('',#3696,#1009);
#672=LINE('',#3700,#1010);
#673=LINE('',#3702,#1011);
#674=LINE('',#3703,#1012);
#675=LINE('',#3706,#1013);
#676=LINE('',#3708,#1014);
#677=LINE('',#3709,#1015);
#678=LINE('',#3712,#1016);
#679=LINE('',#3714,#1017);
#680=LINE('',#3715,#1018);
#681=LINE('',#3718,#1019);
#682=LINE('',#3720,#1020);
#683=LINE('',#3721,#1021);
#684=LINE('',#3723,#1022);
#685=LINE('',#3725,#1023);
#686=LINE('',#3727,#1024);
#687=LINE('',#3728,#1025);
#688=LINE('',#3730,#1026);
#689=LINE('',#3732,#1027);
#690=LINE('',#3734,#1028);
#691=LINE('',#3735,#1029);
#692=LINE('',#3737,#1030);
#693=LINE('',#3738,#1031);
#694=LINE('',#3740,#1032);
#695=LINE('',#3741,#1033);
#696=LINE('',#3745,#1034);
#697=LINE('',#3747,#1035);
#698=LINE('',#3749,#1036);
#699=LINE('',#3750,#1037);
#700=LINE('',#3753,#1038);
#701=LINE('',#3755,#1039);
#702=LINE('',#3757,#1040);
#703=LINE('',#3758,#1041);
#704=LINE('',#3760,#1042);
#705=LINE('',#3761,#1043);
#706=LINE('',#3765,#1044);
#707=LINE('',#3766,#1045);
#708=LINE('',#3767,#1046);
#709=LINE('',#3768,#1047);
#710=LINE('',#3772,#1048);
#711=LINE('',#3774,#1049);
#712=LINE('',#3775,#1050);
#713=LINE('',#3778,#1051);
#714=LINE('',#3780,#1052);
#715=LINE('',#3781,#1053);
#716=LINE('',#3783,#1054);
#717=LINE('',#3785,#1055);
#718=LINE('',#3787,#1056);
#719=LINE('',#3788,#1057);
#720=LINE('',#3790,#1058);
#721=LINE('',#3792,#1059);
#722=LINE('',#3794,#1060);
#723=LINE('',#3795,#1061);
#724=LINE('',#3797,#1062);
#725=LINE('',#3798,#1063);
#726=LINE('',#3800,#1064);
#727=LINE('',#3801,#1065);
#728=LINE('',#3805,#1066);
#729=LINE('',#3807,#1067);
#730=LINE('',#3809,#1068);
#731=LINE('',#3810,#1069);
#732=LINE('',#3813,#1070);
#733=LINE('',#3815,#1071);
#734=LINE('',#3817,#1072);
#735=LINE('',#3818,#1073);
#736=LINE('',#3822,#1074);
#737=LINE('',#3823,#1075);
#738=LINE('',#3824,#1076);
#739=LINE('',#3825,#1077);
#740=LINE('',#3827,#1078);
#741=LINE('',#3828,#1079);
#742=LINE('',#3832,#1080);
#743=LINE('',#3834,#1081);
#744=LINE('',#3835,#1082);
#745=LINE('',#3838,#1083);
#746=LINE('',#3840,#1084);
#747=LINE('',#3841,#1085);
#748=LINE('',#3843,#1086);
#749=LINE('',#3844,#1087);
#750=LINE('',#3846,#1088);
#751=LINE('',#3847,#1089);
#752=LINE('',#3849,#1090);
#753=LINE('',#3850,#1091);
#754=LINE('',#3852,#1092);
#755=LINE('',#3853,#1093);
#756=VECTOR('',#2600,1.74999999999999);
#757=VECTOR('',#2605,10.);
#758=VECTOR('',#2606,10.);
#759=VECTOR('',#2607,10.);
#760=VECTOR('',#2608,10.);
#761=VECTOR('',#2611,10.);
#762=VECTOR('',#2612,10.);
#763=VECTOR('',#2613,10.);
#764=VECTOR('',#2616,10.);
#765=VECTOR('',#2617,10.);
#766=VECTOR('',#2618,10.);
#767=VECTOR('',#2623,1.75);
#768=VECTOR('',#2628,10.);
#769=VECTOR('',#2629,10.);
#770=VECTOR('',#2630,10.);
#771=VECTOR('',#2631,10.);
#772=VECTOR('',#2634,10.);
#773=VECTOR('',#2635,10.);
#774=VECTOR('',#2636,10.);
#775=VECTOR('',#2639,10.);
#776=VECTOR('',#2640,10.);
#777=VECTOR('',#2641,10.);
#778=VECTOR('',#2644,10.);
#779=VECTOR('',#2645,10.);
#780=VECTOR('',#2646,10.);
#781=VECTOR('',#2647,10.);
#782=VECTOR('',#2650,10.);
#783=VECTOR('',#2651,10.);
#784=VECTOR('',#2652,10.);
#785=VECTOR('',#2653,10.);
#786=VECTOR('',#2656,10.);
#787=VECTOR('',#2657,10.);
#788=VECTOR('',#2658,10.);
#789=VECTOR('',#2659,10.);
#790=VECTOR('',#2662,10.);
#791=VECTOR('',#2663,10.);
#792=VECTOR('',#2664,10.);
#793=VECTOR('',#2665,10.);
#794=VECTOR('',#2670,10.);
#795=VECTOR('',#2671,10.);
#796=VECTOR('',#2672,10.);
#797=VECTOR('',#2675,10.);
#798=VECTOR('',#2676,10.);
#799=VECTOR('',#2677,10.);
#800=VECTOR('',#2680,10.);
#801=VECTOR('',#2681,10.);
#802=VECTOR('',#2682,10.);
#803=VECTOR('',#2685,10.);
#804=VECTOR('',#2686,10.);
#805=VECTOR('',#2687,10.);
#806=VECTOR('',#2690,10.);
#807=VECTOR('',#2691,10.);
#808=VECTOR('',#2692,10.);
#809=VECTOR('',#2693,10.);
#810=VECTOR('',#2696,10.);
#811=VECTOR('',#2697,10.);
#812=VECTOR('',#2698,10.);
#813=VECTOR('',#2699,10.);
#814=VECTOR('',#2702,10.);
#815=VECTOR('',#2703,10.);
#816=VECTOR('',#2704,10.);
#817=VECTOR('',#2705,10.);
#818=VECTOR('',#2708,10.);
#819=VECTOR('',#2709,10.);
#820=VECTOR('',#2710,10.);
#821=VECTOR('',#2711,10.);
#822=VECTOR('',#2716,10.);
#823=VECTOR('',#2717,10.);
#824=VECTOR('',#2718,10.);
#825=VECTOR('',#2721,10.);
#826=VECTOR('',#2722,10.);
#827=VECTOR('',#2723,10.);
#828=VECTOR('',#2726,10.);
#829=VECTOR('',#2727,10.);
#830=VECTOR('',#2728,10.);
#831=VECTOR('',#2731,10.);
#832=VECTOR('',#2732,10.);
#833=VECTOR('',#2733,10.);
#834=VECTOR('',#2736,10.);
#835=VECTOR('',#2737,10.);
#836=VECTOR('',#2738,10.);
#837=VECTOR('',#2739,10.);
#838=VECTOR('',#2742,10.);
#839=VECTOR('',#2743,10.);
#840=VECTOR('',#2744,10.);
#841=VECTOR('',#2745,10.);
#842=VECTOR('',#2748,10.);
#843=VECTOR('',#2749,10.);
#844=VECTOR('',#2750,10.);
#845=VECTOR('',#2751,10.);
#846=VECTOR('',#2754,10.);
#847=VECTOR('',#2755,10.);
#848=VECTOR('',#2760,10.);
#849=VECTOR('',#2761,10.);
#850=VECTOR('',#2762,10.);
#851=VECTOR('',#2765,10.);
#852=VECTOR('',#2766,10.);
#853=VECTOR('',#2767,10.);
#854=VECTOR('',#2770,10.);
#855=VECTOR('',#2771,10.);
#856=VECTOR('',#2772,10.);
#857=VECTOR('',#2773,10.);
#858=VECTOR('',#2776,10.);
#859=VECTOR('',#2777,10.);
#860=VECTOR('',#2778,10.);
#861=VECTOR('',#2779,10.);
#862=VECTOR('',#2782,10.);
#863=VECTOR('',#2783,10.);
#864=VECTOR('',#2784,10.);
#865=VECTOR('',#2785,10.);
#866=VECTOR('',#2788,10.);
#867=VECTOR('',#2789,10.);
#868=VECTOR('',#2794,10.);
#869=VECTOR('',#2795,10.);
#870=VECTOR('',#2796,10.);
#871=VECTOR('',#2799,10.);
#872=VECTOR('',#2800,10.);
#873=VECTOR('',#2801,10.);
#874=VECTOR('',#2804,10.);
#875=VECTOR('',#2805,10.);
#876=VECTOR('',#2806,10.);
#877=VECTOR('',#2807,10.);
#878=VECTOR('',#2810,10.);
#879=VECTOR('',#2811,10.);
#880=VECTOR('',#2812,10.);
#881=VECTOR('',#2813,10.);
#882=VECTOR('',#2816,10.);
#883=VECTOR('',#2817,10.);
#884=VECTOR('',#2818,10.);
#885=VECTOR('',#2819,10.);
#886=VECTOR('',#2822,10.);
#887=VECTOR('',#2823,10.);
#888=VECTOR('',#2824,10.);
#889=VECTOR('',#2825,10.);
#890=VECTOR('',#2830,10.);
#891=VECTOR('',#2831,10.);
#892=VECTOR('',#2832,10.);
#893=VECTOR('',#2835,10.);
#894=VECTOR('',#2836,10.);
#895=VECTOR('',#2837,10.);
#896=VECTOR('',#2840,10.);
#897=VECTOR('',#2841,10.);
#898=VECTOR('',#2842,10.);
#899=VECTOR('',#2845,10.);
#900=VECTOR('',#2846,10.);
#901=VECTOR('',#2847,10.);
#902=VECTOR('',#2850,10.);
#903=VECTOR('',#2851,10.);
#904=VECTOR('',#2852,10.);
#905=VECTOR('',#2853,10.);
#906=VECTOR('',#2856,10.);
#907=VECTOR('',#2857,10.);
#908=VECTOR('',#2858,10.);
#909=VECTOR('',#2859,10.);
#910=VECTOR('',#2862,10.);
#911=VECTOR('',#2863,10.);
#912=VECTOR('',#2864,10.);
#913=VECTOR('',#2865,10.);
#914=VECTOR('',#2868,10.);
#915=VECTOR('',#2869,10.);
#916=VECTOR('',#2870,10.);
#917=VECTOR('',#2871,10.);
#918=VECTOR('',#2876,10.);
#919=VECTOR('',#2877,10.);
#920=VECTOR('',#2878,10.);
#921=VECTOR('',#2881,10.);
#922=VECTOR('',#2882,10.);
#923=VECTOR('',#2883,10.);
#924=VECTOR('',#2886,10.);
#925=VECTOR('',#2887,10.);
#926=VECTOR('',#2888,10.);
#927=VECTOR('',#2891,10.);
#928=VECTOR('',#2892,10.);
#929=VECTOR('',#2893,10.);
#930=VECTOR('',#2896,10.);
#931=VECTOR('',#2897,10.);
#932=VECTOR('',#2898,10.);
#933=VECTOR('',#2899,10.);
#934=VECTOR('',#2902,10.);
#935=VECTOR('',#2903,10.);
#936=VECTOR('',#2904,10.);
#937=VECTOR('',#2905,10.);
#938=VECTOR('',#2908,10.);
#939=VECTOR('',#2909,10.);
#940=VECTOR('',#2912,10.);
#941=VECTOR('',#2913,10.);
#942=VECTOR('',#2918,10.);
#943=VECTOR('',#2919,10.);
#944=VECTOR('',#2920,10.);
#945=VECTOR('',#2921,10.);
#946=VECTOR('',#2924,10.);
#947=VECTOR('',#2925,10.);
#948=VECTOR('',#2926,10.);
#949=VECTOR('',#2927,10.);
#950=VECTOR('',#2930,10.);
#951=VECTOR('',#2931,10.);
#952=VECTOR('',#2932,10.);
#953=VECTOR('',#2933,10.);
#954=VECTOR('',#2936,10.);
#955=VECTOR('',#2937,10.);
#956=VECTOR('',#2942,10.);
#957=VECTOR('',#2943,10.);
#958=VECTOR('',#2944,10.);
#959=VECTOR('',#2947,10.);
#960=VECTOR('',#2948,10.);
#961=VECTOR('',#2949,10.);
#962=VECTOR('',#2952,10.);
#963=VECTOR('',#2953,10.);
#964=VECTOR('',#2954,10.);
#965=VECTOR('',#2955,10.);
#966=VECTOR('',#2958,10.);
#967=VECTOR('',#2959,10.);
#968=VECTOR('',#2960,10.);
#969=VECTOR('',#2961,10.);
#970=VECTOR('',#2964,10.);
#971=VECTOR('',#2965,10.);
#972=VECTOR('',#2966,10.);
#973=VECTOR('',#2967,10.);
#974=VECTOR('',#2970,10.);
#975=VECTOR('',#2971,10.);
#976=VECTOR('',#2976,10.);
#977=VECTOR('',#2977,10.);
#978=VECTOR('',#2978,10.);
#979=VECTOR('',#2981,10.);
#980=VECTOR('',#2982,10.);
#981=VECTOR('',#2983,10.);
#982=VECTOR('',#2986,10.);
#983=VECTOR('',#2987,10.);
#984=VECTOR('',#2988,10.);
#985=VECTOR('',#2989,10.);
#986=VECTOR('',#2992,10.);
#987=VECTOR('',#2993,10.);
#988=VECTOR('',#2994,10.);
#989=VECTOR('',#2995,10.);
#990=VECTOR('',#2998,10.);
#991=VECTOR('',#2999,10.);
#992=VECTOR('',#3002,10.);
#993=VECTOR('',#3003,10.);
#994=VECTOR('',#3008,10.);
#995=VECTOR('',#3009,10.);
#996=VECTOR('',#3010,10.);
#997=VECTOR('',#3011,10.);
#998=VECTOR('',#3014,10.);
#999=VECTOR('',#3015,10.);
#1000=VECTOR('',#3016,10.);
#1001=VECTOR('',#3017,10.);
#1002=VECTOR('',#3020,10.);
#1003=VECTOR('',#3021,10.);
#1004=VECTOR('',#3022,10.);
#1005=VECTOR('',#3023,10.);
#1006=VECTOR('',#3026,10.);
#1007=VECTOR('',#3027,10.);
#1008=VECTOR('',#3028,10.);
#1009=VECTOR('',#3029,10.);
#1010=VECTOR('',#3034,10.);
#1011=VECTOR('',#3035,10.);
#1012=VECTOR('',#3036,10.);
#1013=VECTOR('',#3039,10.);
#1014=VECTOR('',#3040,10.);
#1015=VECTOR('',#3041,10.);
#1016=VECTOR('',#3044,10.);
#1017=VECTOR('',#3045,10.);
#1018=VECTOR('',#3046,10.);
#1019=VECTOR('',#3049,10.);
#1020=VECTOR('',#3050,10.);
#1021=VECTOR('',#3051,10.);
#1022=VECTOR('',#3054,10.);
#1023=VECTOR('',#3055,10.);
#1024=VECTOR('',#3056,10.);
#1025=VECTOR('',#3057,10.);
#1026=VECTOR('',#3060,10.);
#1027=VECTOR('',#3061,10.);
#1028=VECTOR('',#3062,10.);
#1029=VECTOR('',#3063,10.);
#1030=VECTOR('',#3066,10.);
#1031=VECTOR('',#3067,10.);
#1032=VECTOR('',#3070,10.);
#1033=VECTOR('',#3071,10.);
#1034=VECTOR('',#3076,10.);
#1035=VECTOR('',#3077,10.);
#1036=VECTOR('',#3078,10.);
#1037=VECTOR('',#3079,10.);
#1038=VECTOR('',#3082,10.);
#1039=VECTOR('',#3083,10.);
#1040=VECTOR('',#3084,10.);
#1041=VECTOR('',#3085,10.);
#1042=VECTOR('',#3088,10.);
#1043=VECTOR('',#3089,10.);
#1044=VECTOR('',#3092,10.);
#1045=VECTOR('',#3093,10.);
#1046=VECTOR('',#3094,10.);
#1047=VECTOR('',#3095,10.);
#1048=VECTOR('',#3100,10.);
#1049=VECTOR('',#3101,10.);
#1050=VECTOR('',#3102,10.);
#1051=VECTOR('',#3105,10.);
#1052=VECTOR('',#3106,10.);
#1053=VECTOR('',#3107,10.);
#1054=VECTOR('',#3110,10.);
#1055=VECTOR('',#3111,10.);
#1056=VECTOR('',#3112,10.);
#1057=VECTOR('',#3113,10.);
#1058=VECTOR('',#3116,10.);
#1059=VECTOR('',#3117,10.);
#1060=VECTOR('',#3118,10.);
#1061=VECTOR('',#3119,10.);
#1062=VECTOR('',#3122,10.);
#1063=VECTOR('',#3123,10.);
#1064=VECTOR('',#3126,10.);
#1065=VECTOR('',#3127,10.);
#1066=VECTOR('',#3132,10.);
#1067=VECTOR('',#3133,10.);
#1068=VECTOR('',#3134,10.);
#1069=VECTOR('',#3135,10.);
#1070=VECTOR('',#3138,10.);
#1071=VECTOR('',#3139,10.);
#1072=VECTOR('',#3140,10.);
#1073=VECTOR('',#3141,10.);
#1074=VECTOR('',#3144,10.);
#1075=VECTOR('',#3145,10.);
#1076=VECTOR('',#3146,10.);
#1077=VECTOR('',#3147,10.);
#1078=VECTOR('',#3150,10.);
#1079=VECTOR('',#3151,10.);
#1080=VECTOR('',#3156,10.);
#1081=VECTOR('',#3157,10.);
#1082=VECTOR('',#3158,10.);
#1083=VECTOR('',#3161,10.);
#1084=VECTOR('',#3162,10.);
#1085=VECTOR('',#3163,10.);
#1086=VECTOR('',#3166,10.);
#1087=VECTOR('',#3167,10.);
#1088=VECTOR('',#3170,10.);
#1089=VECTOR('',#3171,10.);
#1090=VECTOR('',#3174,10.);
#1091=VECTOR('',#3175,10.);
#1092=VECTOR('',#3178,10.);
#1093=VECTOR('',#3179,10.);
#1094=CIRCLE('',#2470,1.74999999999999);
#1095=CIRCLE('',#2471,1.74999999999999);
#1096=CIRCLE('',#2476,1.75);
#1097=CIRCLE('',#2477,1.75);
#1098=VERTEX_POINT('',#3186);
#1099=VERTEX_POINT('',#3188);
#1100=VERTEX_POINT('',#3192);
#1101=VERTEX_POINT('',#3193);
#1102=VERTEX_POINT('',#3195);
#1103=VERTEX_POINT('',#3197);
#1104=VERTEX_POINT('',#3201);
#1105=VERTEX_POINT('',#3203);
#1106=VERTEX_POINT('',#3207);
#1107=VERTEX_POINT('',#3209);
#1108=VERTEX_POINT('',#3213);
#1109=VERTEX_POINT('',#3215);
#1110=VERTEX_POINT('',#3219);
#1111=VERTEX_POINT('',#3220);
#1112=VERTEX_POINT('',#3222);
#1113=VERTEX_POINT('',#3224);
#1114=VERTEX_POINT('',#3228);
#1115=VERTEX_POINT('',#3230);
#1116=VERTEX_POINT('',#3234);
#1117=VERTEX_POINT('',#3236);
#1118=VERTEX_POINT('',#3240);
#1119=VERTEX_POINT('',#3241);
#1120=VERTEX_POINT('',#3243);
#1121=VERTEX_POINT('',#3245);
#1122=VERTEX_POINT('',#3249);
#1123=VERTEX_POINT('',#3250);
#1124=VERTEX_POINT('',#3252);
#1125=VERTEX_POINT('',#3254);
#1126=VERTEX_POINT('',#3258);
#1127=VERTEX_POINT('',#3259);
#1128=VERTEX_POINT('',#3265);
#1129=VERTEX_POINT('',#3266);
#1130=VERTEX_POINT('',#3273);
#1131=VERTEX_POINT('',#3275);
#1132=VERTEX_POINT('',#3279);
#1133=VERTEX_POINT('',#3281);
#1134=VERTEX_POINT('',#3285);
#1135=VERTEX_POINT('',#3287);
#1136=VERTEX_POINT('',#3291);
#1137=VERTEX_POINT('',#3293);
#1138=VERTEX_POINT('',#3297);
#1139=VERTEX_POINT('',#3298);
#1140=VERTEX_POINT('',#3300);
#1141=VERTEX_POINT('',#3302);
#1142=VERTEX_POINT('',#3306);
#1143=VERTEX_POINT('',#3307);
#1144=VERTEX_POINT('',#3309);
#1145=VERTEX_POINT('',#3311);
#1146=VERTEX_POINT('',#3315);
#1147=VERTEX_POINT('',#3316);
#1148=VERTEX_POINT('',#3322);
#1149=VERTEX_POINT('',#3323);
#1150=VERTEX_POINT('',#3330);
#1151=VERTEX_POINT('',#3332);
#1152=VERTEX_POINT('',#3336);
#1153=VERTEX_POINT('',#3338);
#1154=VERTEX_POINT('',#3342);
#1155=VERTEX_POINT('',#3344);
#1156=VERTEX_POINT('',#3348);
#1157=VERTEX_POINT('',#3350);
#1158=VERTEX_POINT('',#3354);
#1159=VERTEX_POINT('',#3356);
#1160=VERTEX_POINT('',#3358);
#1161=VERTEX_POINT('',#3362);
#1162=VERTEX_POINT('',#3364);
#1163=VERTEX_POINT('',#3366);
#1164=VERTEX_POINT('',#3370);
#1165=VERTEX_POINT('',#3371);
#1166=VERTEX_POINT('',#3381);
#1167=VERTEX_POINT('',#3383);
#1168=VERTEX_POINT('',#3387);
#1169=VERTEX_POINT('',#3389);
#1170=VERTEX_POINT('',#3393);
#1171=VERTEX_POINT('',#3395);
#1172=VERTEX_POINT('',#3397);
#1173=VERTEX_POINT('',#3401);
#1174=VERTEX_POINT('',#3403);
#1175=VERTEX_POINT('',#3405);
#1176=VERTEX_POINT('',#3409);
#1177=VERTEX_POINT('',#3410);
#1178=VERTEX_POINT('',#3420);
#1179=VERTEX_POINT('',#3422);
#1180=VERTEX_POINT('',#3426);
#1181=VERTEX_POINT('',#3428);
#1182=VERTEX_POINT('',#3432);
#1183=VERTEX_POINT('',#3433);
#1184=VERTEX_POINT('',#3435);
#1185=VERTEX_POINT('',#3437);
#1186=VERTEX_POINT('',#3441);
#1187=VERTEX_POINT('',#3442);
#1188=VERTEX_POINT('',#3444);
#1189=VERTEX_POINT('',#3446);
#1190=VERTEX_POINT('',#3450);
#1191=VERTEX_POINT('',#3451);
#1192=VERTEX_POINT('',#3457);
#1193=VERTEX_POINT('',#3458);
#1194=VERTEX_POINT('',#3465);
#1195=VERTEX_POINT('',#3467);
#1196=VERTEX_POINT('',#3471);
#1197=VERTEX_POINT('',#3473);
#1198=VERTEX_POINT('',#3477);
#1199=VERTEX_POINT('',#3479);
#1200=VERTEX_POINT('',#3483);
#1201=VERTEX_POINT('',#3485);
#1202=VERTEX_POINT('',#3489);
#1203=VERTEX_POINT('',#3490);
#1204=VERTEX_POINT('',#3492);
#1205=VERTEX_POINT('',#3494);
#1206=VERTEX_POINT('',#3498);
#1207=VERTEX_POINT('',#3499);
#1208=VERTEX_POINT('',#3501);
#1209=VERTEX_POINT('',#3503);
#1210=VERTEX_POINT('',#3507);
#1211=VERTEX_POINT('',#3508);
#1212=VERTEX_POINT('',#3514);
#1213=VERTEX_POINT('',#3515);
#1214=VERTEX_POINT('',#3522);
#1215=VERTEX_POINT('',#3524);
#1216=VERTEX_POINT('',#3528);
#1217=VERTEX_POINT('',#3530);
#1218=VERTEX_POINT('',#3534);
#1219=VERTEX_POINT('',#3536);
#1220=VERTEX_POINT('',#3540);
#1221=VERTEX_POINT('',#3542);
#1222=VERTEX_POINT('',#3547);
#1223=VERTEX_POINT('',#3549);
#1224=VERTEX_POINT('',#3554);
#1225=VERTEX_POINT('',#3556);
#1226=VERTEX_POINT('',#3567);
#1227=VERTEX_POINT('',#3569);
#1228=VERTEX_POINT('',#3571);
#1229=VERTEX_POINT('',#3575);
#1230=VERTEX_POINT('',#3577);
#1231=VERTEX_POINT('',#3579);
#1232=VERTEX_POINT('',#3583);
#1233=VERTEX_POINT('',#3584);
#1234=VERTEX_POINT('',#3594);
#1235=VERTEX_POINT('',#3596);
#1236=VERTEX_POINT('',#3600);
#1237=VERTEX_POINT('',#3602);
#1238=VERTEX_POINT('',#3606);
#1239=VERTEX_POINT('',#3608);
#1240=VERTEX_POINT('',#3610);
#1241=VERTEX_POINT('',#3614);
#1242=VERTEX_POINT('',#3616);
#1243=VERTEX_POINT('',#3618);
#1244=VERTEX_POINT('',#3622);
#1245=VERTEX_POINT('',#3623);
#1246=VERTEX_POINT('',#3633);
#1247=VERTEX_POINT('',#3635);
#1248=VERTEX_POINT('',#3639);
#1249=VERTEX_POINT('',#3641);
#1250=VERTEX_POINT('',#3646);
#1251=VERTEX_POINT('',#3648);
#1252=VERTEX_POINT('',#3653);
#1253=VERTEX_POINT('',#3655);
#1254=VERTEX_POINT('',#3666);
#1255=VERTEX_POINT('',#3667);
#1256=VERTEX_POINT('',#3669);
#1257=VERTEX_POINT('',#3671);
#1258=VERTEX_POINT('',#3675);
#1259=VERTEX_POINT('',#3676);
#1260=VERTEX_POINT('',#3678);
#1261=VERTEX_POINT('',#3680);
#1262=VERTEX_POINT('',#3684);
#1263=VERTEX_POINT('',#3685);
#1264=VERTEX_POINT('',#3691);
#1265=VERTEX_POINT('',#3692);
#1266=VERTEX_POINT('',#3699);
#1267=VERTEX_POINT('',#3701);
#1268=VERTEX_POINT('',#3705);
#1269=VERTEX_POINT('',#3707);
#1270=VERTEX_POINT('',#3711);
#1271=VERTEX_POINT('',#3713);
#1272=VERTEX_POINT('',#3717);
#1273=VERTEX_POINT('',#3719);
#1274=VERTEX_POINT('',#3724);
#1275=VERTEX_POINT('',#3726);
#1276=VERTEX_POINT('',#3731);
#1277=VERTEX_POINT('',#3733);
#1278=VERTEX_POINT('',#3744);
#1279=VERTEX_POINT('',#3746);
#1280=VERTEX_POINT('',#3748);
#1281=VERTEX_POINT('',#3752);
#1282=VERTEX_POINT('',#3754);
#1283=VERTEX_POINT('',#3756);
#1284=VERTEX_POINT('',#3763);
#1285=VERTEX_POINT('',#3764);
#1286=VERTEX_POINT('',#3771);
#1287=VERTEX_POINT('',#3773);
#1288=VERTEX_POINT('',#3777);
#1289=VERTEX_POINT('',#3779);
#1290=VERTEX_POINT('',#3784);
#1291=VERTEX_POINT('',#3786);
#1292=VERTEX_POINT('',#3791);
#1293=VERTEX_POINT('',#3793);
#1294=VERTEX_POINT('',#3804);
#1295=VERTEX_POINT('',#3806);
#1296=VERTEX_POINT('',#3808);
#1297=VERTEX_POINT('',#3812);
#1298=VERTEX_POINT('',#3814);
#1299=VERTEX_POINT('',#3816);
#1300=VERTEX_POINT('',#3820);
#1301=VERTEX_POINT('',#3821);
#1302=VERTEX_POINT('',#3831);
#1303=VERTEX_POINT('',#3833);
#1304=VERTEX_POINT('',#3837);
#1305=VERTEX_POINT('',#3839);
#1306=EDGE_CURVE('',#1098,#1098,#1094,.T.);
#1307=EDGE_CURVE('',#1098,#1099,#418,.T.);
#1308=EDGE_CURVE('',#1099,#1099,#1095,.T.);
#1309=EDGE_CURVE('',#1100,#1101,#419,.T.);
#1310=EDGE_CURVE('',#1101,#1102,#420,.T.);
#1311=EDGE_CURVE('',#1103,#1102,#421,.T.);
#1312=EDGE_CURVE('',#1100,#1103,#422,.T.);
#1313=EDGE_CURVE('',#1102,#1104,#423,.T.);
#1314=EDGE_CURVE('',#1105,#1104,#424,.T.);
#1315=EDGE_CURVE('',#1105,#1103,#425,.T.);
#1316=EDGE_CURVE('',#1104,#1106,#426,.T.);
#1317=EDGE_CURVE('',#1107,#1106,#427,.T.);
#1318=EDGE_CURVE('',#1105,#1107,#428,.T.);
#1319=EDGE_CURVE('',#1108,#1108,#1096,.T.);
#1320=EDGE_CURVE('',#1108,#1109,#429,.T.);
#1321=EDGE_CURVE('',#1109,#1109,#1097,.T.);
#1322=EDGE_CURVE('',#1110,#1111,#430,.T.);
#1323=EDGE_CURVE('',#1110,#1112,#431,.T.);
#1324=EDGE_CURVE('',#1113,#1112,#432,.T.);
#1325=EDGE_CURVE('',#1111,#1113,#433,.T.);
#1326=EDGE_CURVE('',#1112,#1114,#434,.T.);
#1327=EDGE_CURVE('',#1115,#1114,#435,.T.);
#1328=EDGE_CURVE('',#1115,#1113,#436,.T.);
#1329=EDGE_CURVE('',#1114,#1116,#437,.T.);
#1330=EDGE_CURVE('',#1117,#1116,#438,.T.);
#1331=EDGE_CURVE('',#1115,#1117,#439,.T.);
#1332=EDGE_CURVE('',#1118,#1119,#440,.T.);
#1333=EDGE_CURVE('',#1118,#1120,#441,.T.);
#1334=EDGE_CURVE('',#1121,#1120,#442,.T.);
#1335=EDGE_CURVE('',#1119,#1121,#443,.T.);
#1336=EDGE_CURVE('',#1122,#1123,#444,.T.);
#1337=EDGE_CURVE('',#1122,#1124,#445,.T.);
#1338=EDGE_CURVE('',#1125,#1124,#446,.T.);
#1339=EDGE_CURVE('',#1123,#1125,#447,.T.);
#1340=EDGE_CURVE('',#1126,#1127,#448,.T.);
#1341=EDGE_CURVE('',#1123,#1126,#449,.T.);
#1342=EDGE_CURVE('',#1120,#1125,#450,.T.);
#1343=EDGE_CURVE('',#1127,#1118,#451,.T.);
#1344=EDGE_CURVE('',#1128,#1129,#452,.T.);
#1345=EDGE_CURVE('',#1119,#1128,#453,.T.);
#1346=EDGE_CURVE('',#1124,#1121,#454,.T.);
#1347=EDGE_CURVE('',#1129,#1122,#455,.T.);
#1348=EDGE_CURVE('',#1130,#1118,#456,.T.);
#1349=EDGE_CURVE('',#1130,#1131,#457,.T.);
#1350=EDGE_CURVE('',#1131,#1127,#458,.T.);
#1351=EDGE_CURVE('',#1128,#1132,#459,.T.);
#1352=EDGE_CURVE('',#1132,#1133,#460,.T.);
#1353=EDGE_CURVE('',#1119,#1133,#461,.T.);
#1354=EDGE_CURVE('',#1134,#1122,#462,.T.);
#1355=EDGE_CURVE('',#1134,#1135,#463,.T.);
#1356=EDGE_CURVE('',#1135,#1129,#464,.T.);
#1357=EDGE_CURVE('',#1126,#1136,#465,.T.);
#1358=EDGE_CURVE('',#1136,#1137,#466,.T.);
#1359=EDGE_CURVE('',#1123,#1137,#467,.T.);
#1360=EDGE_CURVE('',#1138,#1139,#468,.T.);
#1361=EDGE_CURVE('',#1138,#1140,#469,.T.);
#1362=EDGE_CURVE('',#1141,#1140,#470,.T.);
#1363=EDGE_CURVE('',#1139,#1141,#471,.T.);
#1364=EDGE_CURVE('',#1142,#1143,#472,.T.);
#1365=EDGE_CURVE('',#1142,#1144,#473,.T.);
#1366=EDGE_CURVE('',#1145,#1144,#474,.T.);
#1367=EDGE_CURVE('',#1143,#1145,#475,.T.);
#1368=EDGE_CURVE('',#1146,#1147,#476,.T.);
#1369=EDGE_CURVE('',#1143,#1146,#477,.T.);
#1370=EDGE_CURVE('',#1140,#1145,#478,.T.);
#1371=EDGE_CURVE('',#1147,#1138,#479,.T.);
#1372=EDGE_CURVE('',#1148,#1149,#480,.T.);
#1373=EDGE_CURVE('',#1139,#1148,#481,.T.);
#1374=EDGE_CURVE('',#1144,#1141,#482,.T.);
#1375=EDGE_CURVE('',#1149,#1142,#483,.T.);
#1376=EDGE_CURVE('',#1150,#1138,#484,.T.);
#1377=EDGE_CURVE('',#1150,#1151,#485,.T.);
#1378=EDGE_CURVE('',#1151,#1147,#486,.T.);
#1379=EDGE_CURVE('',#1148,#1152,#487,.T.);
#1380=EDGE_CURVE('',#1152,#1153,#488,.T.);
#1381=EDGE_CURVE('',#1139,#1153,#489,.T.);
#1382=EDGE_CURVE('',#1154,#1142,#490,.T.);
#1383=EDGE_CURVE('',#1154,#1155,#491,.T.);
#1384=EDGE_CURVE('',#1155,#1149,#492,.T.);
#1385=EDGE_CURVE('',#1146,#1156,#493,.T.);
#1386=EDGE_CURVE('',#1156,#1157,#494,.T.);
#1387=EDGE_CURVE('',#1143,#1157,#495,.T.);
#1388=EDGE_CURVE('',#1158,#1130,#496,.T.);
#1389=EDGE_CURVE('',#1158,#1159,#497,.T.);
#1390=EDGE_CURVE('',#1160,#1159,#498,.T.);
#1391=EDGE_CURVE('',#1130,#1160,#499,.T.);
#1392=EDGE_CURVE('',#1137,#1161,#500,.T.);
#1393=EDGE_CURVE('',#1137,#1162,#501,.T.);
#1394=EDGE_CURVE('',#1163,#1162,#502,.T.);
#1395=EDGE_CURVE('',#1161,#1163,#503,.T.);
#1396=EDGE_CURVE('',#1164,#1165,#504,.T.);
#1397=EDGE_CURVE('',#1161,#1164,#505,.T.);
#1398=EDGE_CURVE('',#1159,#1163,#506,.T.);
#1399=EDGE_CURVE('',#1165,#1158,#507,.T.);
#1400=EDGE_CURVE('',#1131,#1136,#508,.T.);
#1401=EDGE_CURVE('',#1162,#1160,#509,.T.);
#1402=EDGE_CURVE('',#1166,#1158,#510,.T.);
#1403=EDGE_CURVE('',#1166,#1167,#511,.T.);
#1404=EDGE_CURVE('',#1167,#1165,#512,.T.);
#1405=EDGE_CURVE('',#1164,#1168,#513,.T.);
#1406=EDGE_CURVE('',#1168,#1169,#514,.T.);
#1407=EDGE_CURVE('',#1161,#1169,#515,.T.);
#1408=EDGE_CURVE('',#1170,#1150,#516,.T.);
#1409=EDGE_CURVE('',#1170,#1171,#517,.T.);
#1410=EDGE_CURVE('',#1172,#1171,#518,.T.);
#1411=EDGE_CURVE('',#1150,#1172,#519,.T.);
#1412=EDGE_CURVE('',#1157,#1173,#520,.T.);
#1413=EDGE_CURVE('',#1157,#1174,#521,.T.);
#1414=EDGE_CURVE('',#1175,#1174,#522,.T.);
#1415=EDGE_CURVE('',#1173,#1175,#523,.T.);
#1416=EDGE_CURVE('',#1176,#1177,#524,.T.);
#1417=EDGE_CURVE('',#1173,#1176,#525,.T.);
#1418=EDGE_CURVE('',#1171,#1175,#526,.T.);
#1419=EDGE_CURVE('',#1177,#1170,#527,.T.);
#1420=EDGE_CURVE('',#1151,#1156,#528,.T.);
#1421=EDGE_CURVE('',#1174,#1172,#529,.T.);
#1422=EDGE_CURVE('',#1178,#1170,#530,.T.);
#1423=EDGE_CURVE('',#1178,#1179,#531,.T.);
#1424=EDGE_CURVE('',#1179,#1177,#532,.T.);
#1425=EDGE_CURVE('',#1176,#1180,#533,.T.);
#1426=EDGE_CURVE('',#1180,#1181,#534,.T.);
#1427=EDGE_CURVE('',#1173,#1181,#535,.T.);
#1428=EDGE_CURVE('',#1182,#1183,#536,.T.);
#1429=EDGE_CURVE('',#1182,#1184,#537,.T.);
#1430=EDGE_CURVE('',#1185,#1184,#538,.T.);
#1431=EDGE_CURVE('',#1183,#1185,#539,.T.);
#1432=EDGE_CURVE('',#1186,#1187,#540,.T.);
#1433=EDGE_CURVE('',#1186,#1188,#541,.T.);
#1434=EDGE_CURVE('',#1189,#1188,#542,.T.);
#1435=EDGE_CURVE('',#1187,#1189,#543,.T.);
#1436=EDGE_CURVE('',#1190,#1191,#544,.T.);
#1437=EDGE_CURVE('',#1187,#1190,#545,.T.);
#1438=EDGE_CURVE('',#1184,#1189,#546,.T.);
#1439=EDGE_CURVE('',#1191,#1182,#547,.T.);
#1440=EDGE_CURVE('',#1192,#1193,#548,.T.);
#1441=EDGE_CURVE('',#1183,#1192,#549,.T.);
#1442=EDGE_CURVE('',#1188,#1185,#550,.T.);
#1443=EDGE_CURVE('',#1193,#1186,#551,.T.);
#1444=EDGE_CURVE('',#1194,#1182,#552,.T.);
#1445=EDGE_CURVE('',#1194,#1195,#553,.T.);
#1446=EDGE_CURVE('',#1195,#1191,#554,.T.);
#1447=EDGE_CURVE('',#1192,#1196,#555,.T.);
#1448=EDGE_CURVE('',#1196,#1197,#556,.T.);
#1449=EDGE_CURVE('',#1183,#1197,#557,.T.);
#1450=EDGE_CURVE('',#1198,#1186,#558,.T.);
#1451=EDGE_CURVE('',#1198,#1199,#559,.T.);
#1452=EDGE_CURVE('',#1199,#1193,#560,.T.);
#1453=EDGE_CURVE('',#1190,#1200,#561,.T.);
#1454=EDGE_CURVE('',#1200,#1201,#562,.T.);
#1455=EDGE_CURVE('',#1187,#1201,#563,.T.);
#1456=EDGE_CURVE('',#1202,#1203,#564,.T.);
#1457=EDGE_CURVE('',#1202,#1204,#565,.T.);
#1458=EDGE_CURVE('',#1205,#1204,#566,.T.);
#1459=EDGE_CURVE('',#1203,#1205,#567,.T.);
#1460=EDGE_CURVE('',#1206,#1207,#568,.T.);
#1461=EDGE_CURVE('',#1206,#1208,#569,.T.);
#1462=EDGE_CURVE('',#1209,#1208,#570,.T.);
#1463=EDGE_CURVE('',#1207,#1209,#571,.T.);
#1464=EDGE_CURVE('',#1210,#1211,#572,.T.);
#1465=EDGE_CURVE('',#1207,#1210,#573,.T.);
#1466=EDGE_CURVE('',#1204,#1209,#574,.T.);
#1467=EDGE_CURVE('',#1211,#1202,#575,.T.);
#1468=EDGE_CURVE('',#1212,#1213,#576,.T.);
#1469=EDGE_CURVE('',#1203,#1212,#577,.T.);
#1470=EDGE_CURVE('',#1208,#1205,#578,.T.);
#1471=EDGE_CURVE('',#1213,#1206,#579,.T.);
#1472=EDGE_CURVE('',#1214,#1202,#580,.T.);
#1473=EDGE_CURVE('',#1214,#1215,#581,.T.);
#1474=EDGE_CURVE('',#1215,#1211,#582,.T.);
#1475=EDGE_CURVE('',#1212,#1216,#583,.T.);
#1476=EDGE_CURVE('',#1216,#1217,#584,.T.);
#1477=EDGE_CURVE('',#1203,#1217,#585,.T.);
#1478=EDGE_CURVE('',#1218,#1206,#586,.T.);
#1479=EDGE_CURVE('',#1218,#1219,#587,.T.);
#1480=EDGE_CURVE('',#1219,#1213,#588,.T.);
#1481=EDGE_CURVE('',#1210,#1220,#589,.T.);
#1482=EDGE_CURVE('',#1220,#1221,#590,.T.);
#1483=EDGE_CURVE('',#1207,#1221,#591,.T.);
#1484=EDGE_CURVE('',#1133,#1178,#592,.T.);
#1485=EDGE_CURVE('',#1133,#1222,#593,.T.);
#1486=EDGE_CURVE('',#1223,#1222,#594,.T.);
#1487=EDGE_CURVE('',#1178,#1223,#595,.T.);
#1488=EDGE_CURVE('',#1181,#1134,#596,.T.);
#1489=EDGE_CURVE('',#1181,#1224,#597,.T.);
#1490=EDGE_CURVE('',#1225,#1224,#598,.T.);
#1491=EDGE_CURVE('',#1134,#1225,#599,.T.);
#1492=EDGE_CURVE('',#1135,#1132,#600,.T.);
#1493=EDGE_CURVE('',#1222,#1225,#601,.T.);
#1494=EDGE_CURVE('',#1179,#1180,#602,.T.);
#1495=EDGE_CURVE('',#1224,#1223,#603,.T.);
#1496=EDGE_CURVE('',#1226,#1194,#604,.T.);
#1497=EDGE_CURVE('',#1226,#1227,#605,.T.);
#1498=EDGE_CURVE('',#1228,#1227,#606,.T.);
#1499=EDGE_CURVE('',#1194,#1228,#607,.T.);
#1500=EDGE_CURVE('',#1201,#1229,#608,.T.);
#1501=EDGE_CURVE('',#1201,#1230,#609,.T.);
#1502=EDGE_CURVE('',#1231,#1230,#610,.T.);
#1503=EDGE_CURVE('',#1229,#1231,#611,.T.);
#1504=EDGE_CURVE('',#1232,#1233,#612,.T.);
#1505=EDGE_CURVE('',#1229,#1232,#613,.T.);
#1506=EDGE_CURVE('',#1227,#1231,#614,.T.);
#1507=EDGE_CURVE('',#1233,#1226,#615,.T.);
#1508=EDGE_CURVE('',#1195,#1200,#616,.T.);
#1509=EDGE_CURVE('',#1230,#1228,#617,.T.);
#1510=EDGE_CURVE('',#1234,#1226,#618,.T.);
#1511=EDGE_CURVE('',#1234,#1235,#619,.T.);
#1512=EDGE_CURVE('',#1235,#1233,#620,.T.);
#1513=EDGE_CURVE('',#1232,#1236,#621,.T.);
#1514=EDGE_CURVE('',#1236,#1237,#622,.T.);
#1515=EDGE_CURVE('',#1229,#1237,#623,.T.);
#1516=EDGE_CURVE('',#1238,#1214,#624,.T.);
#1517=EDGE_CURVE('',#1238,#1239,#625,.T.);
#1518=EDGE_CURVE('',#1240,#1239,#626,.T.);
#1519=EDGE_CURVE('',#1214,#1240,#627,.T.);
#1520=EDGE_CURVE('',#1221,#1241,#628,.T.);
#1521=EDGE_CURVE('',#1221,#1242,#629,.T.);
#1522=EDGE_CURVE('',#1243,#1242,#630,.T.);
#1523=EDGE_CURVE('',#1241,#1243,#631,.T.);
#1524=EDGE_CURVE('',#1244,#1245,#632,.T.);
#1525=EDGE_CURVE('',#1241,#1244,#633,.T.);
#1526=EDGE_CURVE('',#1239,#1243,#634,.T.);
#1527=EDGE_CURVE('',#1245,#1238,#635,.T.);
#1528=EDGE_CURVE('',#1215,#1220,#636,.T.);
#1529=EDGE_CURVE('',#1242,#1240,#637,.T.);
#1530=EDGE_CURVE('',#1246,#1238,#638,.T.);
#1531=EDGE_CURVE('',#1246,#1247,#639,.T.);
#1532=EDGE_CURVE('',#1247,#1245,#640,.T.);
#1533=EDGE_CURVE('',#1244,#1248,#641,.T.);
#1534=EDGE_CURVE('',#1248,#1249,#642,.T.);
#1535=EDGE_CURVE('',#1241,#1249,#643,.T.);
#1536=EDGE_CURVE('',#1197,#1246,#644,.T.);
#1537=EDGE_CURVE('',#1197,#1250,#645,.T.);
#1538=EDGE_CURVE('',#1251,#1250,#646,.T.);
#1539=EDGE_CURVE('',#1246,#1251,#647,.T.);
#1540=EDGE_CURVE('',#1249,#1198,#648,.T.);
#1541=EDGE_CURVE('',#1249,#1252,#649,.T.);
#1542=EDGE_CURVE('',#1253,#1252,#650,.T.);
#1543=EDGE_CURVE('',#1198,#1253,#651,.T.);
#1544=EDGE_CURVE('',#1199,#1196,#652,.T.);
#1545=EDGE_CURVE('',#1250,#1253,#653,.T.);
#1546=EDGE_CURVE('',#1247,#1248,#654,.T.);
#1547=EDGE_CURVE('',#1252,#1251,#655,.T.);
#1548=EDGE_CURVE('',#1254,#1255,#656,.T.);
#1549=EDGE_CURVE('',#1254,#1256,#657,.T.);
#1550=EDGE_CURVE('',#1257,#1256,#658,.T.);
#1551=EDGE_CURVE('',#1255,#1257,#659,.T.);
#1552=EDGE_CURVE('',#1258,#1259,#660,.T.);
#1553=EDGE_CURVE('',#1258,#1260,#661,.T.);
#1554=EDGE_CURVE('',#1261,#1260,#662,.T.);
#1555=EDGE_CURVE('',#1259,#1261,#663,.T.);
#1556=EDGE_CURVE('',#1262,#1263,#664,.T.);
#1557=EDGE_CURVE('',#1259,#1262,#665,.T.);
#1558=EDGE_CURVE('',#1256,#1261,#666,.T.);
#1559=EDGE_CURVE('',#1263,#1254,#667,.T.);
#1560=EDGE_CURVE('',#1264,#1265,#668,.T.);
#1561=EDGE_CURVE('',#1255,#1264,#669,.T.);
#1562=EDGE_CURVE('',#1260,#1257,#670,.T.);
#1563=EDGE_CURVE('',#1265,#1258,#671,.T.);
#1564=EDGE_CURVE('',#1266,#1254,#672,.T.);
#1565=EDGE_CURVE('',#1266,#1267,#673,.T.);
#1566=EDGE_CURVE('',#1267,#1263,#674,.T.);
#1567=EDGE_CURVE('',#1264,#1268,#675,.T.);
#1568=EDGE_CURVE('',#1268,#1269,#676,.T.);
#1569=EDGE_CURVE('',#1255,#1269,#677,.T.);
#1570=EDGE_CURVE('',#1270,#1258,#678,.T.);
#1571=EDGE_CURVE('',#1270,#1271,#679,.T.);
#1572=EDGE_CURVE('',#1271,#1265,#680,.T.);
#1573=EDGE_CURVE('',#1262,#1272,#681,.T.);
#1574=EDGE_CURVE('',#1272,#1273,#682,.T.);
#1575=EDGE_CURVE('',#1259,#1273,#683,.T.);
#1576=EDGE_CURVE('',#1269,#1166,#684,.T.);
#1577=EDGE_CURVE('',#1269,#1274,#685,.T.);
#1578=EDGE_CURVE('',#1275,#1274,#686,.T.);
#1579=EDGE_CURVE('',#1166,#1275,#687,.T.);
#1580=EDGE_CURVE('',#1169,#1270,#688,.T.);
#1581=EDGE_CURVE('',#1169,#1276,#689,.T.);
#1582=EDGE_CURVE('',#1277,#1276,#690,.T.);
#1583=EDGE_CURVE('',#1270,#1277,#691,.T.);
#1584=EDGE_CURVE('',#1271,#1268,#692,.T.);
#1585=EDGE_CURVE('',#1274,#1277,#693,.T.);
#1586=EDGE_CURVE('',#1167,#1168,#694,.T.);
#1587=EDGE_CURVE('',#1276,#1275,#695,.T.);
#1588=EDGE_CURVE('',#1278,#1154,#696,.T.);
#1589=EDGE_CURVE('',#1278,#1279,#697,.T.);
#1590=EDGE_CURVE('',#1280,#1279,#698,.T.);
#1591=EDGE_CURVE('',#1154,#1280,#699,.T.);
#1592=EDGE_CURVE('',#1153,#1281,#700,.T.);
#1593=EDGE_CURVE('',#1153,#1282,#701,.T.);
#1594=EDGE_CURVE('',#1283,#1282,#702,.T.);
#1595=EDGE_CURVE('',#1281,#1283,#703,.T.);
#1596=EDGE_CURVE('',#1155,#1152,#704,.T.);
#1597=EDGE_CURVE('',#1282,#1280,#705,.T.);
#1598=EDGE_CURVE('',#1284,#1285,#706,.T.);
#1599=EDGE_CURVE('',#1281,#1284,#707,.T.);
#1600=EDGE_CURVE('',#1279,#1283,#708,.T.);
#1601=EDGE_CURVE('',#1285,#1278,#709,.T.);
#1602=EDGE_CURVE('',#1286,#1278,#710,.T.);
#1603=EDGE_CURVE('',#1287,#1286,#711,.T.);
#1604=EDGE_CURVE('',#1287,#1285,#712,.T.);
#1605=EDGE_CURVE('',#1284,#1288,#713,.T.);
#1606=EDGE_CURVE('',#1288,#1289,#714,.T.);
#1607=EDGE_CURVE('',#1281,#1289,#715,.T.);
#1608=EDGE_CURVE('',#1217,#1266,#716,.T.);
#1609=EDGE_CURVE('',#1217,#1290,#717,.T.);
#1610=EDGE_CURVE('',#1291,#1290,#718,.T.);
#1611=EDGE_CURVE('',#1266,#1291,#719,.T.);
#1612=EDGE_CURVE('',#1273,#1218,#720,.T.);
#1613=EDGE_CURVE('',#1273,#1292,#721,.T.);
#1614=EDGE_CURVE('',#1293,#1292,#722,.T.);
#1615=EDGE_CURVE('',#1218,#1293,#723,.T.);
#1616=EDGE_CURVE('',#1219,#1216,#724,.T.);
#1617=EDGE_CURVE('',#1290,#1293,#725,.T.);
#1618=EDGE_CURVE('',#1267,#1272,#726,.T.);
#1619=EDGE_CURVE('',#1292,#1291,#727,.T.);
#1620=EDGE_CURVE('',#1294,#1234,#728,.T.);
#1621=EDGE_CURVE('',#1294,#1295,#729,.T.);
#1622=EDGE_CURVE('',#1296,#1295,#730,.T.);
#1623=EDGE_CURVE('',#1234,#1296,#731,.T.);
#1624=EDGE_CURVE('',#1237,#1297,#732,.T.);
#1625=EDGE_CURVE('',#1237,#1298,#733,.T.);
#1626=EDGE_CURVE('',#1299,#1298,#734,.T.);
#1627=EDGE_CURVE('',#1297,#1299,#735,.T.);
#1628=EDGE_CURVE('',#1300,#1301,#736,.T.);
#1629=EDGE_CURVE('',#1297,#1300,#737,.T.);
#1630=EDGE_CURVE('',#1295,#1299,#738,.T.);
#1631=EDGE_CURVE('',#1301,#1294,#739,.T.);
#1632=EDGE_CURVE('',#1235,#1236,#740,.T.);
#1633=EDGE_CURVE('',#1298,#1296,#741,.T.);
#1634=EDGE_CURVE('',#1302,#1294,#742,.T.);
#1635=EDGE_CURVE('',#1303,#1302,#743,.T.);
#1636=EDGE_CURVE('',#1303,#1301,#744,.T.);
#1637=EDGE_CURVE('',#1300,#1304,#745,.T.);
#1638=EDGE_CURVE('',#1304,#1305,#746,.T.);
#1639=EDGE_CURVE('',#1297,#1305,#747,.T.);
#1640=EDGE_CURVE('',#1288,#1287,#748,.T.);
#1641=EDGE_CURVE('',#1289,#1286,#749,.T.);
#1642=EDGE_CURVE('',#1304,#1303,#750,.T.);
#1643=EDGE_CURVE('',#1305,#1302,#751,.T.);
#1644=EDGE_CURVE('',#1100,#1110,#752,.T.);
#1645=EDGE_CURVE('',#1116,#1107,#753,.T.);
#1646=EDGE_CURVE('',#1111,#1101,#754,.T.);
#1647=EDGE_CURVE('',#1106,#1117,#755,.T.);
#1648=ORIENTED_EDGE('',*,*,#1306,.F.);
#1649=ORIENTED_EDGE('',*,*,#1307,.T.);
#1650=ORIENTED_EDGE('',*,*,#1308,.T.);
#1651=ORIENTED_EDGE('',*,*,#1307,.F.);
#1652=ORIENTED_EDGE('',*,*,#1309,.T.);
#1653=ORIENTED_EDGE('',*,*,#1310,.T.);
#1654=ORIENTED_EDGE('',*,*,#1311,.F.);
#1655=ORIENTED_EDGE('',*,*,#1312,.F.);
#1656=ORIENTED_EDGE('',*,*,#1313,.T.);
#1657=ORIENTED_EDGE('',*,*,#1314,.F.);
#1658=ORIENTED_EDGE('',*,*,#1315,.T.);
#1659=ORIENTED_EDGE('',*,*,#1311,.T.);
#1660=ORIENTED_EDGE('',*,*,#1306,.T.);
#1661=ORIENTED_EDGE('',*,*,#1314,.T.);
#1662=ORIENTED_EDGE('',*,*,#1316,.T.);
#1663=ORIENTED_EDGE('',*,*,#1317,.F.);
#1664=ORIENTED_EDGE('',*,*,#1318,.F.);
#1665=ORIENTED_EDGE('',*,*,#1319,.F.);
#1666=ORIENTED_EDGE('',*,*,#1320,.T.);
#1667=ORIENTED_EDGE('',*,*,#1321,.T.);
#1668=ORIENTED_EDGE('',*,*,#1320,.F.);
#1669=ORIENTED_EDGE('',*,*,#1322,.F.);
#1670=ORIENTED_EDGE('',*,*,#1323,.T.);
#1671=ORIENTED_EDGE('',*,*,#1324,.F.);
#1672=ORIENTED_EDGE('',*,*,#1325,.F.);
#1673=ORIENTED_EDGE('',*,*,#1324,.T.);
#1674=ORIENTED_EDGE('',*,*,#1326,.T.);
#1675=ORIENTED_EDGE('',*,*,#1327,.F.);
#1676=ORIENTED_EDGE('',*,*,#1328,.T.);
#1677=ORIENTED_EDGE('',*,*,#1319,.T.);
#1678=ORIENTED_EDGE('',*,*,#1327,.T.);
#1679=ORIENTED_EDGE('',*,*,#1329,.T.);
#1680=ORIENTED_EDGE('',*,*,#1330,.F.);
#1681=ORIENTED_EDGE('',*,*,#1331,.F.);
#1682=ORIENTED_EDGE('',*,*,#1332,.F.);
#1683=ORIENTED_EDGE('',*,*,#1333,.T.);
#1684=ORIENTED_EDGE('',*,*,#1334,.F.);
#1685=ORIENTED_EDGE('',*,*,#1335,.F.);
#1686=ORIENTED_EDGE('',*,*,#1336,.F.);
#1687=ORIENTED_EDGE('',*,*,#1337,.T.);
#1688=ORIENTED_EDGE('',*,*,#1338,.F.);
#1689=ORIENTED_EDGE('',*,*,#1339,.F.);
#1690=ORIENTED_EDGE('',*,*,#1340,.F.);
#1691=ORIENTED_EDGE('',*,*,#1341,.F.);
#1692=ORIENTED_EDGE('',*,*,#1339,.T.);
#1693=ORIENTED_EDGE('',*,*,#1342,.F.);
#1694=ORIENTED_EDGE('',*,*,#1333,.F.);
#1695=ORIENTED_EDGE('',*,*,#1343,.F.);
#1696=ORIENTED_EDGE('',*,*,#1344,.F.);
#1697=ORIENTED_EDGE('',*,*,#1345,.F.);
#1698=ORIENTED_EDGE('',*,*,#1335,.T.);
#1699=ORIENTED_EDGE('',*,*,#1346,.F.);
#1700=ORIENTED_EDGE('',*,*,#1337,.F.);
#1701=ORIENTED_EDGE('',*,*,#1347,.F.);
#1702=ORIENTED_EDGE('',*,*,#1338,.T.);
#1703=ORIENTED_EDGE('',*,*,#1346,.T.);
#1704=ORIENTED_EDGE('',*,*,#1334,.T.);
#1705=ORIENTED_EDGE('',*,*,#1342,.T.);
#1706=ORIENTED_EDGE('',*,*,#1343,.T.);
#1707=ORIENTED_EDGE('',*,*,#1348,.F.);
#1708=ORIENTED_EDGE('',*,*,#1349,.T.);
#1709=ORIENTED_EDGE('',*,*,#1350,.T.);
#1710=ORIENTED_EDGE('',*,*,#1345,.T.);
#1711=ORIENTED_EDGE('',*,*,#1351,.T.);
#1712=ORIENTED_EDGE('',*,*,#1352,.T.);
#1713=ORIENTED_EDGE('',*,*,#1353,.F.);
#1714=ORIENTED_EDGE('',*,*,#1347,.T.);
#1715=ORIENTED_EDGE('',*,*,#1354,.F.);
#1716=ORIENTED_EDGE('',*,*,#1355,.T.);
#1717=ORIENTED_EDGE('',*,*,#1356,.T.);
#1718=ORIENTED_EDGE('',*,*,#1341,.T.);
#1719=ORIENTED_EDGE('',*,*,#1357,.T.);
#1720=ORIENTED_EDGE('',*,*,#1358,.T.);
#1721=ORIENTED_EDGE('',*,*,#1359,.F.);
#1722=ORIENTED_EDGE('',*,*,#1360,.F.);
#1723=ORIENTED_EDGE('',*,*,#1361,.T.);
#1724=ORIENTED_EDGE('',*,*,#1362,.F.);
#1725=ORIENTED_EDGE('',*,*,#1363,.F.);
#1726=ORIENTED_EDGE('',*,*,#1364,.F.);
#1727=ORIENTED_EDGE('',*,*,#1365,.T.);
#1728=ORIENTED_EDGE('',*,*,#1366,.F.);
#1729=ORIENTED_EDGE('',*,*,#1367,.F.);
#1730=ORIENTED_EDGE('',*,*,#1368,.F.);
#1731=ORIENTED_EDGE('',*,*,#1369,.F.);
#1732=ORIENTED_EDGE('',*,*,#1367,.T.);
#1733=ORIENTED_EDGE('',*,*,#1370,.F.);
#1734=ORIENTED_EDGE('',*,*,#1361,.F.);
#1735=ORIENTED_EDGE('',*,*,#1371,.F.);
#1736=ORIENTED_EDGE('',*,*,#1372,.F.);
#1737=ORIENTED_EDGE('',*,*,#1373,.F.);
#1738=ORIENTED_EDGE('',*,*,#1363,.T.);
#1739=ORIENTED_EDGE('',*,*,#1374,.F.);
#1740=ORIENTED_EDGE('',*,*,#1365,.F.);
#1741=ORIENTED_EDGE('',*,*,#1375,.F.);
#1742=ORIENTED_EDGE('',*,*,#1366,.T.);
#1743=ORIENTED_EDGE('',*,*,#1374,.T.);
#1744=ORIENTED_EDGE('',*,*,#1362,.T.);
#1745=ORIENTED_EDGE('',*,*,#1370,.T.);
#1746=ORIENTED_EDGE('',*,*,#1371,.T.);
#1747=ORIENTED_EDGE('',*,*,#1376,.F.);
#1748=ORIENTED_EDGE('',*,*,#1377,.T.);
#1749=ORIENTED_EDGE('',*,*,#1378,.T.);
#1750=ORIENTED_EDGE('',*,*,#1373,.T.);
#1751=ORIENTED_EDGE('',*,*,#1379,.T.);
#1752=ORIENTED_EDGE('',*,*,#1380,.T.);
#1753=ORIENTED_EDGE('',*,*,#1381,.F.);
#1754=ORIENTED_EDGE('',*,*,#1375,.T.);
#1755=ORIENTED_EDGE('',*,*,#1382,.F.);
#1756=ORIENTED_EDGE('',*,*,#1383,.T.);
#1757=ORIENTED_EDGE('',*,*,#1384,.T.);
#1758=ORIENTED_EDGE('',*,*,#1369,.T.);
#1759=ORIENTED_EDGE('',*,*,#1385,.T.);
#1760=ORIENTED_EDGE('',*,*,#1386,.T.);
#1761=ORIENTED_EDGE('',*,*,#1387,.F.);
#1762=ORIENTED_EDGE('',*,*,#1388,.F.);
#1763=ORIENTED_EDGE('',*,*,#1389,.T.);
#1764=ORIENTED_EDGE('',*,*,#1390,.F.);
#1765=ORIENTED_EDGE('',*,*,#1391,.F.);
#1766=ORIENTED_EDGE('',*,*,#1392,.F.);
#1767=ORIENTED_EDGE('',*,*,#1393,.T.);
#1768=ORIENTED_EDGE('',*,*,#1394,.F.);
#1769=ORIENTED_EDGE('',*,*,#1395,.F.);
#1770=ORIENTED_EDGE('',*,*,#1396,.F.);
#1771=ORIENTED_EDGE('',*,*,#1397,.F.);
#1772=ORIENTED_EDGE('',*,*,#1395,.T.);
#1773=ORIENTED_EDGE('',*,*,#1398,.F.);
#1774=ORIENTED_EDGE('',*,*,#1389,.F.);
#1775=ORIENTED_EDGE('',*,*,#1399,.F.);
#1776=ORIENTED_EDGE('',*,*,#1400,.F.);
#1777=ORIENTED_EDGE('',*,*,#1349,.F.);
#1778=ORIENTED_EDGE('',*,*,#1391,.T.);
#1779=ORIENTED_EDGE('',*,*,#1401,.F.);
#1780=ORIENTED_EDGE('',*,*,#1393,.F.);
#1781=ORIENTED_EDGE('',*,*,#1358,.F.);
#1782=ORIENTED_EDGE('',*,*,#1394,.T.);
#1783=ORIENTED_EDGE('',*,*,#1401,.T.);
#1784=ORIENTED_EDGE('',*,*,#1390,.T.);
#1785=ORIENTED_EDGE('',*,*,#1398,.T.);
#1786=ORIENTED_EDGE('',*,*,#1399,.T.);
#1787=ORIENTED_EDGE('',*,*,#1402,.F.);
#1788=ORIENTED_EDGE('',*,*,#1403,.T.);
#1789=ORIENTED_EDGE('',*,*,#1404,.T.);
#1790=ORIENTED_EDGE('',*,*,#1397,.T.);
#1791=ORIENTED_EDGE('',*,*,#1405,.T.);
#1792=ORIENTED_EDGE('',*,*,#1406,.T.);
#1793=ORIENTED_EDGE('',*,*,#1407,.F.);
#1794=ORIENTED_EDGE('',*,*,#1408,.F.);
#1795=ORIENTED_EDGE('',*,*,#1409,.T.);
#1796=ORIENTED_EDGE('',*,*,#1410,.F.);
#1797=ORIENTED_EDGE('',*,*,#1411,.F.);
#1798=ORIENTED_EDGE('',*,*,#1412,.F.);
#1799=ORIENTED_EDGE('',*,*,#1413,.T.);
#1800=ORIENTED_EDGE('',*,*,#1414,.F.);
#1801=ORIENTED_EDGE('',*,*,#1415,.F.);
#1802=ORIENTED_EDGE('',*,*,#1416,.F.);
#1803=ORIENTED_EDGE('',*,*,#1417,.F.);
#1804=ORIENTED_EDGE('',*,*,#1415,.T.);
#1805=ORIENTED_EDGE('',*,*,#1418,.F.);
#1806=ORIENTED_EDGE('',*,*,#1409,.F.);
#1807=ORIENTED_EDGE('',*,*,#1419,.F.);
#1808=ORIENTED_EDGE('',*,*,#1420,.F.);
#1809=ORIENTED_EDGE('',*,*,#1377,.F.);
#1810=ORIENTED_EDGE('',*,*,#1411,.T.);
#1811=ORIENTED_EDGE('',*,*,#1421,.F.);
#1812=ORIENTED_EDGE('',*,*,#1413,.F.);
#1813=ORIENTED_EDGE('',*,*,#1386,.F.);
#1814=ORIENTED_EDGE('',*,*,#1414,.T.);
#1815=ORIENTED_EDGE('',*,*,#1421,.T.);
#1816=ORIENTED_EDGE('',*,*,#1410,.T.);
#1817=ORIENTED_EDGE('',*,*,#1418,.T.);
#1818=ORIENTED_EDGE('',*,*,#1419,.T.);
#1819=ORIENTED_EDGE('',*,*,#1422,.F.);
#1820=ORIENTED_EDGE('',*,*,#1423,.T.);
#1821=ORIENTED_EDGE('',*,*,#1424,.T.);
#1822=ORIENTED_EDGE('',*,*,#1417,.T.);
#1823=ORIENTED_EDGE('',*,*,#1425,.T.);
#1824=ORIENTED_EDGE('',*,*,#1426,.T.);
#1825=ORIENTED_EDGE('',*,*,#1427,.F.);
#1826=ORIENTED_EDGE('',*,*,#1428,.F.);
#1827=ORIENTED_EDGE('',*,*,#1429,.T.);
#1828=ORIENTED_EDGE('',*,*,#1430,.F.);
#1829=ORIENTED_EDGE('',*,*,#1431,.F.);
#1830=ORIENTED_EDGE('',*,*,#1432,.F.);
#1831=ORIENTED_EDGE('',*,*,#1433,.T.);
#1832=ORIENTED_EDGE('',*,*,#1434,.F.);
#1833=ORIENTED_EDGE('',*,*,#1435,.F.);
#1834=ORIENTED_EDGE('',*,*,#1436,.F.);
#1835=ORIENTED_EDGE('',*,*,#1437,.F.);
#1836=ORIENTED_EDGE('',*,*,#1435,.T.);
#1837=ORIENTED_EDGE('',*,*,#1438,.F.);
#1838=ORIENTED_EDGE('',*,*,#1429,.F.);
#1839=ORIENTED_EDGE('',*,*,#1439,.F.);
#1840=ORIENTED_EDGE('',*,*,#1440,.F.);
#1841=ORIENTED_EDGE('',*,*,#1441,.F.);
#1842=ORIENTED_EDGE('',*,*,#1431,.T.);
#1843=ORIENTED_EDGE('',*,*,#1442,.F.);
#1844=ORIENTED_EDGE('',*,*,#1433,.F.);
#1845=ORIENTED_EDGE('',*,*,#1443,.F.);
#1846=ORIENTED_EDGE('',*,*,#1434,.T.);
#1847=ORIENTED_EDGE('',*,*,#1442,.T.);
#1848=ORIENTED_EDGE('',*,*,#1430,.T.);
#1849=ORIENTED_EDGE('',*,*,#1438,.T.);
#1850=ORIENTED_EDGE('',*,*,#1439,.T.);
#1851=ORIENTED_EDGE('',*,*,#1444,.F.);
#1852=ORIENTED_EDGE('',*,*,#1445,.T.);
#1853=ORIENTED_EDGE('',*,*,#1446,.T.);
#1854=ORIENTED_EDGE('',*,*,#1441,.T.);
#1855=ORIENTED_EDGE('',*,*,#1447,.T.);
#1856=ORIENTED_EDGE('',*,*,#1448,.T.);
#1857=ORIENTED_EDGE('',*,*,#1449,.F.);
#1858=ORIENTED_EDGE('',*,*,#1443,.T.);
#1859=ORIENTED_EDGE('',*,*,#1450,.F.);
#1860=ORIENTED_EDGE('',*,*,#1451,.T.);
#1861=ORIENTED_EDGE('',*,*,#1452,.T.);
#1862=ORIENTED_EDGE('',*,*,#1437,.T.);
#1863=ORIENTED_EDGE('',*,*,#1453,.T.);
#1864=ORIENTED_EDGE('',*,*,#1454,.T.);
#1865=ORIENTED_EDGE('',*,*,#1455,.F.);
#1866=ORIENTED_EDGE('',*,*,#1456,.F.);
#1867=ORIENTED_EDGE('',*,*,#1457,.T.);
#1868=ORIENTED_EDGE('',*,*,#1458,.F.);
#1869=ORIENTED_EDGE('',*,*,#1459,.F.);
#1870=ORIENTED_EDGE('',*,*,#1460,.F.);
#1871=ORIENTED_EDGE('',*,*,#1461,.T.);
#1872=ORIENTED_EDGE('',*,*,#1462,.F.);
#1873=ORIENTED_EDGE('',*,*,#1463,.F.);
#1874=ORIENTED_EDGE('',*,*,#1464,.F.);
#1875=ORIENTED_EDGE('',*,*,#1465,.F.);
#1876=ORIENTED_EDGE('',*,*,#1463,.T.);
#1877=ORIENTED_EDGE('',*,*,#1466,.F.);
#1878=ORIENTED_EDGE('',*,*,#1457,.F.);
#1879=ORIENTED_EDGE('',*,*,#1467,.F.);
#1880=ORIENTED_EDGE('',*,*,#1468,.F.);
#1881=ORIENTED_EDGE('',*,*,#1469,.F.);
#1882=ORIENTED_EDGE('',*,*,#1459,.T.);
#1883=ORIENTED_EDGE('',*,*,#1470,.F.);
#1884=ORIENTED_EDGE('',*,*,#1461,.F.);
#1885=ORIENTED_EDGE('',*,*,#1471,.F.);
#1886=ORIENTED_EDGE('',*,*,#1462,.T.);
#1887=ORIENTED_EDGE('',*,*,#1470,.T.);
#1888=ORIENTED_EDGE('',*,*,#1458,.T.);
#1889=ORIENTED_EDGE('',*,*,#1466,.T.);
#1890=ORIENTED_EDGE('',*,*,#1467,.T.);
#1891=ORIENTED_EDGE('',*,*,#1472,.F.);
#1892=ORIENTED_EDGE('',*,*,#1473,.T.);
#1893=ORIENTED_EDGE('',*,*,#1474,.T.);
#1894=ORIENTED_EDGE('',*,*,#1469,.T.);
#1895=ORIENTED_EDGE('',*,*,#1475,.T.);
#1896=ORIENTED_EDGE('',*,*,#1476,.T.);
#1897=ORIENTED_EDGE('',*,*,#1477,.F.);
#1898=ORIENTED_EDGE('',*,*,#1471,.T.);
#1899=ORIENTED_EDGE('',*,*,#1478,.F.);
#1900=ORIENTED_EDGE('',*,*,#1479,.T.);
#1901=ORIENTED_EDGE('',*,*,#1480,.T.);
#1902=ORIENTED_EDGE('',*,*,#1465,.T.);
#1903=ORIENTED_EDGE('',*,*,#1481,.T.);
#1904=ORIENTED_EDGE('',*,*,#1482,.T.);
#1905=ORIENTED_EDGE('',*,*,#1483,.F.);
#1906=ORIENTED_EDGE('',*,*,#1484,.F.);
#1907=ORIENTED_EDGE('',*,*,#1485,.T.);
#1908=ORIENTED_EDGE('',*,*,#1486,.F.);
#1909=ORIENTED_EDGE('',*,*,#1487,.F.);
#1910=ORIENTED_EDGE('',*,*,#1488,.F.);
#1911=ORIENTED_EDGE('',*,*,#1489,.T.);
#1912=ORIENTED_EDGE('',*,*,#1490,.F.);
#1913=ORIENTED_EDGE('',*,*,#1491,.F.);
#1914=ORIENTED_EDGE('',*,*,#1492,.F.);
#1915=ORIENTED_EDGE('',*,*,#1355,.F.);
#1916=ORIENTED_EDGE('',*,*,#1491,.T.);
#1917=ORIENTED_EDGE('',*,*,#1493,.F.);
#1918=ORIENTED_EDGE('',*,*,#1485,.F.);
#1919=ORIENTED_EDGE('',*,*,#1352,.F.);
#1920=ORIENTED_EDGE('',*,*,#1494,.F.);
#1921=ORIENTED_EDGE('',*,*,#1423,.F.);
#1922=ORIENTED_EDGE('',*,*,#1487,.T.);
#1923=ORIENTED_EDGE('',*,*,#1495,.F.);
#1924=ORIENTED_EDGE('',*,*,#1489,.F.);
#1925=ORIENTED_EDGE('',*,*,#1426,.F.);
#1926=ORIENTED_EDGE('',*,*,#1490,.T.);
#1927=ORIENTED_EDGE('',*,*,#1495,.T.);
#1928=ORIENTED_EDGE('',*,*,#1486,.T.);
#1929=ORIENTED_EDGE('',*,*,#1493,.T.);
#1930=ORIENTED_EDGE('',*,*,#1496,.F.);
#1931=ORIENTED_EDGE('',*,*,#1497,.T.);
#1932=ORIENTED_EDGE('',*,*,#1498,.F.);
#1933=ORIENTED_EDGE('',*,*,#1499,.F.);
#1934=ORIENTED_EDGE('',*,*,#1500,.F.);
#1935=ORIENTED_EDGE('',*,*,#1501,.T.);
#1936=ORIENTED_EDGE('',*,*,#1502,.F.);
#1937=ORIENTED_EDGE('',*,*,#1503,.F.);
#1938=ORIENTED_EDGE('',*,*,#1504,.F.);
#1939=ORIENTED_EDGE('',*,*,#1505,.F.);
#1940=ORIENTED_EDGE('',*,*,#1503,.T.);
#1941=ORIENTED_EDGE('',*,*,#1506,.F.);
#1942=ORIENTED_EDGE('',*,*,#1497,.F.);
#1943=ORIENTED_EDGE('',*,*,#1507,.F.);
#1944=ORIENTED_EDGE('',*,*,#1508,.F.);
#1945=ORIENTED_EDGE('',*,*,#1445,.F.);
#1946=ORIENTED_EDGE('',*,*,#1499,.T.);
#1947=ORIENTED_EDGE('',*,*,#1509,.F.);
#1948=ORIENTED_EDGE('',*,*,#1501,.F.);
#1949=ORIENTED_EDGE('',*,*,#1454,.F.);
#1950=ORIENTED_EDGE('',*,*,#1502,.T.);
#1951=ORIENTED_EDGE('',*,*,#1509,.T.);
#1952=ORIENTED_EDGE('',*,*,#1498,.T.);
#1953=ORIENTED_EDGE('',*,*,#1506,.T.);
#1954=ORIENTED_EDGE('',*,*,#1507,.T.);
#1955=ORIENTED_EDGE('',*,*,#1510,.F.);
#1956=ORIENTED_EDGE('',*,*,#1511,.T.);
#1957=ORIENTED_EDGE('',*,*,#1512,.T.);
#1958=ORIENTED_EDGE('',*,*,#1505,.T.);
#1959=ORIENTED_EDGE('',*,*,#1513,.T.);
#1960=ORIENTED_EDGE('',*,*,#1514,.T.);
#1961=ORIENTED_EDGE('',*,*,#1515,.F.);
#1962=ORIENTED_EDGE('',*,*,#1516,.F.);
#1963=ORIENTED_EDGE('',*,*,#1517,.T.);
#1964=ORIENTED_EDGE('',*,*,#1518,.F.);
#1965=ORIENTED_EDGE('',*,*,#1519,.F.);
#1966=ORIENTED_EDGE('',*,*,#1520,.F.);
#1967=ORIENTED_EDGE('',*,*,#1521,.T.);
#1968=ORIENTED_EDGE('',*,*,#1522,.F.);
#1969=ORIENTED_EDGE('',*,*,#1523,.F.);
#1970=ORIENTED_EDGE('',*,*,#1524,.F.);
#1971=ORIENTED_EDGE('',*,*,#1525,.F.);
#1972=ORIENTED_EDGE('',*,*,#1523,.T.);
#1973=ORIENTED_EDGE('',*,*,#1526,.F.);
#1974=ORIENTED_EDGE('',*,*,#1517,.F.);
#1975=ORIENTED_EDGE('',*,*,#1527,.F.);
#1976=ORIENTED_EDGE('',*,*,#1528,.F.);
#1977=ORIENTED_EDGE('',*,*,#1473,.F.);
#1978=ORIENTED_EDGE('',*,*,#1519,.T.);
#1979=ORIENTED_EDGE('',*,*,#1529,.F.);
#1980=ORIENTED_EDGE('',*,*,#1521,.F.);
#1981=ORIENTED_EDGE('',*,*,#1482,.F.);
#1982=ORIENTED_EDGE('',*,*,#1522,.T.);
#1983=ORIENTED_EDGE('',*,*,#1529,.T.);
#1984=ORIENTED_EDGE('',*,*,#1518,.T.);
#1985=ORIENTED_EDGE('',*,*,#1526,.T.);
#1986=ORIENTED_EDGE('',*,*,#1527,.T.);
#1987=ORIENTED_EDGE('',*,*,#1530,.F.);
#1988=ORIENTED_EDGE('',*,*,#1531,.T.);
#1989=ORIENTED_EDGE('',*,*,#1532,.T.);
#1990=ORIENTED_EDGE('',*,*,#1525,.T.);
#1991=ORIENTED_EDGE('',*,*,#1533,.T.);
#1992=ORIENTED_EDGE('',*,*,#1534,.T.);
#1993=ORIENTED_EDGE('',*,*,#1535,.F.);
#1994=ORIENTED_EDGE('',*,*,#1536,.F.);
#1995=ORIENTED_EDGE('',*,*,#1537,.T.);
#1996=ORIENTED_EDGE('',*,*,#1538,.F.);
#1997=ORIENTED_EDGE('',*,*,#1539,.F.);
#1998=ORIENTED_EDGE('',*,*,#1540,.F.);
#1999=ORIENTED_EDGE('',*,*,#1541,.T.);
#2000=ORIENTED_EDGE('',*,*,#1542,.F.);
#2001=ORIENTED_EDGE('',*,*,#1543,.F.);
#2002=ORIENTED_EDGE('',*,*,#1544,.F.);
#2003=ORIENTED_EDGE('',*,*,#1451,.F.);
#2004=ORIENTED_EDGE('',*,*,#1543,.T.);
#2005=ORIENTED_EDGE('',*,*,#1545,.F.);
#2006=ORIENTED_EDGE('',*,*,#1537,.F.);
#2007=ORIENTED_EDGE('',*,*,#1448,.F.);
#2008=ORIENTED_EDGE('',*,*,#1546,.F.);
#2009=ORIENTED_EDGE('',*,*,#1531,.F.);
#2010=ORIENTED_EDGE('',*,*,#1539,.T.);
#2011=ORIENTED_EDGE('',*,*,#1547,.F.);
#2012=ORIENTED_EDGE('',*,*,#1541,.F.);
#2013=ORIENTED_EDGE('',*,*,#1534,.F.);
#2014=ORIENTED_EDGE('',*,*,#1542,.T.);
#2015=ORIENTED_EDGE('',*,*,#1547,.T.);
#2016=ORIENTED_EDGE('',*,*,#1538,.T.);
#2017=ORIENTED_EDGE('',*,*,#1545,.T.);
#2018=ORIENTED_EDGE('',*,*,#1548,.F.);
#2019=ORIENTED_EDGE('',*,*,#1549,.T.);
#2020=ORIENTED_EDGE('',*,*,#1550,.F.);
#2021=ORIENTED_EDGE('',*,*,#1551,.F.);
#2022=ORIENTED_EDGE('',*,*,#1552,.F.);
#2023=ORIENTED_EDGE('',*,*,#1553,.T.);
#2024=ORIENTED_EDGE('',*,*,#1554,.F.);
#2025=ORIENTED_EDGE('',*,*,#1555,.F.);
#2026=ORIENTED_EDGE('',*,*,#1556,.F.);
#2027=ORIENTED_EDGE('',*,*,#1557,.F.);
#2028=ORIENTED_EDGE('',*,*,#1555,.T.);
#2029=ORIENTED_EDGE('',*,*,#1558,.F.);
#2030=ORIENTED_EDGE('',*,*,#1549,.F.);
#2031=ORIENTED_EDGE('',*,*,#1559,.F.);
#2032=ORIENTED_EDGE('',*,*,#1560,.F.);
#2033=ORIENTED_EDGE('',*,*,#1561,.F.);
#2034=ORIENTED_EDGE('',*,*,#1551,.T.);
#2035=ORIENTED_EDGE('',*,*,#1562,.F.);
#2036=ORIENTED_EDGE('',*,*,#1553,.F.);
#2037=ORIENTED_EDGE('',*,*,#1563,.F.);
#2038=ORIENTED_EDGE('',*,*,#1554,.T.);
#2039=ORIENTED_EDGE('',*,*,#1562,.T.);
#2040=ORIENTED_EDGE('',*,*,#1550,.T.);
#2041=ORIENTED_EDGE('',*,*,#1558,.T.);
#2042=ORIENTED_EDGE('',*,*,#1559,.T.);
#2043=ORIENTED_EDGE('',*,*,#1564,.F.);
#2044=ORIENTED_EDGE('',*,*,#1565,.T.);
#2045=ORIENTED_EDGE('',*,*,#1566,.T.);
#2046=ORIENTED_EDGE('',*,*,#1561,.T.);
#2047=ORIENTED_EDGE('',*,*,#1567,.T.);
#2048=ORIENTED_EDGE('',*,*,#1568,.T.);
#2049=ORIENTED_EDGE('',*,*,#1569,.F.);
#2050=ORIENTED_EDGE('',*,*,#1563,.T.);
#2051=ORIENTED_EDGE('',*,*,#1570,.F.);
#2052=ORIENTED_EDGE('',*,*,#1571,.T.);
#2053=ORIENTED_EDGE('',*,*,#1572,.T.);
#2054=ORIENTED_EDGE('',*,*,#1557,.T.);
#2055=ORIENTED_EDGE('',*,*,#1573,.T.);
#2056=ORIENTED_EDGE('',*,*,#1574,.T.);
#2057=ORIENTED_EDGE('',*,*,#1575,.F.);
#2058=ORIENTED_EDGE('',*,*,#1576,.F.);
#2059=ORIENTED_EDGE('',*,*,#1577,.T.);
#2060=ORIENTED_EDGE('',*,*,#1578,.F.);
#2061=ORIENTED_EDGE('',*,*,#1579,.F.);
#2062=ORIENTED_EDGE('',*,*,#1580,.F.);
#2063=ORIENTED_EDGE('',*,*,#1581,.T.);
#2064=ORIENTED_EDGE('',*,*,#1582,.F.);
#2065=ORIENTED_EDGE('',*,*,#1583,.F.);
#2066=ORIENTED_EDGE('',*,*,#1584,.F.);
#2067=ORIENTED_EDGE('',*,*,#1571,.F.);
#2068=ORIENTED_EDGE('',*,*,#1583,.T.);
#2069=ORIENTED_EDGE('',*,*,#1585,.F.);
#2070=ORIENTED_EDGE('',*,*,#1577,.F.);
#2071=ORIENTED_EDGE('',*,*,#1568,.F.);
#2072=ORIENTED_EDGE('',*,*,#1586,.F.);
#2073=ORIENTED_EDGE('',*,*,#1403,.F.);
#2074=ORIENTED_EDGE('',*,*,#1579,.T.);
#2075=ORIENTED_EDGE('',*,*,#1587,.F.);
#2076=ORIENTED_EDGE('',*,*,#1581,.F.);
#2077=ORIENTED_EDGE('',*,*,#1406,.F.);
#2078=ORIENTED_EDGE('',*,*,#1582,.T.);
#2079=ORIENTED_EDGE('',*,*,#1587,.T.);
#2080=ORIENTED_EDGE('',*,*,#1578,.T.);
#2081=ORIENTED_EDGE('',*,*,#1585,.T.);
#2082=ORIENTED_EDGE('',*,*,#1588,.F.);
#2083=ORIENTED_EDGE('',*,*,#1589,.T.);
#2084=ORIENTED_EDGE('',*,*,#1590,.F.);
#2085=ORIENTED_EDGE('',*,*,#1591,.F.);
#2086=ORIENTED_EDGE('',*,*,#1592,.F.);
#2087=ORIENTED_EDGE('',*,*,#1593,.T.);
#2088=ORIENTED_EDGE('',*,*,#1594,.F.);
#2089=ORIENTED_EDGE('',*,*,#1595,.F.);
#2090=ORIENTED_EDGE('',*,*,#1596,.F.);
#2091=ORIENTED_EDGE('',*,*,#1383,.F.);
#2092=ORIENTED_EDGE('',*,*,#1591,.T.);
#2093=ORIENTED_EDGE('',*,*,#1597,.F.);
#2094=ORIENTED_EDGE('',*,*,#1593,.F.);
#2095=ORIENTED_EDGE('',*,*,#1380,.F.);
#2096=ORIENTED_EDGE('',*,*,#1598,.F.);
#2097=ORIENTED_EDGE('',*,*,#1599,.F.);
#2098=ORIENTED_EDGE('',*,*,#1595,.T.);
#2099=ORIENTED_EDGE('',*,*,#1600,.F.);
#2100=ORIENTED_EDGE('',*,*,#1589,.F.);
#2101=ORIENTED_EDGE('',*,*,#1601,.F.);
#2102=ORIENTED_EDGE('',*,*,#1600,.T.);
#2103=ORIENTED_EDGE('',*,*,#1594,.T.);
#2104=ORIENTED_EDGE('',*,*,#1597,.T.);
#2105=ORIENTED_EDGE('',*,*,#1590,.T.);
#2106=ORIENTED_EDGE('',*,*,#1601,.T.);
#2107=ORIENTED_EDGE('',*,*,#1602,.F.);
#2108=ORIENTED_EDGE('',*,*,#1603,.F.);
#2109=ORIENTED_EDGE('',*,*,#1604,.T.);
#2110=ORIENTED_EDGE('',*,*,#1599,.T.);
#2111=ORIENTED_EDGE('',*,*,#1605,.T.);
#2112=ORIENTED_EDGE('',*,*,#1606,.T.);
#2113=ORIENTED_EDGE('',*,*,#1607,.F.);
#2114=ORIENTED_EDGE('',*,*,#1608,.F.);
#2115=ORIENTED_EDGE('',*,*,#1609,.T.);
#2116=ORIENTED_EDGE('',*,*,#1610,.F.);
#2117=ORIENTED_EDGE('',*,*,#1611,.F.);
#2118=ORIENTED_EDGE('',*,*,#1612,.F.);
#2119=ORIENTED_EDGE('',*,*,#1613,.T.);
#2120=ORIENTED_EDGE('',*,*,#1614,.F.);
#2121=ORIENTED_EDGE('',*,*,#1615,.F.);
#2122=ORIENTED_EDGE('',*,*,#1616,.F.);
#2123=ORIENTED_EDGE('',*,*,#1479,.F.);
#2124=ORIENTED_EDGE('',*,*,#1615,.T.);
#2125=ORIENTED_EDGE('',*,*,#1617,.F.);
#2126=ORIENTED_EDGE('',*,*,#1609,.F.);
#2127=ORIENTED_EDGE('',*,*,#1476,.F.);
#2128=ORIENTED_EDGE('',*,*,#1618,.F.);
#2129=ORIENTED_EDGE('',*,*,#1565,.F.);
#2130=ORIENTED_EDGE('',*,*,#1611,.T.);
#2131=ORIENTED_EDGE('',*,*,#1619,.F.);
#2132=ORIENTED_EDGE('',*,*,#1613,.F.);
#2133=ORIENTED_EDGE('',*,*,#1574,.F.);
#2134=ORIENTED_EDGE('',*,*,#1614,.T.);
#2135=ORIENTED_EDGE('',*,*,#1619,.T.);
#2136=ORIENTED_EDGE('',*,*,#1610,.T.);
#2137=ORIENTED_EDGE('',*,*,#1617,.T.);
#2138=ORIENTED_EDGE('',*,*,#1620,.F.);
#2139=ORIENTED_EDGE('',*,*,#1621,.T.);
#2140=ORIENTED_EDGE('',*,*,#1622,.F.);
#2141=ORIENTED_EDGE('',*,*,#1623,.F.);
#2142=ORIENTED_EDGE('',*,*,#1624,.F.);
#2143=ORIENTED_EDGE('',*,*,#1625,.T.);
#2144=ORIENTED_EDGE('',*,*,#1626,.F.);
#2145=ORIENTED_EDGE('',*,*,#1627,.F.);
#2146=ORIENTED_EDGE('',*,*,#1628,.F.);
#2147=ORIENTED_EDGE('',*,*,#1629,.F.);
#2148=ORIENTED_EDGE('',*,*,#1627,.T.);
#2149=ORIENTED_EDGE('',*,*,#1630,.F.);
#2150=ORIENTED_EDGE('',*,*,#1621,.F.);
#2151=ORIENTED_EDGE('',*,*,#1631,.F.);
#2152=ORIENTED_EDGE('',*,*,#1632,.F.);
#2153=ORIENTED_EDGE('',*,*,#1511,.F.);
#2154=ORIENTED_EDGE('',*,*,#1623,.T.);
#2155=ORIENTED_EDGE('',*,*,#1633,.F.);
#2156=ORIENTED_EDGE('',*,*,#1625,.F.);
#2157=ORIENTED_EDGE('',*,*,#1514,.F.);
#2158=ORIENTED_EDGE('',*,*,#1626,.T.);
#2159=ORIENTED_EDGE('',*,*,#1633,.T.);
#2160=ORIENTED_EDGE('',*,*,#1622,.T.);
#2161=ORIENTED_EDGE('',*,*,#1630,.T.);
#2162=ORIENTED_EDGE('',*,*,#1631,.T.);
#2163=ORIENTED_EDGE('',*,*,#1634,.F.);
#2164=ORIENTED_EDGE('',*,*,#1635,.F.);
#2165=ORIENTED_EDGE('',*,*,#1636,.T.);
#2166=ORIENTED_EDGE('',*,*,#1629,.T.);
#2167=ORIENTED_EDGE('',*,*,#1637,.T.);
#2168=ORIENTED_EDGE('',*,*,#1638,.T.);
#2169=ORIENTED_EDGE('',*,*,#1639,.F.);
#2170=ORIENTED_EDGE('',*,*,#1640,.T.);
#2171=ORIENTED_EDGE('',*,*,#1603,.T.);
#2172=ORIENTED_EDGE('',*,*,#1641,.F.);
#2173=ORIENTED_EDGE('',*,*,#1606,.F.);
#2174=ORIENTED_EDGE('',*,*,#1642,.T.);
#2175=ORIENTED_EDGE('',*,*,#1635,.T.);
#2176=ORIENTED_EDGE('',*,*,#1643,.F.);
#2177=ORIENTED_EDGE('',*,*,#1638,.F.);
#2178=ORIENTED_EDGE('',*,*,#1644,.F.);
#2179=ORIENTED_EDGE('',*,*,#1312,.T.);
#2180=ORIENTED_EDGE('',*,*,#1315,.F.);
#2181=ORIENTED_EDGE('',*,*,#1318,.T.);
#2182=ORIENTED_EDGE('',*,*,#1645,.F.);
#2183=ORIENTED_EDGE('',*,*,#1329,.F.);
#2184=ORIENTED_EDGE('',*,*,#1326,.F.);
#2185=ORIENTED_EDGE('',*,*,#1323,.F.);
#2186=ORIENTED_EDGE('',*,*,#1646,.F.);
#2187=ORIENTED_EDGE('',*,*,#1325,.T.);
#2188=ORIENTED_EDGE('',*,*,#1328,.F.);
#2189=ORIENTED_EDGE('',*,*,#1331,.T.);
#2190=ORIENTED_EDGE('',*,*,#1647,.F.);
#2191=ORIENTED_EDGE('',*,*,#1316,.F.);
#2192=ORIENTED_EDGE('',*,*,#1313,.F.);
#2193=ORIENTED_EDGE('',*,*,#1310,.F.);
#2194=ORIENTED_EDGE('',*,*,#1647,.T.);
#2195=ORIENTED_EDGE('',*,*,#1330,.T.);
#2196=ORIENTED_EDGE('',*,*,#1645,.T.);
#2197=ORIENTED_EDGE('',*,*,#1317,.T.);
#2198=ORIENTED_EDGE('',*,*,#1602,.T.);
#2199=ORIENTED_EDGE('',*,*,#1588,.T.);
#2200=ORIENTED_EDGE('',*,*,#1382,.T.);
#2201=ORIENTED_EDGE('',*,*,#1364,.T.);
#2202=ORIENTED_EDGE('',*,*,#1387,.T.);
#2203=ORIENTED_EDGE('',*,*,#1412,.T.);
#2204=ORIENTED_EDGE('',*,*,#1427,.T.);
#2205=ORIENTED_EDGE('',*,*,#1488,.T.);
#2206=ORIENTED_EDGE('',*,*,#1354,.T.);
#2207=ORIENTED_EDGE('',*,*,#1336,.T.);
#2208=ORIENTED_EDGE('',*,*,#1359,.T.);
#2209=ORIENTED_EDGE('',*,*,#1392,.T.);
#2210=ORIENTED_EDGE('',*,*,#1407,.T.);
#2211=ORIENTED_EDGE('',*,*,#1580,.T.);
#2212=ORIENTED_EDGE('',*,*,#1570,.T.);
#2213=ORIENTED_EDGE('',*,*,#1552,.T.);
#2214=ORIENTED_EDGE('',*,*,#1575,.T.);
#2215=ORIENTED_EDGE('',*,*,#1612,.T.);
#2216=ORIENTED_EDGE('',*,*,#1478,.T.);
#2217=ORIENTED_EDGE('',*,*,#1460,.T.);
#2218=ORIENTED_EDGE('',*,*,#1483,.T.);
#2219=ORIENTED_EDGE('',*,*,#1520,.T.);
#2220=ORIENTED_EDGE('',*,*,#1535,.T.);
#2221=ORIENTED_EDGE('',*,*,#1540,.T.);
#2222=ORIENTED_EDGE('',*,*,#1450,.T.);
#2223=ORIENTED_EDGE('',*,*,#1432,.T.);
#2224=ORIENTED_EDGE('',*,*,#1455,.T.);
#2225=ORIENTED_EDGE('',*,*,#1500,.T.);
#2226=ORIENTED_EDGE('',*,*,#1515,.T.);
#2227=ORIENTED_EDGE('',*,*,#1624,.T.);
#2228=ORIENTED_EDGE('',*,*,#1639,.T.);
#2229=ORIENTED_EDGE('',*,*,#1643,.T.);
#2230=ORIENTED_EDGE('',*,*,#1634,.T.);
#2231=ORIENTED_EDGE('',*,*,#1620,.T.);
#2232=ORIENTED_EDGE('',*,*,#1510,.T.);
#2233=ORIENTED_EDGE('',*,*,#1496,.T.);
#2234=ORIENTED_EDGE('',*,*,#1444,.T.);
#2235=ORIENTED_EDGE('',*,*,#1428,.T.);
#2236=ORIENTED_EDGE('',*,*,#1449,.T.);
#2237=ORIENTED_EDGE('',*,*,#1536,.T.);
#2238=ORIENTED_EDGE('',*,*,#1530,.T.);
#2239=ORIENTED_EDGE('',*,*,#1516,.T.);
#2240=ORIENTED_EDGE('',*,*,#1472,.T.);
#2241=ORIENTED_EDGE('',*,*,#1456,.T.);
#2242=ORIENTED_EDGE('',*,*,#1477,.T.);
#2243=ORIENTED_EDGE('',*,*,#1608,.T.);
#2244=ORIENTED_EDGE('',*,*,#1564,.T.);
#2245=ORIENTED_EDGE('',*,*,#1548,.T.);
#2246=ORIENTED_EDGE('',*,*,#1569,.T.);
#2247=ORIENTED_EDGE('',*,*,#1576,.T.);
#2248=ORIENTED_EDGE('',*,*,#1402,.T.);
#2249=ORIENTED_EDGE('',*,*,#1388,.T.);
#2250=ORIENTED_EDGE('',*,*,#1348,.T.);
#2251=ORIENTED_EDGE('',*,*,#1332,.T.);
#2252=ORIENTED_EDGE('',*,*,#1353,.T.);
#2253=ORIENTED_EDGE('',*,*,#1484,.T.);
#2254=ORIENTED_EDGE('',*,*,#1422,.T.);
#2255=ORIENTED_EDGE('',*,*,#1408,.T.);
#2256=ORIENTED_EDGE('',*,*,#1376,.T.);
#2257=ORIENTED_EDGE('',*,*,#1360,.T.);
#2258=ORIENTED_EDGE('',*,*,#1381,.T.);
#2259=ORIENTED_EDGE('',*,*,#1592,.T.);
#2260=ORIENTED_EDGE('',*,*,#1607,.T.);
#2261=ORIENTED_EDGE('',*,*,#1641,.T.);
#2262=ORIENTED_EDGE('',*,*,#1646,.T.);
#2263=ORIENTED_EDGE('',*,*,#1309,.F.);
#2264=ORIENTED_EDGE('',*,*,#1644,.T.);
#2265=ORIENTED_EDGE('',*,*,#1322,.T.);
#2266=ORIENTED_EDGE('',*,*,#1308,.F.);
#2267=ORIENTED_EDGE('',*,*,#1321,.F.);
#2268=ORIENTED_EDGE('',*,*,#1350,.F.);
#2269=ORIENTED_EDGE('',*,*,#1400,.T.);
#2270=ORIENTED_EDGE('',*,*,#1357,.F.);
#2271=ORIENTED_EDGE('',*,*,#1340,.T.);
#2272=ORIENTED_EDGE('',*,*,#1378,.F.);
#2273=ORIENTED_EDGE('',*,*,#1420,.T.);
#2274=ORIENTED_EDGE('',*,*,#1385,.F.);
#2275=ORIENTED_EDGE('',*,*,#1368,.T.);
#2276=ORIENTED_EDGE('',*,*,#1404,.F.);
#2277=ORIENTED_EDGE('',*,*,#1586,.T.);
#2278=ORIENTED_EDGE('',*,*,#1405,.F.);
#2279=ORIENTED_EDGE('',*,*,#1396,.T.);
#2280=ORIENTED_EDGE('',*,*,#1424,.F.);
#2281=ORIENTED_EDGE('',*,*,#1494,.T.);
#2282=ORIENTED_EDGE('',*,*,#1425,.F.);
#2283=ORIENTED_EDGE('',*,*,#1416,.T.);
#2284=ORIENTED_EDGE('',*,*,#1446,.F.);
#2285=ORIENTED_EDGE('',*,*,#1508,.T.);
#2286=ORIENTED_EDGE('',*,*,#1453,.F.);
#2287=ORIENTED_EDGE('',*,*,#1436,.T.);
#2288=ORIENTED_EDGE('',*,*,#1474,.F.);
#2289=ORIENTED_EDGE('',*,*,#1528,.T.);
#2290=ORIENTED_EDGE('',*,*,#1481,.F.);
#2291=ORIENTED_EDGE('',*,*,#1464,.T.);
#2292=ORIENTED_EDGE('',*,*,#1344,.T.);
#2293=ORIENTED_EDGE('',*,*,#1356,.F.);
#2294=ORIENTED_EDGE('',*,*,#1492,.T.);
#2295=ORIENTED_EDGE('',*,*,#1351,.F.);
#2296=ORIENTED_EDGE('',*,*,#1512,.F.);
#2297=ORIENTED_EDGE('',*,*,#1632,.T.);
#2298=ORIENTED_EDGE('',*,*,#1513,.F.);
#2299=ORIENTED_EDGE('',*,*,#1504,.T.);
#2300=ORIENTED_EDGE('',*,*,#1532,.F.);
#2301=ORIENTED_EDGE('',*,*,#1546,.T.);
#2302=ORIENTED_EDGE('',*,*,#1533,.F.);
#2303=ORIENTED_EDGE('',*,*,#1524,.T.);
#2304=ORIENTED_EDGE('',*,*,#1440,.T.);
#2305=ORIENTED_EDGE('',*,*,#1452,.F.);
#2306=ORIENTED_EDGE('',*,*,#1544,.T.);
#2307=ORIENTED_EDGE('',*,*,#1447,.F.);
#2308=ORIENTED_EDGE('',*,*,#1566,.F.);
#2309=ORIENTED_EDGE('',*,*,#1618,.T.);
#2310=ORIENTED_EDGE('',*,*,#1573,.F.);
#2311=ORIENTED_EDGE('',*,*,#1556,.T.);
#2312=ORIENTED_EDGE('',*,*,#1560,.T.);
#2313=ORIENTED_EDGE('',*,*,#1572,.F.);
#2314=ORIENTED_EDGE('',*,*,#1584,.T.);
#2315=ORIENTED_EDGE('',*,*,#1567,.F.);
#2316=ORIENTED_EDGE('',*,*,#1604,.F.);
#2317=ORIENTED_EDGE('',*,*,#1640,.F.);
#2318=ORIENTED_EDGE('',*,*,#1605,.F.);
#2319=ORIENTED_EDGE('',*,*,#1598,.T.);
#2320=ORIENTED_EDGE('',*,*,#1468,.T.);
#2321=ORIENTED_EDGE('',*,*,#1480,.F.);
#2322=ORIENTED_EDGE('',*,*,#1616,.T.);
#2323=ORIENTED_EDGE('',*,*,#1475,.F.);
#2324=ORIENTED_EDGE('',*,*,#1636,.F.);
#2325=ORIENTED_EDGE('',*,*,#1642,.F.);
#2326=ORIENTED_EDGE('',*,*,#1637,.F.);
#2327=ORIENTED_EDGE('',*,*,#1628,.T.);
#2328=ORIENTED_EDGE('',*,*,#1372,.T.);
#2329=ORIENTED_EDGE('',*,*,#1384,.F.);
#2330=ORIENTED_EDGE('',*,*,#1596,.T.);
#2331=ORIENTED_EDGE('',*,*,#1379,.F.);
#2332=CYLINDRICAL_SURFACE('',#2469,1.74999999999999);
#2333=CYLINDRICAL_SURFACE('',#2475,1.75);
#2334=ADVANCED_FACE('',(#155),#2332,.F.);
#2335=ADVANCED_FACE('',(#156),#36,.T.);
#2336=ADVANCED_FACE('',(#157,#15),#37,.T.);
#2337=ADVANCED_FACE('',(#158),#38,.T.);
#2338=ADVANCED_FACE('',(#159),#2333,.F.);
#2339=ADVANCED_FACE('',(#160),#39,.T.);
#2340=ADVANCED_FACE('',(#161,#16),#40,.T.);
#2341=ADVANCED_FACE('',(#162),#41,.T.);
#2342=ADVANCED_FACE('',(#163),#42,.T.);
#2343=ADVANCED_FACE('',(#164),#43,.T.);
#2344=ADVANCED_FACE('',(#165),#44,.T.);
#2345=ADVANCED_FACE('',(#166),#45,.T.);
#2346=ADVANCED_FACE('',(#167),#46,.T.);
#2347=ADVANCED_FACE('',(#168),#47,.T.);
#2348=ADVANCED_FACE('',(#169),#48,.T.);
#2349=ADVANCED_FACE('',(#170),#49,.T.);
#2350=ADVANCED_FACE('',(#171),#50,.T.);
#2351=ADVANCED_FACE('',(#172),#51,.T.);
#2352=ADVANCED_FACE('',(#173),#52,.T.);
#2353=ADVANCED_FACE('',(#174),#53,.T.);
#2354=ADVANCED_FACE('',(#175),#54,.T.);
#2355=ADVANCED_FACE('',(#176),#55,.T.);
#2356=ADVANCED_FACE('',(#177),#56,.T.);
#2357=ADVANCED_FACE('',(#178),#57,.T.);
#2358=ADVANCED_FACE('',(#179),#58,.T.);
#2359=ADVANCED_FACE('',(#180),#59,.T.);
#2360=ADVANCED_FACE('',(#181),#60,.T.);
#2361=ADVANCED_FACE('',(#182),#61,.T.);
#2362=ADVANCED_FACE('',(#183),#62,.T.);
#2363=ADVANCED_FACE('',(#184),#63,.T.);
#2364=ADVANCED_FACE('',(#185),#64,.T.);
#2365=ADVANCED_FACE('',(#186),#65,.T.);
#2366=ADVANCED_FACE('',(#187),#66,.T.);
#2367=ADVANCED_FACE('',(#188),#67,.T.);
#2368=ADVANCED_FACE('',(#189),#68,.T.);
#2369=ADVANCED_FACE('',(#190),#69,.T.);
#2370=ADVANCED_FACE('',(#191),#70,.T.);
#2371=ADVANCED_FACE('',(#192),#71,.T.);
#2372=ADVANCED_FACE('',(#193),#72,.T.);
#2373=ADVANCED_FACE('',(#194),#73,.T.);
#2374=ADVANCED_FACE('',(#195),#74,.T.);
#2375=ADVANCED_FACE('',(#196),#75,.T.);
#2376=ADVANCED_FACE('',(#197),#76,.T.);
#2377=ADVANCED_FACE('',(#198),#77,.T.);
#2378=ADVANCED_FACE('',(#199),#78,.T.);
#2379=ADVANCED_FACE('',(#200),#79,.T.);
#2380=ADVANCED_FACE('',(#201),#80,.T.);
#2381=ADVANCED_FACE('',(#202),#81,.T.);
#2382=ADVANCED_FACE('',(#203),#82,.T.);
#2383=ADVANCED_FACE('',(#204),#83,.T.);
#2384=ADVANCED_FACE('',(#205),#84,.T.);
#2385=ADVANCED_FACE('',(#206),#85,.T.);
#2386=ADVANCED_FACE('',(#207),#86,.T.);
#2387=ADVANCED_FACE('',(#208),#87,.T.);
#2388=ADVANCED_FACE('',(#209),#88,.T.);
#2389=ADVANCED_FACE('',(#210),#89,.T.);
#2390=ADVANCED_FACE('',(#211),#90,.T.);
#2391=ADVANCED_FACE('',(#212),#91,.T.);
#2392=ADVANCED_FACE('',(#213),#92,.T.);
#2393=ADVANCED_FACE('',(#214),#93,.T.);
#2394=ADVANCED_FACE('',(#215),#94,.T.);
#2395=ADVANCED_FACE('',(#216),#95,.T.);
#2396=ADVANCED_FACE('',(#217),#96,.T.);
#2397=ADVANCED_FACE('',(#218),#97,.T.);
#2398=ADVANCED_FACE('',(#219),#98,.T.);
#2399=ADVANCED_FACE('',(#220),#99,.T.);
#2400=ADVANCED_FACE('',(#221),#100,.T.);
#2401=ADVANCED_FACE('',(#222),#101,.T.);
#2402=ADVANCED_FACE('',(#223),#102,.T.);
#2403=ADVANCED_FACE('',(#224),#103,.T.);
#2404=ADVANCED_FACE('',(#225),#104,.T.);
#2405=ADVANCED_FACE('',(#226),#105,.T.);
#2406=ADVANCED_FACE('',(#227),#106,.T.);
#2407=ADVANCED_FACE('',(#228),#107,.T.);
#2408=ADVANCED_FACE('',(#229),#108,.T.);
#2409=ADVANCED_FACE('',(#230),#109,.T.);
#2410=ADVANCED_FACE('',(#231),#110,.T.);
#2411=ADVANCED_FACE('',(#232),#111,.T.);
#2412=ADVANCED_FACE('',(#233),#112,.T.);
#2413=ADVANCED_FACE('',(#234),#113,.T.);
#2414=ADVANCED_FACE('',(#235),#114,.T.);
#2415=ADVANCED_FACE('',(#236),#115,.T.);
#2416=ADVANCED_FACE('',(#237),#116,.T.);
#2417=ADVANCED_FACE('',(#238),#117,.T.);
#2418=ADVANCED_FACE('',(#239),#118,.T.);
#2419=ADVANCED_FACE('',(#240),#119,.T.);
#2420=ADVANCED_FACE('',(#241),#120,.T.);
#2421=ADVANCED_FACE('',(#242),#121,.T.);
#2422=ADVANCED_FACE('',(#243),#122,.T.);
#2423=ADVANCED_FACE('',(#244),#123,.T.);
#2424=ADVANCED_FACE('',(#245),#124,.T.);
#2425=ADVANCED_FACE('',(#246),#125,.T.);
#2426=ADVANCED_FACE('',(#247),#126,.T.);
#2427=ADVANCED_FACE('',(#248),#127,.T.);
#2428=ADVANCED_FACE('',(#249),#128,.T.);
#2429=ADVANCED_FACE('',(#250),#129,.T.);
#2430=ADVANCED_FACE('',(#251),#130,.T.);
#2431=ADVANCED_FACE('',(#252),#131,.T.);
#2432=ADVANCED_FACE('',(#253),#132,.T.);
#2433=ADVANCED_FACE('',(#254),#133,.T.);
#2434=ADVANCED_FACE('',(#255),#134,.T.);
#2435=ADVANCED_FACE('',(#256),#135,.T.);
#2436=ADVANCED_FACE('',(#257),#136,.T.);
#2437=ADVANCED_FACE('',(#258),#137,.T.);
#2438=ADVANCED_FACE('',(#259),#138,.T.);
#2439=ADVANCED_FACE('',(#260),#139,.T.);
#2440=ADVANCED_FACE('',(#261),#140,.T.);
#2441=ADVANCED_FACE('',(#262),#141,.T.);
#2442=ADVANCED_FACE('',(#263),#142,.T.);
#2443=ADVANCED_FACE('',(#264),#143,.T.);
#2444=ADVANCED_FACE('',(#265),#144,.T.);
#2445=ADVANCED_FACE('',(#266),#145,.T.);
#2446=ADVANCED_FACE('',(#267),#146,.T.);
#2447=ADVANCED_FACE('',(#268),#147,.T.);
#2448=ADVANCED_FACE('',(#269),#148,.T.);
#2449=ADVANCED_FACE('',(#270),#149,.T.);
#2450=ADVANCED_FACE('',(#271),#150,.T.);
#2451=ADVANCED_FACE('',(#272),#151,.T.);
#2452=ADVANCED_FACE('',(#273),#152,.T.);
#2453=ADVANCED_FACE('',(#274,#17),#153,.T.);
#2454=ADVANCED_FACE('',(#275,#18,#19,#20,#21,#22,#23,#24,#25,#26,#27,#28,
#29,#30,#31,#32,#33,#34,#35),#154,.F.);
#2455=CLOSED_SHELL('',(#2334,#2335,#2336,#2337,#2338,#2339,#2340,#2341,
#2342,#2343,#2344,#2345,#2346,#2347,#2348,#2349,#2350,#2351,#2352,#2353,
#2354,#2355,#2356,#2357,#2358,#2359,#2360,#2361,#2362,#2363,#2364,#2365,
#2366,#2367,#2368,#2369,#2370,#2371,#2372,#2373,#2374,#2375,#2376,#2377,
#2378,#2379,#2380,#2381,#2382,#2383,#2384,#2385,#2386,#2387,#2388,#2389,
#2390,#2391,#2392,#2393,#2394,#2395,#2396,#2397,#2398,#2399,#2400,#2401,
#2402,#2403,#2404,#2405,#2406,#2407,#2408,#2409,#2410,#2411,#2412,#2413,
#2414,#2415,#2416,#2417,#2418,#2419,#2420,#2421,#2422,#2423,#2424,#2425,
#2426,#2427,#2428,#2429,#2430,#2431,#2432,#2433,#2434,#2435,#2436,#2437,
#2438,#2439,#2440,#2441,#2442,#2443,#2444,#2445,#2446,#2447,#2448,#2449,
#2450,#2451,#2452,#2453,#2454));
#2456=DERIVED_UNIT_ELEMENT(#2458,1.);
#2457=DERIVED_UNIT_ELEMENT(#3861,-3.);
#2458=(
MASS_UNIT()
NAMED_UNIT(*)
SI_UNIT(.KILO.,.GRAM.)
);
#2459=DERIVED_UNIT((#2456,#2457));
#2460=MEASURE_REPRESENTATION_ITEM('density measure',
POSITIVE_RATIO_MEASURE(7850.),#2459);
#2461=PROPERTY_DEFINITION_REPRESENTATION(#2466,#2463);
#2462=PROPERTY_DEFINITION_REPRESENTATION(#2467,#2464);
#2463=REPRESENTATION('material name',(#2465),#3858);
#2464=REPRESENTATION('density',(#2460),#3858);
#2465=DESCRIPTIVE_REPRESENTATION_ITEM('\X2\92FC\X0\','\X2\92FC\X0\');
#2466=PROPERTY_DEFINITION('material property','material name',#3868);
#2467=PROPERTY_DEFINITION('material property','density of part',#3868);
#2468=AXIS2_PLACEMENT_3D('',#3184,#2594,#2595);
#2469=AXIS2_PLACEMENT_3D('',#3185,#2596,#2597);
#2470=AXIS2_PLACEMENT_3D('',#3187,#2598,#2599);
#2471=AXIS2_PLACEMENT_3D('',#3190,#2601,#2602);
#2472=AXIS2_PLACEMENT_3D('',#3191,#2603,#2604);
#2473=AXIS2_PLACEMENT_3D('',#3200,#2609,#2610);
#2474=AXIS2_PLACEMENT_3D('',#3206,#2614,#2615);
#2475=AXIS2_PLACEMENT_3D('',#3212,#2619,#2620);
#2476=AXIS2_PLACEMENT_3D('',#3214,#2621,#2622);
#2477=AXIS2_PLACEMENT_3D('',#3217,#2624,#2625);
#2478=AXIS2_PLACEMENT_3D('',#3218,#2626,#2627);
#2479=AXIS2_PLACEMENT_3D('',#3227,#2632,#2633);
#2480=AXIS2_PLACEMENT_3D('',#3233,#2637,#2638);
#2481=AXIS2_PLACEMENT_3D('',#3239,#2642,#2643);
#2482=AXIS2_PLACEMENT_3D('',#3248,#2648,#2649);
#2483=AXIS2_PLACEMENT_3D('',#3257,#2654,#2655);
#2484=AXIS2_PLACEMENT_3D('',#3264,#2660,#2661);
#2485=AXIS2_PLACEMENT_3D('',#3271,#2666,#2667);
#2486=AXIS2_PLACEMENT_3D('',#3272,#2668,#2669);
#2487=AXIS2_PLACEMENT_3D('',#3278,#2673,#2674);
#2488=AXIS2_PLACEMENT_3D('',#3284,#2678,#2679);
#2489=AXIS2_PLACEMENT_3D('',#3290,#2683,#2684);
#2490=AXIS2_PLACEMENT_3D('',#3296,#2688,#2689);
#2491=AXIS2_PLACEMENT_3D('',#3305,#2694,#2695);
#2492=AXIS2_PLACEMENT_3D('',#3314,#2700,#2701);
#2493=AXIS2_PLACEMENT_3D('',#3321,#2706,#2707);
#2494=AXIS2_PLACEMENT_3D('',#3328,#2712,#2713);
#2495=AXIS2_PLACEMENT_3D('',#3329,#2714,#2715);
#2496=AXIS2_PLACEMENT_3D('',#3335,#2719,#2720);
#2497=AXIS2_PLACEMENT_3D('',#3341,#2724,#2725);
#2498=AXIS2_PLACEMENT_3D('',#3347,#2729,#2730);
#2499=AXIS2_PLACEMENT_3D('',#3353,#2734,#2735);
#2500=AXIS2_PLACEMENT_3D('',#3361,#2740,#2741);
#2501=AXIS2_PLACEMENT_3D('',#3369,#2746,#2747);
#2502=AXIS2_PLACEMENT_3D('',#3376,#2752,#2753);
#2503=AXIS2_PLACEMENT_3D('',#3379,#2756,#2757);
#2504=AXIS2_PLACEMENT_3D('',#3380,#2758,#2759);
#2505=AXIS2_PLACEMENT_3D('',#3386,#2763,#2764);
#2506=AXIS2_PLACEMENT_3D('',#3392,#2768,#2769);
#2507=AXIS2_PLACEMENT_3D('',#3400,#2774,#2775);
#2508=AXIS2_PLACEMENT_3D('',#3408,#2780,#2781);
#2509=AXIS2_PLACEMENT_3D('',#3415,#2786,#2787);
#2510=AXIS2_PLACEMENT_3D('',#3418,#2790,#2791);
#2511=AXIS2_PLACEMENT_3D('',#3419,#2792,#2793);
#2512=AXIS2_PLACEMENT_3D('',#3425,#2797,#2798);
#2513=AXIS2_PLACEMENT_3D('',#3431,#2802,#2803);
#2514=AXIS2_PLACEMENT_3D('',#3440,#2808,#2809);
#2515=AXIS2_PLACEMENT_3D('',#3449,#2814,#2815);
#2516=AXIS2_PLACEMENT_3D('',#3456,#2820,#2821);
#2517=AXIS2_PLACEMENT_3D('',#3463,#2826,#2827);
#2518=AXIS2_PLACEMENT_3D('',#3464,#2828,#2829);
#2519=AXIS2_PLACEMENT_3D('',#3470,#2833,#2834);
#2520=AXIS2_PLACEMENT_3D('',#3476,#2838,#2839);
#2521=AXIS2_PLACEMENT_3D('',#3482,#2843,#2844);
#2522=AXIS2_PLACEMENT_3D('',#3488,#2848,#2849);
#2523=AXIS2_PLACEMENT_3D('',#3497,#2854,#2855);
#2524=AXIS2_PLACEMENT_3D('',#3506,#2860,#2861);
#2525=AXIS2_PLACEMENT_3D('',#3513,#2866,#2867);
#2526=AXIS2_PLACEMENT_3D('',#3520,#2872,#2873);
#2527=AXIS2_PLACEMENT_3D('',#3521,#2874,#2875);
#2528=AXIS2_PLACEMENT_3D('',#3527,#2879,#2880);
#2529=AXIS2_PLACEMENT_3D('',#3533,#2884,#2885);
#2530=AXIS2_PLACEMENT_3D('',#3539,#2889,#2890);
#2531=AXIS2_PLACEMENT_3D('',#3545,#2894,#2895);
#2532=AXIS2_PLACEMENT_3D('',#3552,#2900,#2901);
#2533=AXIS2_PLACEMENT_3D('',#3559,#2906,#2907);
#2534=AXIS2_PLACEMENT_3D('',#3562,#2910,#2911);
#2535=AXIS2_PLACEMENT_3D('',#3565,#2914,#2915);
#2536=AXIS2_PLACEMENT_3D('',#3566,#2916,#2917);
#2537=AXIS2_PLACEMENT_3D('',#3574,#2922,#2923);
#2538=AXIS2_PLACEMENT_3D('',#3582,#2928,#2929);
#2539=AXIS2_PLACEMENT_3D('',#3589,#2934,#2935);
#2540=AXIS2_PLACEMENT_3D('',#3592,#2938,#2939);
#2541=AXIS2_PLACEMENT_3D('',#3593,#2940,#2941);
#2542=AXIS2_PLACEMENT_3D('',#3599,#2945,#2946);
#2543=AXIS2_PLACEMENT_3D('',#3605,#2950,#2951);
#2544=AXIS2_PLACEMENT_3D('',#3613,#2956,#2957);
#2545=AXIS2_PLACEMENT_3D('',#3621,#2962,#2963);
#2546=AXIS2_PLACEMENT_3D('',#3628,#2968,#2969);
#2547=AXIS2_PLACEMENT_3D('',#3631,#2972,#2973);
#2548=AXIS2_PLACEMENT_3D('',#3632,#2974,#2975);
#2549=AXIS2_PLACEMENT_3D('',#3638,#2979,#2980);
#2550=AXIS2_PLACEMENT_3D('',#3644,#2984,#2985);
#2551=AXIS2_PLACEMENT_3D('',#3651,#2990,#2991);
#2552=AXIS2_PLACEMENT_3D('',#3658,#2996,#2997);
#2553=AXIS2_PLACEMENT_3D('',#3661,#3000,#3001);
#2554=AXIS2_PLACEMENT_3D('',#3664,#3004,#3005);
#2555=AXIS2_PLACEMENT_3D('',#3665,#3006,#3007);
#2556=AXIS2_PLACEMENT_3D('',#3674,#3012,#3013);
#2557=AXIS2_PLACEMENT_3D('',#3683,#3018,#3019);
#2558=AXIS2_PLACEMENT_3D('',#3690,#3024,#3025);
#2559=AXIS2_PLACEMENT_3D('',#3697,#3030,#3031);
#2560=AXIS2_PLACEMENT_3D('',#3698,#3032,#3033);
#2561=AXIS2_PLACEMENT_3D('',#3704,#3037,#3038);
#2562=AXIS2_PLACEMENT_3D('',#3710,#3042,#3043);
#2563=AXIS2_PLACEMENT_3D('',#3716,#3047,#3048);
#2564=AXIS2_PLACEMENT_3D('',#3722,#3052,#3053);
#2565=AXIS2_PLACEMENT_3D('',#3729,#3058,#3059);
#2566=AXIS2_PLACEMENT_3D('',#3736,#3064,#3065);
#2567=AXIS2_PLACEMENT_3D('',#3739,#3068,#3069);
#2568=AXIS2_PLACEMENT_3D('',#3742,#3072,#3073);
#2569=AXIS2_PLACEMENT_3D('',#3743,#3074,#3075);
#2570=AXIS2_PLACEMENT_3D('',#3751,#3080,#3081);
#2571=AXIS2_PLACEMENT_3D('',#3759,#3086,#3087);
#2572=AXIS2_PLACEMENT_3D('',#3762,#3090,#3091);
#2573=AXIS2_PLACEMENT_3D('',#3769,#3096,#3097);
#2574=AXIS2_PLACEMENT_3D('',#3770,#3098,#3099);
#2575=AXIS2_PLACEMENT_3D('',#3776,#3103,#3104);
#2576=AXIS2_PLACEMENT_3D('',#3782,#3108,#3109);
#2577=AXIS2_PLACEMENT_3D('',#3789,#3114,#3115);
#2578=AXIS2_PLACEMENT_3D('',#3796,#3120,#3121);
#2579=AXIS2_PLACEMENT_3D('',#3799,#3124,#3125);
#2580=AXIS2_PLACEMENT_3D('',#3802,#3128,#3129);
#2581=AXIS2_PLACEMENT_3D('',#3803,#3130,#3131);
#2582=AXIS2_PLACEMENT_3D('',#3811,#3136,#3137);
#2583=AXIS2_PLACEMENT_3D('',#3819,#3142,#3143);
#2584=AXIS2_PLACEMENT_3D('',#3826,#3148,#3149);
#2585=AXIS2_PLACEMENT_3D('',#3829,#3152,#3153);
#2586=AXIS2_PLACEMENT_3D('',#3830,#3154,#3155);
#2587=AXIS2_PLACEMENT_3D('',#3836,#3159,#3160);
#2588=AXIS2_PLACEMENT_3D('',#3842,#3164,#3165);
#2589=AXIS2_PLACEMENT_3D('',#3845,#3168,#3169);
#2590=AXIS2_PLACEMENT_3D('',#3848,#3172,#3173);
#2591=AXIS2_PLACEMENT_3D('',#3851,#3176,#3177);
#2592=AXIS2_PLACEMENT_3D('',#3854,#3180,#3181);
#2593=AXIS2_PLACEMENT_3D('',#3855,#3182,#3183);
#2594=DIRECTION('axis',(0.,0.,1.));
#2595=DIRECTION('refdir',(1.,0.,0.));
#2596=DIRECTION('center_axis',(0.,0.,1.));
#2597=DIRECTION('ref_axis',(1.,0.,0.));
#2598=DIRECTION('center_axis',(0.,0.,-1.));
#2599=DIRECTION('ref_axis',(1.,0.,0.));
#2600=DIRECTION('',(0.,0.,-1.));
#2601=DIRECTION('center_axis',(0.,0.,-1.));
#2602=DIRECTION('ref_axis',(1.,0.,0.));
#2603=DIRECTION('center_axis',(0.,1.,0.));
#2604=DIRECTION('ref_axis',(-1.,0.,0.));
#2605=DIRECTION('',(-1.,0.,0.));
#2606=DIRECTION('',(0.,0.,1.));
#2607=DIRECTION('',(-1.,0.,0.));
#2608=DIRECTION('',(0.,0.,1.));
#2609=DIRECTION('center_axis',(0.,0.,1.));
#2610=DIRECTION('ref_axis',(1.,0.,0.));
#2611=DIRECTION('',(0.,-1.,0.));
#2612=DIRECTION('',(-1.,0.,0.));
#2613=DIRECTION('',(0.,1.,0.));
#2614=DIRECTION('center_axis',(0.,1.,0.));
#2615=DIRECTION('ref_axis',(-1.,0.,0.));
#2616=DIRECTION('',(0.,0.,1.));
#2617=DIRECTION('',(-1.,0.,0.));
#2618=DIRECTION('',(0.,0.,1.));
#2619=DIRECTION('center_axis',(0.,0.,1.));
#2620=DIRECTION('ref_axis',(1.,0.,0.));
#2621=DIRECTION('center_axis',(0.,0.,-1.));
#2622=DIRECTION('ref_axis',(1.,0.,0.));
#2623=DIRECTION('',(0.,0.,-1.));
#2624=DIRECTION('center_axis',(0.,0.,-1.));
#2625=DIRECTION('ref_axis',(1.,0.,0.));
#2626=DIRECTION('center_axis',(0.,-1.,0.));
#2627=DIRECTION('ref_axis',(1.,0.,0.));
#2628=DIRECTION('',(-1.,0.,0.));
#2629=DIRECTION('',(0.,0.,1.));
#2630=DIRECTION('',(1.,0.,0.));
#2631=DIRECTION('',(0.,0.,1.));
#2632=DIRECTION('center_axis',(0.,0.,1.));
#2633=DIRECTION('ref_axis',(1.,0.,0.));
#2634=DIRECTION('',(0.,1.,0.));
#2635=DIRECTION('',(1.,0.,0.));
#2636=DIRECTION('',(0.,-1.,0.));
#2637=DIRECTION('center_axis',(0.,-1.,0.));
#2638=DIRECTION('ref_axis',(1.,0.,0.));
#2639=DIRECTION('',(0.,0.,1.));
#2640=DIRECTION('',(1.,0.,0.));
#2641=DIRECTION('',(0.,0.,1.));
#2642=DIRECTION('center_axis',(1.,0.,0.));
#2643=DIRECTION('ref_axis',(0.,1.,0.));
#2644=DIRECTION('',(0.,-1.,0.));
#2645=DIRECTION('',(0.,0.,1.));
#2646=DIRECTION('',(0.,1.,0.));
#2647=DIRECTION('',(0.,0.,1.));
#2648=DIRECTION('center_axis',(-1.,0.,0.));
#2649=DIRECTION('ref_axis',(0.,-1.,0.));
#2650=DIRECTION('',(0.,1.,0.));
#2651=DIRECTION('',(0.,0.,1.));
#2652=DIRECTION('',(0.,-1.,0.));
#2653=DIRECTION('',(0.,0.,1.));
#2654=DIRECTION('center_axis',(0.,1.,0.));
#2655=DIRECTION('ref_axis',(-1.,0.,0.));
#2656=DIRECTION('',(1.,0.,0.));
#2657=DIRECTION('',(0.,0.,-1.));
#2658=DIRECTION('',(-1.,0.,0.));
#2659=DIRECTION('',(0.,0.,1.));
#2660=DIRECTION('center_axis',(0.,-1.,0.));
#2661=DIRECTION('ref_axis',(1.,0.,0.));
#2662=DIRECTION('',(-1.,0.,0.));
#2663=DIRECTION('',(0.,0.,-1.));
#2664=DIRECTION('',(1.,0.,0.));
#2665=DIRECTION('',(0.,0.,1.));
#2666=DIRECTION('center_axis',(0.,0.,1.));
#2667=DIRECTION('ref_axis',(1.,0.,0.));
#2668=DIRECTION('center_axis',(-1.,0.,0.));
#2669=DIRECTION('ref_axis',(0.,-1.,0.));
#2670=DIRECTION('',(0.,-1.,0.));
#2671=DIRECTION('',(0.,0.,-1.));
#2672=DIRECTION('',(0.,-1.,0.));
#2673=DIRECTION('center_axis',(-1.,0.,0.));
#2674=DIRECTION('ref_axis',(0.,-1.,0.));
#2675=DIRECTION('',(0.,-1.,0.));
#2676=DIRECTION('',(0.,0.,1.));
#2677=DIRECTION('',(0.,-1.,0.));
#2678=DIRECTION('center_axis',(1.,0.,0.));
#2679=DIRECTION('ref_axis',(0.,1.,0.));
#2680=DIRECTION('',(0.,1.,0.));
#2681=DIRECTION('',(0.,0.,-1.));
#2682=DIRECTION('',(0.,1.,0.));
#2683=DIRECTION('center_axis',(1.,0.,0.));
#2684=DIRECTION('ref_axis',(0.,1.,0.));
#2685=DIRECTION('',(0.,1.,0.));
#2686=DIRECTION('',(0.,0.,1.));
#2687=DIRECTION('',(0.,1.,0.));
#2688=DIRECTION('center_axis',(1.,0.,0.));
#2689=DIRECTION('ref_axis',(0.,1.,0.));
#2690=DIRECTION('',(0.,-1.,0.));
#2691=DIRECTION('',(0.,0.,1.));
#2692=DIRECTION('',(0.,1.,0.));
#2693=DIRECTION('',(0.,0.,1.));
#2694=DIRECTION('center_axis',(-1.,0.,0.));
#2695=DIRECTION('ref_axis',(0.,-1.,0.));
#2696=DIRECTION('',(0.,1.,0.));
#2697=DIRECTION('',(0.,0.,1.));
#2698=DIRECTION('',(0.,-1.,0.));
#2699=DIRECTION('',(0.,0.,1.));
#2700=DIRECTION('center_axis',(0.,1.,0.));
#2701=DIRECTION('ref_axis',(-1.,0.,0.));
#2702=DIRECTION('',(1.,0.,0.));
#2703=DIRECTION('',(0.,0.,-1.));
#2704=DIRECTION('',(-1.,0.,0.));
#2705=DIRECTION('',(0.,0.,1.));
#2706=DIRECTION('center_axis',(0.,-1.,0.));
#2707=DIRECTION('ref_axis',(1.,0.,0.));
#2708=DIRECTION('',(-1.,0.,0.));
#2709=DIRECTION('',(0.,0.,-1.));
#2710=DIRECTION('',(1.,0.,0.));
#2711=DIRECTION('',(0.,0.,1.));
#2712=DIRECTION('center_axis',(0.,0.,1.));
#2713=DIRECTION('ref_axis',(1.,0.,0.));
#2714=DIRECTION('center_axis',(-1.,0.,0.));
#2715=DIRECTION('ref_axis',(0.,-1.,0.));
#2716=DIRECTION('',(0.,-1.,0.));
#2717=DIRECTION('',(0.,0.,-1.));
#2718=DIRECTION('',(0.,-1.,0.));
#2719=DIRECTION('center_axis',(-1.,0.,0.));
#2720=DIRECTION('ref_axis',(0.,-1.,0.));
#2721=DIRECTION('',(0.,-1.,0.));
#2722=DIRECTION('',(0.,0.,1.));
#2723=DIRECTION('',(0.,-1.,0.));
#2724=DIRECTION('center_axis',(1.,0.,0.));
#2725=DIRECTION('ref_axis',(0.,1.,0.));
#2726=DIRECTION('',(0.,1.,0.));
#2727=DIRECTION('',(0.,0.,-1.));
#2728=DIRECTION('',(0.,1.,0.));
#2729=DIRECTION('center_axis',(1.,0.,0.));
#2730=DIRECTION('ref_axis',(0.,1.,0.));
#2731=DIRECTION('',(0.,1.,0.));
#2732=DIRECTION('',(0.,0.,1.));
#2733=DIRECTION('',(0.,1.,0.));
#2734=DIRECTION('center_axis',(1.,0.,0.));
#2735=DIRECTION('ref_axis',(0.,1.,0.));
#2736=DIRECTION('',(0.,-1.,0.));
#2737=DIRECTION('',(0.,0.,1.));
#2738=DIRECTION('',(0.,1.,0.));
#2739=DIRECTION('',(0.,0.,1.));
#2740=DIRECTION('center_axis',(-1.,0.,0.));
#2741=DIRECTION('ref_axis',(0.,-1.,0.));
#2742=DIRECTION('',(0.,1.,0.));
#2743=DIRECTION('',(0.,0.,1.));
#2744=DIRECTION('',(0.,-1.,0.));
#2745=DIRECTION('',(0.,0.,1.));
#2746=DIRECTION('center_axis',(0.,1.,0.));
#2747=DIRECTION('ref_axis',(-1.,0.,0.));
#2748=DIRECTION('',(1.,0.,0.));
#2749=DIRECTION('',(0.,0.,-1.));
#2750=DIRECTION('',(-1.,0.,0.));
#2751=DIRECTION('',(0.,0.,1.));
#2752=DIRECTION('center_axis',(0.,-1.,0.));
#2753=DIRECTION('ref_axis',(1.,0.,0.));
#2754=DIRECTION('',(-1.,0.,0.));
#2755=DIRECTION('',(1.,0.,0.));
#2756=DIRECTION('center_axis',(0.,0.,1.));
#2757=DIRECTION('ref_axis',(1.,0.,0.));
#2758=DIRECTION('center_axis',(-1.,0.,0.));
#2759=DIRECTION('ref_axis',(0.,-1.,0.));
#2760=DIRECTION('',(0.,-1.,0.));
#2761=DIRECTION('',(0.,0.,-1.));
#2762=DIRECTION('',(0.,-1.,0.));
#2763=DIRECTION('center_axis',(1.,0.,0.));
#2764=DIRECTION('ref_axis',(0.,1.,0.));
#2765=DIRECTION('',(0.,1.,0.));
#2766=DIRECTION('',(0.,0.,1.));
#2767=DIRECTION('',(0.,1.,0.));
#2768=DIRECTION('center_axis',(1.,0.,0.));
#2769=DIRECTION('ref_axis',(0.,1.,0.));
#2770=DIRECTION('',(0.,-1.,0.));
#2771=DIRECTION('',(0.,0.,1.));
#2772=DIRECTION('',(0.,1.,0.));
#2773=DIRECTION('',(0.,0.,1.));
#2774=DIRECTION('center_axis',(-1.,0.,0.));
#2775=DIRECTION('ref_axis',(0.,-1.,0.));
#2776=DIRECTION('',(0.,1.,0.));
#2777=DIRECTION('',(0.,0.,1.));
#2778=DIRECTION('',(0.,-1.,0.));
#2779=DIRECTION('',(0.,0.,1.));
#2780=DIRECTION('center_axis',(0.,1.,0.));
#2781=DIRECTION('ref_axis',(-1.,0.,0.));
#2782=DIRECTION('',(1.,0.,0.));
#2783=DIRECTION('',(0.,0.,-1.));
#2784=DIRECTION('',(-1.,0.,0.));
#2785=DIRECTION('',(0.,0.,1.));
#2786=DIRECTION('center_axis',(0.,-1.,0.));
#2787=DIRECTION('ref_axis',(1.,0.,0.));
#2788=DIRECTION('',(-1.,0.,0.));
#2789=DIRECTION('',(1.,0.,0.));
#2790=DIRECTION('center_axis',(0.,0.,1.));
#2791=DIRECTION('ref_axis',(1.,0.,0.));
#2792=DIRECTION('center_axis',(-1.,0.,0.));
#2793=DIRECTION('ref_axis',(0.,-1.,0.));
#2794=DIRECTION('',(0.,-1.,0.));
#2795=DIRECTION('',(0.,0.,-1.));
#2796=DIRECTION('',(0.,-1.,0.));
#2797=DIRECTION('center_axis',(1.,0.,0.));
#2798=DIRECTION('ref_axis',(0.,1.,0.));
#2799=DIRECTION('',(0.,1.,0.));
#2800=DIRECTION('',(0.,0.,1.));
#2801=DIRECTION('',(0.,1.,0.));
#2802=DIRECTION('center_axis',(1.,0.,0.));
#2803=DIRECTION('ref_axis',(0.,1.,0.));
#2804=DIRECTION('',(0.,-1.,0.));
#2805=DIRECTION('',(0.,0.,1.));
#2806=DIRECTION('',(0.,1.,0.));
#2807=DIRECTION('',(0.,0.,1.));
#2808=DIRECTION('center_axis',(-1.,0.,0.));
#2809=DIRECTION('ref_axis',(0.,-1.,0.));
#2810=DIRECTION('',(0.,1.,0.));
#2811=DIRECTION('',(0.,0.,1.));
#2812=DIRECTION('',(0.,-1.,0.));
#2813=DIRECTION('',(0.,0.,1.));
#2814=DIRECTION('center_axis',(0.,1.,0.));
#2815=DIRECTION('ref_axis',(-1.,0.,0.));
#2816=DIRECTION('',(1.,0.,0.));
#2817=DIRECTION('',(0.,0.,-1.));
#2818=DIRECTION('',(-1.,0.,0.));
#2819=DIRECTION('',(0.,0.,1.));
#2820=DIRECTION('center_axis',(0.,-1.,0.));
#2821=DIRECTION('ref_axis',(1.,0.,0.));
#2822=DIRECTION('',(-1.,0.,0.));
#2823=DIRECTION('',(0.,0.,-1.));
#2824=DIRECTION('',(1.,0.,0.));
#2825=DIRECTION('',(0.,0.,1.));
#2826=DIRECTION('center_axis',(0.,0.,1.));
#2827=DIRECTION('ref_axis',(1.,0.,0.));
#2828=DIRECTION('center_axis',(-1.,0.,0.));
#2829=DIRECTION('ref_axis',(0.,-1.,0.));
#2830=DIRECTION('',(0.,-1.,0.));
#2831=DIRECTION('',(0.,0.,-1.));
#2832=DIRECTION('',(0.,-1.,0.));
#2833=DIRECTION('center_axis',(-1.,0.,0.));
#2834=DIRECTION('ref_axis',(0.,-1.,0.));
#2835=DIRECTION('',(0.,-1.,0.));
#2836=DIRECTION('',(0.,0.,1.));
#2837=DIRECTION('',(0.,-1.,0.));
#2838=DIRECTION('center_axis',(1.,0.,0.));
#2839=DIRECTION('ref_axis',(0.,1.,0.));
#2840=DIRECTION('',(0.,1.,0.));
#2841=DIRECTION('',(0.,0.,-1.));
#2842=DIRECTION('',(0.,1.,0.));
#2843=DIRECTION('center_axis',(1.,0.,0.));
#2844=DIRECTION('ref_axis',(0.,1.,0.));
#2845=DIRECTION('',(0.,1.,0.));
#2846=DIRECTION('',(0.,0.,1.));
#2847=DIRECTION('',(0.,1.,0.));
#2848=DIRECTION('center_axis',(1.,0.,0.));
#2849=DIRECTION('ref_axis',(0.,1.,0.));
#2850=DIRECTION('',(0.,-1.,0.));
#2851=DIRECTION('',(0.,0.,1.));
#2852=DIRECTION('',(0.,1.,0.));
#2853=DIRECTION('',(0.,0.,1.));
#2854=DIRECTION('center_axis',(-1.,0.,0.));
#2855=DIRECTION('ref_axis',(0.,-1.,0.));
#2856=DIRECTION('',(0.,1.,0.));
#2857=DIRECTION('',(0.,0.,1.));
#2858=DIRECTION('',(0.,-1.,0.));
#2859=DIRECTION('',(0.,0.,1.));
#2860=DIRECTION('center_axis',(0.,1.,0.));
#2861=DIRECTION('ref_axis',(-1.,0.,0.));
#2862=DIRECTION('',(1.,0.,0.));
#2863=DIRECTION('',(0.,0.,-1.));
#2864=DIRECTION('',(-1.,0.,0.));
#2865=DIRECTION('',(0.,0.,1.));
#2866=DIRECTION('center_axis',(0.,-1.,0.));
#2867=DIRECTION('ref_axis',(1.,0.,0.));
#2868=DIRECTION('',(-1.,0.,0.));
#2869=DIRECTION('',(0.,0.,-1.));
#2870=DIRECTION('',(1.,0.,0.));
#2871=DIRECTION('',(0.,0.,1.));
#2872=DIRECTION('center_axis',(0.,0.,1.));
#2873=DIRECTION('ref_axis',(1.,0.,0.));
#2874=DIRECTION('center_axis',(-1.,0.,0.));
#2875=DIRECTION('ref_axis',(0.,-1.,0.));
#2876=DIRECTION('',(0.,-1.,0.));
#2877=DIRECTION('',(0.,0.,-1.));
#2878=DIRECTION('',(0.,-1.,0.));
#2879=DIRECTION('center_axis',(-1.,0.,0.));
#2880=DIRECTION('ref_axis',(0.,-1.,0.));
#2881=DIRECTION('',(0.,-1.,0.));
#2882=DIRECTION('',(0.,0.,1.));
#2883=DIRECTION('',(0.,-1.,0.));
#2884=DIRECTION('center_axis',(1.,0.,0.));
#2885=DIRECTION('ref_axis',(0.,1.,0.));
#2886=DIRECTION('',(0.,1.,0.));
#2887=DIRECTION('',(0.,0.,-1.));
#2888=DIRECTION('',(0.,1.,0.));
#2889=DIRECTION('center_axis',(1.,0.,0.));
#2890=DIRECTION('ref_axis',(0.,1.,0.));
#2891=DIRECTION('',(0.,1.,0.));
#2892=DIRECTION('',(0.,0.,1.));
#2893=DIRECTION('',(0.,1.,0.));
#2894=DIRECTION('center_axis',(1.,0.,0.));
#2895=DIRECTION('ref_axis',(0.,1.,0.));
#2896=DIRECTION('',(0.,-1.,0.));
#2897=DIRECTION('',(0.,0.,1.));
#2898=DIRECTION('',(0.,1.,0.));
#2899=DIRECTION('',(0.,0.,1.));
#2900=DIRECTION('center_axis',(-1.,0.,0.));
#2901=DIRECTION('ref_axis',(0.,-1.,0.));
#2902=DIRECTION('',(0.,1.,0.));
#2903=DIRECTION('',(0.,0.,1.));
#2904=DIRECTION('',(0.,-1.,0.));
#2905=DIRECTION('',(0.,0.,1.));
#2906=DIRECTION('center_axis',(0.,1.,0.));
#2907=DIRECTION('ref_axis',(-1.,0.,0.));
#2908=DIRECTION('',(1.,0.,0.));
#2909=DIRECTION('',(-1.,0.,0.));
#2910=DIRECTION('center_axis',(0.,-1.,0.));
#2911=DIRECTION('ref_axis',(1.,0.,0.));
#2912=DIRECTION('',(-1.,0.,0.));
#2913=DIRECTION('',(1.,0.,0.));
#2914=DIRECTION('center_axis',(0.,0.,1.));
#2915=DIRECTION('ref_axis',(1.,0.,0.));
#2916=DIRECTION('center_axis',(1.,0.,0.));
#2917=DIRECTION('ref_axis',(0.,1.,0.));
#2918=DIRECTION('',(0.,-1.,0.));
#2919=DIRECTION('',(0.,0.,1.));
#2920=DIRECTION('',(0.,1.,0.));
#2921=DIRECTION('',(0.,0.,1.));
#2922=DIRECTION('center_axis',(-1.,0.,0.));
#2923=DIRECTION('ref_axis',(0.,-1.,0.));
#2924=DIRECTION('',(0.,1.,0.));
#2925=DIRECTION('',(0.,0.,1.));
#2926=DIRECTION('',(0.,-1.,0.));
#2927=DIRECTION('',(0.,0.,1.));
#2928=DIRECTION('center_axis',(0.,1.,0.));
#2929=DIRECTION('ref_axis',(-1.,0.,0.));
#2930=DIRECTION('',(1.,0.,0.));
#2931=DIRECTION('',(0.,0.,-1.));
#2932=DIRECTION('',(-1.,0.,0.));
#2933=DIRECTION('',(0.,0.,1.));
#2934=DIRECTION('center_axis',(0.,-1.,0.));
#2935=DIRECTION('ref_axis',(1.,0.,0.));
#2936=DIRECTION('',(-1.,0.,0.));
#2937=DIRECTION('',(1.,0.,0.));
#2938=DIRECTION('center_axis',(0.,0.,1.));
#2939=DIRECTION('ref_axis',(1.,0.,0.));
#2940=DIRECTION('center_axis',(-1.,0.,0.));
#2941=DIRECTION('ref_axis',(0.,-1.,0.));
#2942=DIRECTION('',(0.,-1.,0.));
#2943=DIRECTION('',(0.,0.,-1.));
#2944=DIRECTION('',(0.,-1.,0.));
#2945=DIRECTION('center_axis',(1.,0.,0.));
#2946=DIRECTION('ref_axis',(0.,1.,0.));
#2947=DIRECTION('',(0.,1.,0.));
#2948=DIRECTION('',(0.,0.,1.));
#2949=DIRECTION('',(0.,1.,0.));
#2950=DIRECTION('center_axis',(1.,0.,0.));
#2951=DIRECTION('ref_axis',(0.,1.,0.));
#2952=DIRECTION('',(0.,-1.,0.));
#2953=DIRECTION('',(0.,0.,1.));
#2954=DIRECTION('',(0.,1.,0.));
#2955=DIRECTION('',(0.,0.,1.));
#2956=DIRECTION('center_axis',(-1.,0.,0.));
#2957=DIRECTION('ref_axis',(0.,-1.,0.));
#2958=DIRECTION('',(0.,1.,0.));
#2959=DIRECTION('',(0.,0.,1.));
#2960=DIRECTION('',(0.,-1.,0.));
#2961=DIRECTION('',(0.,0.,1.));
#2962=DIRECTION('center_axis',(0.,1.,0.));
#2963=DIRECTION('ref_axis',(-1.,0.,0.));
#2964=DIRECTION('',(1.,0.,0.));
#2965=DIRECTION('',(0.,0.,-1.));
#2966=DIRECTION('',(-1.,0.,0.));
#2967=DIRECTION('',(0.,0.,1.));
#2968=DIRECTION('center_axis',(0.,-1.,0.));
#2969=DIRECTION('ref_axis',(1.,0.,0.));
#2970=DIRECTION('',(-1.,0.,0.));
#2971=DIRECTION('',(1.,0.,0.));
#2972=DIRECTION('center_axis',(0.,0.,1.));
#2973=DIRECTION('ref_axis',(1.,0.,0.));
#2974=DIRECTION('center_axis',(-1.,0.,0.));
#2975=DIRECTION('ref_axis',(0.,-1.,0.));
#2976=DIRECTION('',(0.,-1.,0.));
#2977=DIRECTION('',(0.,0.,-1.));
#2978=DIRECTION('',(0.,-1.,0.));
#2979=DIRECTION('center_axis',(1.,0.,0.));
#2980=DIRECTION('ref_axis',(0.,1.,0.));
#2981=DIRECTION('',(0.,1.,0.));
#2982=DIRECTION('',(0.,0.,1.));
#2983=DIRECTION('',(0.,1.,0.));
#2984=DIRECTION('center_axis',(1.,0.,0.));
#2985=DIRECTION('ref_axis',(0.,1.,0.));
#2986=DIRECTION('',(0.,-1.,0.));
#2987=DIRECTION('',(0.,0.,1.));
#2988=DIRECTION('',(0.,1.,0.));
#2989=DIRECTION('',(0.,0.,1.));
#2990=DIRECTION('center_axis',(-1.,0.,0.));
#2991=DIRECTION('ref_axis',(0.,-1.,0.));
#2992=DIRECTION('',(0.,1.,0.));
#2993=DIRECTION('',(0.,0.,1.));
#2994=DIRECTION('',(0.,-1.,0.));
#2995=DIRECTION('',(0.,0.,1.));
#2996=DIRECTION('center_axis',(0.,1.,0.));
#2997=DIRECTION('ref_axis',(-1.,0.,0.));
#2998=DIRECTION('',(1.,0.,0.));
#2999=DIRECTION('',(-1.,0.,0.));
#3000=DIRECTION('center_axis',(0.,-1.,0.));
#3001=DIRECTION('ref_axis',(1.,0.,0.));
#3002=DIRECTION('',(-1.,0.,0.));
#3003=DIRECTION('',(1.,0.,0.));
#3004=DIRECTION('center_axis',(0.,0.,1.));
#3005=DIRECTION('ref_axis',(1.,0.,0.));
#3006=DIRECTION('center_axis',(1.,0.,0.));
#3007=DIRECTION('ref_axis',(0.,1.,0.));
#3008=DIRECTION('',(0.,-1.,0.));
#3009=DIRECTION('',(0.,0.,1.));
#3010=DIRECTION('',(0.,1.,0.));
#3011=DIRECTION('',(0.,0.,1.));
#3012=DIRECTION('center_axis',(-1.,0.,0.));
#3013=DIRECTION('ref_axis',(0.,-1.,0.));
#3014=DIRECTION('',(0.,1.,0.));
#3015=DIRECTION('',(0.,0.,1.));
#3016=DIRECTION('',(0.,-1.,0.));
#3017=DIRECTION('',(0.,0.,1.));
#3018=DIRECTION('center_axis',(0.,1.,0.));
#3019=DIRECTION('ref_axis',(-1.,0.,0.));
#3020=DIRECTION('',(1.,0.,0.));
#3021=DIRECTION('',(0.,0.,-1.));
#3022=DIRECTION('',(-1.,0.,0.));
#3023=DIRECTION('',(0.,0.,1.));
#3024=DIRECTION('center_axis',(0.,-1.,0.));
#3025=DIRECTION('ref_axis',(1.,0.,0.));
#3026=DIRECTION('',(-1.,0.,0.));
#3027=DIRECTION('',(0.,0.,-1.));
#3028=DIRECTION('',(1.,0.,0.));
#3029=DIRECTION('',(0.,0.,1.));
#3030=DIRECTION('center_axis',(0.,0.,1.));
#3031=DIRECTION('ref_axis',(1.,0.,0.));
#3032=DIRECTION('center_axis',(-1.,0.,0.));
#3033=DIRECTION('ref_axis',(0.,-1.,0.));
#3034=DIRECTION('',(0.,-1.,0.));
#3035=DIRECTION('',(0.,0.,-1.));
#3036=DIRECTION('',(0.,-1.,0.));
#3037=DIRECTION('center_axis',(-1.,0.,0.));
#3038=DIRECTION('ref_axis',(0.,-1.,0.));
#3039=DIRECTION('',(0.,-1.,0.));
#3040=DIRECTION('',(0.,0.,1.));
#3041=DIRECTION('',(0.,-1.,0.));
#3042=DIRECTION('center_axis',(1.,0.,0.));
#3043=DIRECTION('ref_axis',(0.,1.,0.));
#3044=DIRECTION('',(0.,1.,0.));
#3045=DIRECTION('',(0.,0.,-1.));
#3046=DIRECTION('',(0.,1.,0.));
#3047=DIRECTION('center_axis',(1.,0.,0.));
#3048=DIRECTION('ref_axis',(0.,1.,0.));
#3049=DIRECTION('',(0.,1.,0.));
#3050=DIRECTION('',(0.,0.,1.));
#3051=DIRECTION('',(0.,1.,0.));
#3052=DIRECTION('center_axis',(1.,0.,0.));
#3053=DIRECTION('ref_axis',(0.,1.,0.));
#3054=DIRECTION('',(0.,-1.,0.));
#3055=DIRECTION('',(0.,0.,1.));
#3056=DIRECTION('',(0.,1.,0.));
#3057=DIRECTION('',(0.,0.,1.));
#3058=DIRECTION('center_axis',(-1.,0.,0.));
#3059=DIRECTION('ref_axis',(0.,-1.,0.));
#3060=DIRECTION('',(0.,1.,0.));
#3061=DIRECTION('',(0.,0.,1.));
#3062=DIRECTION('',(0.,-1.,0.));
#3063=DIRECTION('',(0.,0.,1.));
#3064=DIRECTION('center_axis',(0.,1.,0.));
#3065=DIRECTION('ref_axis',(-1.,0.,0.));
#3066=DIRECTION('',(1.,0.,0.));
#3067=DIRECTION('',(-1.,0.,0.));
#3068=DIRECTION('center_axis',(0.,-1.,0.));
#3069=DIRECTION('ref_axis',(1.,0.,0.));
#3070=DIRECTION('',(-1.,0.,0.));
#3071=DIRECTION('',(1.,0.,0.));
#3072=DIRECTION('center_axis',(0.,0.,1.));
#3073=DIRECTION('ref_axis',(1.,0.,0.));
#3074=DIRECTION('center_axis',(-1.,0.,0.));
#3075=DIRECTION('ref_axis',(0.,-1.,0.));
#3076=DIRECTION('',(0.,1.,0.));
#3077=DIRECTION('',(0.,0.,1.));
#3078=DIRECTION('',(0.,-1.,0.));
#3079=DIRECTION('',(0.,0.,1.));
#3080=DIRECTION('center_axis',(1.,0.,0.));
#3081=DIRECTION('ref_axis',(0.,1.,0.));
#3082=DIRECTION('',(0.,-1.,0.));
#3083=DIRECTION('',(0.,0.,1.));
#3084=DIRECTION('',(0.,1.,0.));
#3085=DIRECTION('',(0.,0.,1.));
#3086=DIRECTION('center_axis',(0.,1.,0.));
#3087=DIRECTION('ref_axis',(-1.,0.,0.));
#3088=DIRECTION('',(1.,0.,0.));
#3089=DIRECTION('',(-1.,0.,0.));
#3090=DIRECTION('center_axis',(0.,-1.,0.));
#3091=DIRECTION('ref_axis',(1.,0.,0.));
#3092=DIRECTION('',(-1.,0.,0.));
#3093=DIRECTION('',(0.,0.,-1.));
#3094=DIRECTION('',(1.,0.,0.));
#3095=DIRECTION('',(0.,0.,1.));
#3096=DIRECTION('center_axis',(0.,0.,1.));
#3097=DIRECTION('ref_axis',(1.,0.,0.));
#3098=DIRECTION('center_axis',(1.,0.,0.));
#3099=DIRECTION('ref_axis',(0.,1.,0.));
#3100=DIRECTION('',(0.,1.,0.));
#3101=DIRECTION('',(0.,0.,1.));
#3102=DIRECTION('',(0.,1.,0.));
#3103=DIRECTION('center_axis',(-1.,0.,0.));
#3104=DIRECTION('ref_axis',(0.,-1.,0.));
#3105=DIRECTION('',(0.,-1.,0.));
#3106=DIRECTION('',(0.,0.,1.));
#3107=DIRECTION('',(0.,-1.,0.));
#3108=DIRECTION('center_axis',(1.,0.,0.));
#3109=DIRECTION('ref_axis',(0.,1.,0.));
#3110=DIRECTION('',(0.,-1.,0.));
#3111=DIRECTION('',(0.,0.,1.));
#3112=DIRECTION('',(0.,1.,0.));
#3113=DIRECTION('',(0.,0.,1.));
#3114=DIRECTION('center_axis',(-1.,0.,0.));
#3115=DIRECTION('ref_axis',(0.,-1.,0.));
#3116=DIRECTION('',(0.,1.,0.));
#3117=DIRECTION('',(0.,0.,1.));
#3118=DIRECTION('',(0.,-1.,0.));
#3119=DIRECTION('',(0.,0.,1.));
#3120=DIRECTION('center_axis',(0.,1.,0.));
#3121=DIRECTION('ref_axis',(-1.,0.,0.));
#3122=DIRECTION('',(1.,0.,0.));
#3123=DIRECTION('',(-1.,0.,0.));
#3124=DIRECTION('center_axis',(0.,-1.,0.));
#3125=DIRECTION('ref_axis',(1.,0.,0.));
#3126=DIRECTION('',(-1.,0.,0.));
#3127=DIRECTION('',(1.,0.,0.));
#3128=DIRECTION('center_axis',(0.,0.,1.));
#3129=DIRECTION('ref_axis',(1.,0.,0.));
#3130=DIRECTION('center_axis',(1.,0.,0.));
#3131=DIRECTION('ref_axis',(0.,1.,0.));
#3132=DIRECTION('',(0.,-1.,0.));
#3133=DIRECTION('',(0.,0.,1.));
#3134=DIRECTION('',(0.,1.,0.));
#3135=DIRECTION('',(0.,0.,1.));
#3136=DIRECTION('center_axis',(-1.,0.,0.));
#3137=DIRECTION('ref_axis',(0.,-1.,0.));
#3138=DIRECTION('',(0.,1.,0.));
#3139=DIRECTION('',(0.,0.,1.));
#3140=DIRECTION('',(0.,-1.,0.));
#3141=DIRECTION('',(0.,0.,1.));
#3142=DIRECTION('center_axis',(0.,1.,0.));
#3143=DIRECTION('ref_axis',(-1.,0.,0.));
#3144=DIRECTION('',(1.,0.,0.));
#3145=DIRECTION('',(0.,0.,-1.));
#3146=DIRECTION('',(-1.,0.,0.));
#3147=DIRECTION('',(0.,0.,1.));
#3148=DIRECTION('center_axis',(0.,-1.,0.));
#3149=DIRECTION('ref_axis',(1.,0.,0.));
#3150=DIRECTION('',(-1.,0.,0.));
#3151=DIRECTION('',(1.,0.,0.));
#3152=DIRECTION('center_axis',(0.,0.,1.));
#3153=DIRECTION('ref_axis',(1.,0.,0.));
#3154=DIRECTION('center_axis',(-1.,0.,0.));
#3155=DIRECTION('ref_axis',(0.,-1.,0.));
#3156=DIRECTION('',(0.,-1.,0.));
#3157=DIRECTION('',(0.,0.,1.));
#3158=DIRECTION('',(0.,-1.,0.));
#3159=DIRECTION('center_axis',(1.,0.,0.));
#3160=DIRECTION('ref_axis',(0.,1.,0.));
#3161=DIRECTION('',(0.,1.,0.));
#3162=DIRECTION('',(0.,0.,1.));
#3163=DIRECTION('',(0.,1.,0.));
#3164=DIRECTION('center_axis',(0.,1.,0.));
#3165=DIRECTION('ref_axis',(-1.,0.,0.));
#3166=DIRECTION('',(-1.,0.,0.));
#3167=DIRECTION('',(-1.,0.,0.));
#3168=DIRECTION('center_axis',(0.,-1.,0.));
#3169=DIRECTION('ref_axis',(1.,0.,0.));
#3170=DIRECTION('',(1.,0.,0.));
#3171=DIRECTION('',(1.,0.,0.));
#3172=DIRECTION('center_axis',(1.,0.,0.));
#3173=DIRECTION('ref_axis',(0.,1.,0.));
#3174=DIRECTION('',(0.,-1.,0.));
#3175=DIRECTION('',(0.,1.,0.));
#3176=DIRECTION('center_axis',(-1.,-3.40141858034668E-18,0.));
#3177=DIRECTION('ref_axis',(3.40141858034668E-18,-1.,0.));
#3178=DIRECTION('',(-3.40141858034668E-18,1.,0.));
#3179=DIRECTION('',(3.40141858034668E-18,-1.,0.));
#3180=DIRECTION('center_axis',(0.,0.,1.));
#3181=DIRECTION('ref_axis',(1.,0.,0.));
#3182=DIRECTION('center_axis',(0.,0.,1.));
#3183=DIRECTION('ref_axis',(1.,0.,0.));
#3184=CARTESIAN_POINT('',(0.,0.,0.));
#3185=CARTESIAN_POINT('Origin',(2.5,83.1,0.));
#3186=CARTESIAN_POINT('',(0.750000000000007,83.1,2.));
#3187=CARTESIAN_POINT('Origin',(2.5,83.1,2.));
#3188=CARTESIAN_POINT('',(0.750000000000007,83.1,0.));
#3189=CARTESIAN_POINT('',(0.750000000000007,83.1,0.));
#3190=CARTESIAN_POINT('Origin',(2.5,83.1,0.));
#3191=CARTESIAN_POINT('Origin',(6.5,86.1,0.));
#3192=CARTESIAN_POINT('',(6.5,86.1,0.));
#3193=CARTESIAN_POINT('',(-1.5,86.1,0.));
#3194=CARTESIAN_POINT('',(6.5,86.1,0.));
#3195=CARTESIAN_POINT('',(-1.5,86.1,2.));
#3196=CARTESIAN_POINT('',(-1.5,86.1,0.));
#3197=CARTESIAN_POINT('',(6.5,86.1,2.));
#3198=CARTESIAN_POINT('',(6.5,86.1,2.));
#3199=CARTESIAN_POINT('',(6.5,86.1,0.));
#3200=CARTESIAN_POINT('Origin',(2.5,83.1,2.));
#3201=CARTESIAN_POINT('',(-1.5,80.1,2.));
#3202=CARTESIAN_POINT('',(-1.5,86.1,2.));
#3203=CARTESIAN_POINT('',(6.5,80.1,2.));
#3204=CARTESIAN_POINT('',(4.5,80.1,2.));
#3205=CARTESIAN_POINT('',(6.5,80.1,2.));
#3206=CARTESIAN_POINT('Origin',(6.5,80.1,0.));
#3207=CARTESIAN_POINT('',(-1.5,80.1,5.));
#3208=CARTESIAN_POINT('',(-1.5,80.1,0.));
#3209=CARTESIAN_POINT('',(6.5,80.1,5.));
#3210=CARTESIAN_POINT('',(-1.5,80.1,5.));
#3211=CARTESIAN_POINT('',(6.5,80.1,0.));
#3212=CARTESIAN_POINT('Origin',(2.5,-4.5,0.));
#3213=CARTESIAN_POINT('',(0.75,-4.5,2.));
#3214=CARTESIAN_POINT('Origin',(2.5,-4.5,2.));
#3215=CARTESIAN_POINT('',(0.75,-4.5,0.));
#3216=CARTESIAN_POINT('',(0.75,-4.5,0.));
#3217=CARTESIAN_POINT('Origin',(2.5,-4.5,0.));
#3218=CARTESIAN_POINT('Origin',(-1.5,-7.5,0.));
#3219=CARTESIAN_POINT('',(6.5,-7.5,0.));
#3220=CARTESIAN_POINT('',(-1.5,-7.5,0.));
#3221=CARTESIAN_POINT('',(6.5,-7.5,0.));
#3222=CARTESIAN_POINT('',(6.5,-7.5,2.));
#3223=CARTESIAN_POINT('',(6.5,-7.5,0.));
#3224=CARTESIAN_POINT('',(-1.5,-7.5,2.));
#3225=CARTESIAN_POINT('',(6.5,-7.5,2.));
#3226=CARTESIAN_POINT('',(-1.5,-7.5,0.));
#3227=CARTESIAN_POINT('Origin',(2.5,-4.5,2.));
#3228=CARTESIAN_POINT('',(6.5,-1.5,2.));
#3229=CARTESIAN_POINT('',(6.5,-1.5,2.));
#3230=CARTESIAN_POINT('',(-1.5,-1.5,2.));
#3231=CARTESIAN_POINT('',(0.5,-1.5,2.));
#3232=CARTESIAN_POINT('',(-1.5,-7.5,2.));
#3233=CARTESIAN_POINT('Origin',(-1.5,-1.5,0.));
#3234=CARTESIAN_POINT('',(6.5,-1.5,5.));
#3235=CARTESIAN_POINT('',(6.5,-1.5,0.));
#3236=CARTESIAN_POINT('',(-1.5,-1.5,5.));
#3237=CARTESIAN_POINT('',(-1.5,-1.5,5.));
#3238=CARTESIAN_POINT('',(-1.5,-1.5,0.));
#3239=CARTESIAN_POINT('Origin',(5.,23.6,0.));
#3240=CARTESIAN_POINT('',(5.,25.1,5.));
#3241=CARTESIAN_POINT('',(5.,23.6,5.));
#3242=CARTESIAN_POINT('',(5.,78.6,5.));
#3243=CARTESIAN_POINT('',(5.,25.1,9.5));
#3244=CARTESIAN_POINT('',(5.,25.1,0.));
#3245=CARTESIAN_POINT('',(5.,23.6,9.5));
#3246=CARTESIAN_POINT('',(5.,78.6,9.5));
#3247=CARTESIAN_POINT('',(5.,23.6,0.));
#3248=CARTESIAN_POINT('Origin',(0.,25.1,0.));
#3249=CARTESIAN_POINT('',(0.,23.6,5.));
#3250=CARTESIAN_POINT('',(0.,25.1,5.));
#3251=CARTESIAN_POINT('',(0.,0.,5.));
#3252=CARTESIAN_POINT('',(0.,23.6,9.5));
#3253=CARTESIAN_POINT('',(0.,23.6,0.));
#3254=CARTESIAN_POINT('',(0.,25.1,9.5));
#3255=CARTESIAN_POINT('',(0.,0.,9.5));
#3256=CARTESIAN_POINT('',(0.,25.1,0.));
#3257=CARTESIAN_POINT('Origin',(5.,25.1,0.));
#3258=CARTESIAN_POINT('',(0.,25.1,0.));
#3259=CARTESIAN_POINT('',(5.,25.1,0.));
#3260=CARTESIAN_POINT('',(0.,25.1,0.));
#3261=CARTESIAN_POINT('',(0.,25.1,0.));
#3262=CARTESIAN_POINT('',(0.,25.1,9.5));
#3263=CARTESIAN_POINT('',(5.,25.1,0.));
#3264=CARTESIAN_POINT('Origin',(0.,23.6,0.));
#3265=CARTESIAN_POINT('',(5.,23.6,0.));
#3266=CARTESIAN_POINT('',(0.,23.6,0.));
#3267=CARTESIAN_POINT('',(5.,23.6,0.));
#3268=CARTESIAN_POINT('',(5.,23.6,0.));
#3269=CARTESIAN_POINT('',(5.,23.6,9.5));
#3270=CARTESIAN_POINT('',(0.,23.6,0.));
#3271=CARTESIAN_POINT('Origin',(2.5,24.35,9.5));
#3272=CARTESIAN_POINT('Origin',(5.,78.6,0.));
#3273=CARTESIAN_POINT('',(5.,28.6,5.));
#3274=CARTESIAN_POINT('',(5.,78.6,5.));
#3275=CARTESIAN_POINT('',(5.,28.6,0.));
#3276=CARTESIAN_POINT('',(5.,28.6,0.));
#3277=CARTESIAN_POINT('',(5.,78.6,0.));
#3278=CARTESIAN_POINT('Origin',(5.,78.6,0.));
#3279=CARTESIAN_POINT('',(5.,20.1,0.));
#3280=CARTESIAN_POINT('',(5.,78.6,0.));
#3281=CARTESIAN_POINT('',(5.,20.1,5.));
#3282=CARTESIAN_POINT('',(5.,20.1,0.));
#3283=CARTESIAN_POINT('',(5.,78.6,5.));
#3284=CARTESIAN_POINT('Origin',(0.,0.,0.));
#3285=CARTESIAN_POINT('',(0.,20.1,5.));
#3286=CARTESIAN_POINT('',(0.,0.,5.));
#3287=CARTESIAN_POINT('',(0.,20.1,0.));
#3288=CARTESIAN_POINT('',(0.,20.1,0.));
#3289=CARTESIAN_POINT('',(0.,0.,0.));
#3290=CARTESIAN_POINT('Origin',(0.,0.,0.));
#3291=CARTESIAN_POINT('',(0.,28.6,0.));
#3292=CARTESIAN_POINT('',(0.,0.,0.));
#3293=CARTESIAN_POINT('',(0.,28.6,5.));
#3294=CARTESIAN_POINT('',(0.,28.6,0.));
#3295=CARTESIAN_POINT('',(0.,0.,5.));
#3296=CARTESIAN_POINT('Origin',(5.,8.6,0.));
#3297=CARTESIAN_POINT('',(5.,10.1,5.));
#3298=CARTESIAN_POINT('',(5.,8.6,5.));
#3299=CARTESIAN_POINT('',(5.,78.6,5.));
#3300=CARTESIAN_POINT('',(5.,10.1,9.5));
#3301=CARTESIAN_POINT('',(5.,10.1,0.));
#3302=CARTESIAN_POINT('',(5.,8.6,9.5));
#3303=CARTESIAN_POINT('',(5.,78.6,9.5));
#3304=CARTESIAN_POINT('',(5.,8.6,0.));
#3305=CARTESIAN_POINT('Origin',(0.,10.1,0.));
#3306=CARTESIAN_POINT('',(0.,8.6,5.));
#3307=CARTESIAN_POINT('',(0.,10.1,5.));
#3308=CARTESIAN_POINT('',(0.,0.,5.));
#3309=CARTESIAN_POINT('',(0.,8.6,9.5));
#3310=CARTESIAN_POINT('',(0.,8.6,0.));
#3311=CARTESIAN_POINT('',(0.,10.1,9.5));
#3312=CARTESIAN_POINT('',(0.,0.,9.5));
#3313=CARTESIAN_POINT('',(0.,10.1,0.));
#3314=CARTESIAN_POINT('Origin',(5.,10.1,0.));
#3315=CARTESIAN_POINT('',(0.,10.1,0.));
#3316=CARTESIAN_POINT('',(5.,10.1,0.));
#3317=CARTESIAN_POINT('',(0.,10.1,0.));
#3318=CARTESIAN_POINT('',(0.,10.1,0.));
#3319=CARTESIAN_POINT('',(0.,10.1,9.5));
#3320=CARTESIAN_POINT('',(5.,10.1,0.));
#3321=CARTESIAN_POINT('Origin',(0.,8.6,0.));
#3322=CARTESIAN_POINT('',(5.,8.6,0.));
#3323=CARTESIAN_POINT('',(0.,8.6,0.));
#3324=CARTESIAN_POINT('',(5.,8.6,0.));
#3325=CARTESIAN_POINT('',(5.,8.6,0.));
#3326=CARTESIAN_POINT('',(5.,8.6,9.5));
#3327=CARTESIAN_POINT('',(0.,8.6,0.));
#3328=CARTESIAN_POINT('Origin',(2.5,9.35,9.5));
#3329=CARTESIAN_POINT('Origin',(5.,78.6,0.));
#3330=CARTESIAN_POINT('',(5.,13.6,5.));
#3331=CARTESIAN_POINT('',(5.,78.6,5.));
#3332=CARTESIAN_POINT('',(5.,13.6,0.));
#3333=CARTESIAN_POINT('',(5.,13.6,0.));
#3334=CARTESIAN_POINT('',(5.,78.6,0.));
#3335=CARTESIAN_POINT('Origin',(5.,78.6,0.));
#3336=CARTESIAN_POINT('',(5.,5.1,0.));
#3337=CARTESIAN_POINT('',(5.,78.6,0.));
#3338=CARTESIAN_POINT('',(5.,5.1,5.));
#3339=CARTESIAN_POINT('',(5.,5.1,0.));
#3340=CARTESIAN_POINT('',(5.,78.6,5.));
#3341=CARTESIAN_POINT('Origin',(0.,0.,0.));
#3342=CARTESIAN_POINT('',(0.,5.1,5.));
#3343=CARTESIAN_POINT('',(0.,0.,5.));
#3344=CARTESIAN_POINT('',(0.,5.1,0.));
#3345=CARTESIAN_POINT('',(0.,5.1,0.));
#3346=CARTESIAN_POINT('',(0.,0.,0.));
#3347=CARTESIAN_POINT('Origin',(0.,0.,0.));
#3348=CARTESIAN_POINT('',(0.,13.6,0.));
#3349=CARTESIAN_POINT('',(0.,0.,0.));
#3350=CARTESIAN_POINT('',(0.,13.6,5.));
#3351=CARTESIAN_POINT('',(0.,13.6,0.));
#3352=CARTESIAN_POINT('',(0.,0.,5.));
#3353=CARTESIAN_POINT('Origin',(5.,28.6,0.));
#3354=CARTESIAN_POINT('',(5.,30.1,5.));
#3355=CARTESIAN_POINT('',(5.,78.6,5.));
#3356=CARTESIAN_POINT('',(5.,30.1,9.5));
#3357=CARTESIAN_POINT('',(5.,30.1,0.));
#3358=CARTESIAN_POINT('',(5.,28.6,9.5));
#3359=CARTESIAN_POINT('',(5.,78.6,9.5));
#3360=CARTESIAN_POINT('',(5.,28.6,0.));
#3361=CARTESIAN_POINT('Origin',(0.,30.1,0.));
#3362=CARTESIAN_POINT('',(0.,30.1,5.));
#3363=CARTESIAN_POINT('',(0.,0.,5.));
#3364=CARTESIAN_POINT('',(0.,28.6,9.5));
#3365=CARTESIAN_POINT('',(0.,28.6,0.));
#3366=CARTESIAN_POINT('',(0.,30.1,9.5));
#3367=CARTESIAN_POINT('',(0.,0.,9.5));
#3368=CARTESIAN_POINT('',(0.,30.1,0.));
#3369=CARTESIAN_POINT('Origin',(5.,30.1,0.));
#3370=CARTESIAN_POINT('',(0.,30.1,0.));
#3371=CARTESIAN_POINT('',(5.,30.1,0.));
#3372=CARTESIAN_POINT('',(0.,30.1,0.));
#3373=CARTESIAN_POINT('',(0.,30.1,0.));
#3374=CARTESIAN_POINT('',(0.,30.1,9.5));
#3375=CARTESIAN_POINT('',(5.,30.1,0.));
#3376=CARTESIAN_POINT('Origin',(0.,28.6,0.));
#3377=CARTESIAN_POINT('',(5.,28.6,0.));
#3378=CARTESIAN_POINT('',(5.,28.6,9.5));
#3379=CARTESIAN_POINT('Origin',(2.5,29.35,9.5));
#3380=CARTESIAN_POINT('Origin',(5.,78.6,0.));
#3381=CARTESIAN_POINT('',(5.,33.6,5.));
#3382=CARTESIAN_POINT('',(5.,78.6,5.));
#3383=CARTESIAN_POINT('',(5.,33.6,0.));
#3384=CARTESIAN_POINT('',(5.,33.6,0.));
#3385=CARTESIAN_POINT('',(5.,78.6,0.));
#3386=CARTESIAN_POINT('Origin',(0.,0.,0.));
#3387=CARTESIAN_POINT('',(0.,33.6,0.));
#3388=CARTESIAN_POINT('',(0.,0.,0.));
#3389=CARTESIAN_POINT('',(0.,33.6,5.));
#3390=CARTESIAN_POINT('',(0.,33.6,0.));
#3391=CARTESIAN_POINT('',(0.,0.,5.));
#3392=CARTESIAN_POINT('Origin',(5.,13.6,0.));
#3393=CARTESIAN_POINT('',(5.,15.1,5.));
#3394=CARTESIAN_POINT('',(5.,78.6,5.));
#3395=CARTESIAN_POINT('',(5.,15.1,9.5));
#3396=CARTESIAN_POINT('',(5.,15.1,0.));
#3397=CARTESIAN_POINT('',(5.,13.6,9.5));
#3398=CARTESIAN_POINT('',(5.,78.6,9.5));
#3399=CARTESIAN_POINT('',(5.,13.6,0.));
#3400=CARTESIAN_POINT('Origin',(0.,15.1,0.));
#3401=CARTESIAN_POINT('',(0.,15.1,5.));
#3402=CARTESIAN_POINT('',(0.,0.,5.));
#3403=CARTESIAN_POINT('',(0.,13.6,9.5));
#3404=CARTESIAN_POINT('',(0.,13.6,0.));
#3405=CARTESIAN_POINT('',(0.,15.1,9.5));
#3406=CARTESIAN_POINT('',(0.,0.,9.5));
#3407=CARTESIAN_POINT('',(0.,15.1,0.));
#3408=CARTESIAN_POINT('Origin',(5.,15.1,0.));
#3409=CARTESIAN_POINT('',(0.,15.1,0.));
#3410=CARTESIAN_POINT('',(5.,15.1,0.));
#3411=CARTESIAN_POINT('',(0.,15.1,0.));
#3412=CARTESIAN_POINT('',(0.,15.1,0.));
#3413=CARTESIAN_POINT('',(0.,15.1,9.5));
#3414=CARTESIAN_POINT('',(5.,15.1,0.));
#3415=CARTESIAN_POINT('Origin',(0.,13.6,0.));
#3416=CARTESIAN_POINT('',(5.,13.6,0.));
#3417=CARTESIAN_POINT('',(5.,13.6,9.5));
#3418=CARTESIAN_POINT('Origin',(2.5,14.35,9.5));
#3419=CARTESIAN_POINT('Origin',(5.,78.6,0.));
#3420=CARTESIAN_POINT('',(5.,18.6,5.));
#3421=CARTESIAN_POINT('',(5.,78.6,5.));
#3422=CARTESIAN_POINT('',(5.,18.6,0.));
#3423=CARTESIAN_POINT('',(5.,18.6,0.));
#3424=CARTESIAN_POINT('',(5.,78.6,0.));
#3425=CARTESIAN_POINT('Origin',(0.,0.,0.));
#3426=CARTESIAN_POINT('',(0.,18.6,0.));
#3427=CARTESIAN_POINT('',(0.,0.,0.));
#3428=CARTESIAN_POINT('',(0.,18.6,5.));
#3429=CARTESIAN_POINT('',(0.,18.6,0.));
#3430=CARTESIAN_POINT('',(0.,0.,5.));
#3431=CARTESIAN_POINT('Origin',(5.,63.6,0.));
#3432=CARTESIAN_POINT('',(5.,65.1,5.));
#3433=CARTESIAN_POINT('',(5.,63.6,5.));
#3434=CARTESIAN_POINT('',(5.,78.6,5.));
#3435=CARTESIAN_POINT('',(5.,65.1,9.5));
#3436=CARTESIAN_POINT('',(5.,65.1,0.));
#3437=CARTESIAN_POINT('',(5.,63.6,9.5));
#3438=CARTESIAN_POINT('',(5.,78.6,9.5));
#3439=CARTESIAN_POINT('',(5.,63.6,0.));
#3440=CARTESIAN_POINT('Origin',(0.,65.1,0.));
#3441=CARTESIAN_POINT('',(0.,63.6,5.));
#3442=CARTESIAN_POINT('',(0.,65.1,5.));
#3443=CARTESIAN_POINT('',(0.,0.,5.));
#3444=CARTESIAN_POINT('',(0.,63.6,9.5));
#3445=CARTESIAN_POINT('',(0.,63.6,0.));
#3446=CARTESIAN_POINT('',(0.,65.1,9.5));
#3447=CARTESIAN_POINT('',(0.,0.,9.5));
#3448=CARTESIAN_POINT('',(0.,65.1,0.));
#3449=CARTESIAN_POINT('Origin',(5.,65.1,0.));
#3450=CARTESIAN_POINT('',(0.,65.1,0.));
#3451=CARTESIAN_POINT('',(5.,65.1,0.));
#3452=CARTESIAN_POINT('',(0.,65.1,0.));
#3453=CARTESIAN_POINT('',(0.,65.1,0.));
#3454=CARTESIAN_POINT('',(0.,65.1,9.5));
#3455=CARTESIAN_POINT('',(5.,65.1,0.));
#3456=CARTESIAN_POINT('Origin',(0.,63.6,0.));
#3457=CARTESIAN_POINT('',(5.,63.6,0.));
#3458=CARTESIAN_POINT('',(0.,63.6,0.));
#3459=CARTESIAN_POINT('',(5.,63.6,0.));
#3460=CARTESIAN_POINT('',(5.,63.6,0.));
#3461=CARTESIAN_POINT('',(5.,63.6,9.5));
#3462=CARTESIAN_POINT('',(0.,63.6,0.));
#3463=CARTESIAN_POINT('Origin',(2.5,64.35,9.5));
#3464=CARTESIAN_POINT('Origin',(5.,78.6,0.));
#3465=CARTESIAN_POINT('',(5.,68.6,5.));
#3466=CARTESIAN_POINT('',(5.,78.6,5.));
#3467=CARTESIAN_POINT('',(5.,68.6,0.));
#3468=CARTESIAN_POINT('',(5.,68.6,0.));
#3469=CARTESIAN_POINT('',(5.,78.6,0.));
#3470=CARTESIAN_POINT('Origin',(5.,78.6,0.));
#3471=CARTESIAN_POINT('',(5.,60.1,0.));
#3472=CARTESIAN_POINT('',(5.,78.6,0.));
#3473=CARTESIAN_POINT('',(5.,60.1,5.));
#3474=CARTESIAN_POINT('',(5.,60.1,0.));
#3475=CARTESIAN_POINT('',(5.,78.6,5.));
#3476=CARTESIAN_POINT('Origin',(0.,0.,0.));
#3477=CARTESIAN_POINT('',(0.,60.1,5.));
#3478=CARTESIAN_POINT('',(0.,0.,5.));
#3479=CARTESIAN_POINT('',(0.,60.1,0.));
#3480=CARTESIAN_POINT('',(0.,60.1,0.));
#3481=CARTESIAN_POINT('',(0.,0.,0.));
#3482=CARTESIAN_POINT('Origin',(0.,0.,0.));
#3483=CARTESIAN_POINT('',(0.,68.6,0.));
#3484=CARTESIAN_POINT('',(0.,0.,0.));
#3485=CARTESIAN_POINT('',(0.,68.6,5.));
#3486=CARTESIAN_POINT('',(0.,68.6,0.));
#3487=CARTESIAN_POINT('',(0.,0.,5.));
#3488=CARTESIAN_POINT('Origin',(5.,48.6,0.));
#3489=CARTESIAN_POINT('',(5.,50.1,5.));
#3490=CARTESIAN_POINT('',(5.,48.6,5.));
#3491=CARTESIAN_POINT('',(5.,78.6,5.));
#3492=CARTESIAN_POINT('',(5.,50.1,9.5));
#3493=CARTESIAN_POINT('',(5.,50.1,0.));
#3494=CARTESIAN_POINT('',(5.,48.6,9.5));
#3495=CARTESIAN_POINT('',(5.,78.6,9.5));
#3496=CARTESIAN_POINT('',(5.,48.6,0.));
#3497=CARTESIAN_POINT('Origin',(0.,50.1,0.));
#3498=CARTESIAN_POINT('',(0.,48.6,5.));
#3499=CARTESIAN_POINT('',(0.,50.1,5.));
#3500=CARTESIAN_POINT('',(0.,0.,5.));
#3501=CARTESIAN_POINT('',(0.,48.6,9.5));
#3502=CARTESIAN_POINT('',(0.,48.6,0.));
#3503=CARTESIAN_POINT('',(0.,50.1,9.5));
#3504=CARTESIAN_POINT('',(0.,0.,9.5));
#3505=CARTESIAN_POINT('',(0.,50.1,0.));
#3506=CARTESIAN_POINT('Origin',(5.,50.1,0.));
#3507=CARTESIAN_POINT('',(0.,50.1,0.));
#3508=CARTESIAN_POINT('',(5.,50.1,0.));
#3509=CARTESIAN_POINT('',(0.,50.1,0.));
#3510=CARTESIAN_POINT('',(0.,50.1,0.));
#3511=CARTESIAN_POINT('',(0.,50.1,9.5));
#3512=CARTESIAN_POINT('',(5.,50.1,0.));
#3513=CARTESIAN_POINT('Origin',(0.,48.6,0.));
#3514=CARTESIAN_POINT('',(5.,48.6,0.));
#3515=CARTESIAN_POINT('',(0.,48.6,0.));
#3516=CARTESIAN_POINT('',(5.,48.6,0.));
#3517=CARTESIAN_POINT('',(5.,48.6,0.));
#3518=CARTESIAN_POINT('',(5.,48.6,9.5));
#3519=CARTESIAN_POINT('',(0.,48.6,0.));
#3520=CARTESIAN_POINT('Origin',(2.5,49.35,9.5));
#3521=CARTESIAN_POINT('Origin',(5.,78.6,0.));
#3522=CARTESIAN_POINT('',(5.,53.6,5.));
#3523=CARTESIAN_POINT('',(5.,78.6,5.));
#3524=CARTESIAN_POINT('',(5.,53.6,0.));
#3525=CARTESIAN_POINT('',(5.,53.6,0.));
#3526=CARTESIAN_POINT('',(5.,78.6,0.));
#3527=CARTESIAN_POINT('Origin',(5.,78.6,0.));
#3528=CARTESIAN_POINT('',(5.,45.1,0.));
#3529=CARTESIAN_POINT('',(5.,78.6,0.));
#3530=CARTESIAN_POINT('',(5.,45.1,5.));
#3531=CARTESIAN_POINT('',(5.,45.1,0.));
#3532=CARTESIAN_POINT('',(5.,78.6,5.));
#3533=CARTESIAN_POINT('Origin',(0.,0.,0.));
#3534=CARTESIAN_POINT('',(0.,45.1,5.));
#3535=CARTESIAN_POINT('',(0.,0.,5.));
#3536=CARTESIAN_POINT('',(0.,45.1,0.));
#3537=CARTESIAN_POINT('',(0.,45.1,0.));
#3538=CARTESIAN_POINT('',(0.,0.,0.));
#3539=CARTESIAN_POINT('Origin',(0.,0.,0.));
#3540=CARTESIAN_POINT('',(0.,53.6,0.));
#3541=CARTESIAN_POINT('',(0.,0.,0.));
#3542=CARTESIAN_POINT('',(0.,53.6,5.));
#3543=CARTESIAN_POINT('',(0.,53.6,0.));
#3544=CARTESIAN_POINT('',(0.,0.,5.));
#3545=CARTESIAN_POINT('Origin',(5.,18.6,0.));
#3546=CARTESIAN_POINT('',(5.,78.6,5.));
#3547=CARTESIAN_POINT('',(5.,20.1,9.5));
#3548=CARTESIAN_POINT('',(5.,20.1,0.));
#3549=CARTESIAN_POINT('',(5.,18.6,9.5));
#3550=CARTESIAN_POINT('',(5.,78.6,9.5));
#3551=CARTESIAN_POINT('',(5.,18.6,0.));
#3552=CARTESIAN_POINT('Origin',(0.,20.1,0.));
#3553=CARTESIAN_POINT('',(0.,0.,5.));
#3554=CARTESIAN_POINT('',(0.,18.6,9.5));
#3555=CARTESIAN_POINT('',(0.,18.6,0.));
#3556=CARTESIAN_POINT('',(0.,20.1,9.5));
#3557=CARTESIAN_POINT('',(0.,0.,9.5));
#3558=CARTESIAN_POINT('',(0.,20.1,0.));
#3559=CARTESIAN_POINT('Origin',(5.,20.1,0.));
#3560=CARTESIAN_POINT('',(0.,20.1,0.));
#3561=CARTESIAN_POINT('',(0.,20.1,9.5));
#3562=CARTESIAN_POINT('Origin',(0.,18.6,0.));
#3563=CARTESIAN_POINT('',(5.,18.6,0.));
#3564=CARTESIAN_POINT('',(5.,18.6,9.5));
#3565=CARTESIAN_POINT('Origin',(2.5,19.35,9.5));
#3566=CARTESIAN_POINT('Origin',(5.,68.6,0.));
#3567=CARTESIAN_POINT('',(5.,70.1,5.));
#3568=CARTESIAN_POINT('',(5.,78.6,5.));
#3569=CARTESIAN_POINT('',(5.,70.1,9.5));
#3570=CARTESIAN_POINT('',(5.,70.1,0.));
#3571=CARTESIAN_POINT('',(5.,68.6,9.5));
#3572=CARTESIAN_POINT('',(5.,78.6,9.5));
#3573=CARTESIAN_POINT('',(5.,68.6,0.));
#3574=CARTESIAN_POINT('Origin',(0.,70.1,0.));
#3575=CARTESIAN_POINT('',(0.,70.1,5.));
#3576=CARTESIAN_POINT('',(0.,0.,5.));
#3577=CARTESIAN_POINT('',(0.,68.6,9.5));
#3578=CARTESIAN_POINT('',(0.,68.6,0.));
#3579=CARTESIAN_POINT('',(0.,70.1,9.5));
#3580=CARTESIAN_POINT('',(0.,0.,9.5));
#3581=CARTESIAN_POINT('',(0.,70.1,0.));
#3582=CARTESIAN_POINT('Origin',(5.,70.1,0.));
#3583=CARTESIAN_POINT('',(0.,70.1,0.));
#3584=CARTESIAN_POINT('',(5.,70.1,0.));
#3585=CARTESIAN_POINT('',(0.,70.1,0.));
#3586=CARTESIAN_POINT('',(0.,70.1,0.));
#3587=CARTESIAN_POINT('',(0.,70.1,9.5));
#3588=CARTESIAN_POINT('',(5.,70.1,0.));
#3589=CARTESIAN_POINT('Origin',(0.,68.6,0.));
#3590=CARTESIAN_POINT('',(5.,68.6,0.));
#3591=CARTESIAN_POINT('',(5.,68.6,9.5));
#3592=CARTESIAN_POINT('Origin',(2.5,69.35,9.5));
#3593=CARTESIAN_POINT('Origin',(5.,78.6,0.));
#3594=CARTESIAN_POINT('',(5.,73.6,5.));
#3595=CARTESIAN_POINT('',(5.,78.6,5.));
#3596=CARTESIAN_POINT('',(5.,73.6,0.));
#3597=CARTESIAN_POINT('',(5.,73.6,0.));
#3598=CARTESIAN_POINT('',(5.,78.6,0.));
#3599=CARTESIAN_POINT('Origin',(0.,0.,0.));
#3600=CARTESIAN_POINT('',(0.,73.6,0.));
#3601=CARTESIAN_POINT('',(0.,0.,0.));
#3602=CARTESIAN_POINT('',(0.,73.6,5.));
#3603=CARTESIAN_POINT('',(0.,73.6,0.));
#3604=CARTESIAN_POINT('',(0.,0.,5.));
#3605=CARTESIAN_POINT('Origin',(5.,53.6,0.));
#3606=CARTESIAN_POINT('',(5.,55.1,5.));
#3607=CARTESIAN_POINT('',(5.,78.6,5.));
#3608=CARTESIAN_POINT('',(5.,55.1,9.5));
#3609=CARTESIAN_POINT('',(5.,55.1,0.));
#3610=CARTESIAN_POINT('',(5.,53.6,9.5));
#3611=CARTESIAN_POINT('',(5.,78.6,9.5));
#3612=CARTESIAN_POINT('',(5.,53.6,0.));
#3613=CARTESIAN_POINT('Origin',(0.,55.1,0.));
#3614=CARTESIAN_POINT('',(0.,55.1,5.));
#3615=CARTESIAN_POINT('',(0.,0.,5.));
#3616=CARTESIAN_POINT('',(0.,53.6,9.5));
#3617=CARTESIAN_POINT('',(0.,53.6,0.));
#3618=CARTESIAN_POINT('',(0.,55.1,9.5));
#3619=CARTESIAN_POINT('',(0.,0.,9.5));
#3620=CARTESIAN_POINT('',(0.,55.1,0.));
#3621=CARTESIAN_POINT('Origin',(5.,55.1,0.));
#3622=CARTESIAN_POINT('',(0.,55.1,0.));
#3623=CARTESIAN_POINT('',(5.,55.1,0.));
#3624=CARTESIAN_POINT('',(0.,55.1,0.));
#3625=CARTESIAN_POINT('',(0.,55.1,0.));
#3626=CARTESIAN_POINT('',(0.,55.1,9.5));
#3627=CARTESIAN_POINT('',(5.,55.1,0.));
#3628=CARTESIAN_POINT('Origin',(0.,53.6,0.));
#3629=CARTESIAN_POINT('',(5.,53.6,0.));
#3630=CARTESIAN_POINT('',(5.,53.6,9.5));
#3631=CARTESIAN_POINT('Origin',(2.5,54.35,9.5));
#3632=CARTESIAN_POINT('Origin',(5.,78.6,0.));
#3633=CARTESIAN_POINT('',(5.,58.6,5.));
#3634=CARTESIAN_POINT('',(5.,78.6,5.));
#3635=CARTESIAN_POINT('',(5.,58.6,0.));
#3636=CARTESIAN_POINT('',(5.,58.6,0.));
#3637=CARTESIAN_POINT('',(5.,78.6,0.));
#3638=CARTESIAN_POINT('Origin',(0.,0.,0.));
#3639=CARTESIAN_POINT('',(0.,58.6,0.));
#3640=CARTESIAN_POINT('',(0.,0.,0.));
#3641=CARTESIAN_POINT('',(0.,58.6,5.));
#3642=CARTESIAN_POINT('',(0.,58.6,0.));
#3643=CARTESIAN_POINT('',(0.,0.,5.));
#3644=CARTESIAN_POINT('Origin',(5.,58.6,0.));
#3645=CARTESIAN_POINT('',(5.,78.6,5.));
#3646=CARTESIAN_POINT('',(5.,60.1,9.5));
#3647=CARTESIAN_POINT('',(5.,60.1,0.));
#3648=CARTESIAN_POINT('',(5.,58.6,9.5));
#3649=CARTESIAN_POINT('',(5.,78.6,9.5));
#3650=CARTESIAN_POINT('',(5.,58.6,0.));
#3651=CARTESIAN_POINT('Origin',(0.,60.1,0.));
#3652=CARTESIAN_POINT('',(0.,0.,5.));
#3653=CARTESIAN_POINT('',(0.,58.6,9.5));
#3654=CARTESIAN_POINT('',(0.,58.6,0.));
#3655=CARTESIAN_POINT('',(0.,60.1,9.5));
#3656=CARTESIAN_POINT('',(0.,0.,9.5));
#3657=CARTESIAN_POINT('',(0.,60.1,0.));
#3658=CARTESIAN_POINT('Origin',(5.,60.1,0.));
#3659=CARTESIAN_POINT('',(0.,60.1,0.));
#3660=CARTESIAN_POINT('',(0.,60.1,9.5));
#3661=CARTESIAN_POINT('Origin',(0.,58.6,0.));
#3662=CARTESIAN_POINT('',(5.,58.6,0.));
#3663=CARTESIAN_POINT('',(5.,58.6,9.5));
#3664=CARTESIAN_POINT('Origin',(2.5,59.35,9.5));
#3665=CARTESIAN_POINT('Origin',(5.,38.6,0.));
#3666=CARTESIAN_POINT('',(5.,40.1,5.));
#3667=CARTESIAN_POINT('',(5.,38.6,5.));
#3668=CARTESIAN_POINT('',(5.,78.6,5.));
#3669=CARTESIAN_POINT('',(5.,40.1,9.5));
#3670=CARTESIAN_POINT('',(5.,40.1,0.));
#3671=CARTESIAN_POINT('',(5.,38.6,9.5));
#3672=CARTESIAN_POINT('',(5.,78.6,9.5));
#3673=CARTESIAN_POINT('',(5.,38.6,0.));
#3674=CARTESIAN_POINT('Origin',(0.,40.1,0.));
#3675=CARTESIAN_POINT('',(0.,38.6,5.));
#3676=CARTESIAN_POINT('',(0.,40.1,5.));
#3677=CARTESIAN_POINT('',(0.,0.,5.));
#3678=CARTESIAN_POINT('',(0.,38.6,9.5));
#3679=CARTESIAN_POINT('',(0.,38.6,0.));
#3680=CARTESIAN_POINT('',(0.,40.1,9.5));
#3681=CARTESIAN_POINT('',(0.,0.,9.5));
#3682=CARTESIAN_POINT('',(0.,40.1,0.));
#3683=CARTESIAN_POINT('Origin',(5.,40.1,0.));
#3684=CARTESIAN_POINT('',(0.,40.1,0.));
#3685=CARTESIAN_POINT('',(5.,40.1,0.));
#3686=CARTESIAN_POINT('',(0.,40.1,0.));
#3687=CARTESIAN_POINT('',(0.,40.1,0.));
#3688=CARTESIAN_POINT('',(0.,40.1,9.5));
#3689=CARTESIAN_POINT('',(5.,40.1,0.));
#3690=CARTESIAN_POINT('Origin',(0.,38.6,0.));
#3691=CARTESIAN_POINT('',(5.,38.6,0.));
#3692=CARTESIAN_POINT('',(0.,38.6,0.));
#3693=CARTESIAN_POINT('',(5.,38.6,0.));
#3694=CARTESIAN_POINT('',(5.,38.6,0.));
#3695=CARTESIAN_POINT('',(5.,38.6,9.5));
#3696=CARTESIAN_POINT('',(0.,38.6,0.));
#3697=CARTESIAN_POINT('Origin',(2.5,39.35,9.5));
#3698=CARTESIAN_POINT('Origin',(5.,78.6,0.));
#3699=CARTESIAN_POINT('',(5.,43.6,5.));
#3700=CARTESIAN_POINT('',(5.,78.6,5.));
#3701=CARTESIAN_POINT('',(5.,43.6,0.));
#3702=CARTESIAN_POINT('',(5.,43.6,0.));
#3703=CARTESIAN_POINT('',(5.,78.6,0.));
#3704=CARTESIAN_POINT('Origin',(5.,78.6,0.));
#3705=CARTESIAN_POINT('',(5.,35.1,0.));
#3706=CARTESIAN_POINT('',(5.,78.6,0.));
#3707=CARTESIAN_POINT('',(5.,35.1,5.));
#3708=CARTESIAN_POINT('',(5.,35.1,0.));
#3709=CARTESIAN_POINT('',(5.,78.6,5.));
#3710=CARTESIAN_POINT('Origin',(0.,0.,0.));
#3711=CARTESIAN_POINT('',(0.,35.1,5.));
#3712=CARTESIAN_POINT('',(0.,0.,5.));
#3713=CARTESIAN_POINT('',(0.,35.1,0.));
#3714=CARTESIAN_POINT('',(0.,35.1,0.));
#3715=CARTESIAN_POINT('',(0.,0.,0.));
#3716=CARTESIAN_POINT('Origin',(0.,0.,0.));
#3717=CARTESIAN_POINT('',(0.,43.6,0.));
#3718=CARTESIAN_POINT('',(0.,0.,0.));
#3719=CARTESIAN_POINT('',(0.,43.6,5.));
#3720=CARTESIAN_POINT('',(0.,43.6,0.));
#3721=CARTESIAN_POINT('',(0.,0.,5.));
#3722=CARTESIAN_POINT('Origin',(5.,33.6,0.));
#3723=CARTESIAN_POINT('',(5.,78.6,5.));
#3724=CARTESIAN_POINT('',(5.,35.1,9.5));
#3725=CARTESIAN_POINT('',(5.,35.1,0.));
#3726=CARTESIAN_POINT('',(5.,33.6,9.5));
#3727=CARTESIAN_POINT('',(5.,78.6,9.5));
#3728=CARTESIAN_POINT('',(5.,33.6,0.));
#3729=CARTESIAN_POINT('Origin',(0.,35.1,0.));
#3730=CARTESIAN_POINT('',(0.,0.,5.));
#3731=CARTESIAN_POINT('',(0.,33.6,9.5));
#3732=CARTESIAN_POINT('',(0.,33.6,0.));
#3733=CARTESIAN_POINT('',(0.,35.1,9.5));
#3734=CARTESIAN_POINT('',(0.,0.,9.5));
#3735=CARTESIAN_POINT('',(0.,35.1,0.));
#3736=CARTESIAN_POINT('Origin',(5.,35.1,0.));
#3737=CARTESIAN_POINT('',(0.,35.1,0.));
#3738=CARTESIAN_POINT('',(0.,35.1,9.5));
#3739=CARTESIAN_POINT('Origin',(0.,33.6,0.));
#3740=CARTESIAN_POINT('',(5.,33.6,0.));
#3741=CARTESIAN_POINT('',(5.,33.6,9.5));
#3742=CARTESIAN_POINT('Origin',(2.5,34.35,9.5));
#3743=CARTESIAN_POINT('Origin',(0.,5.1,0.));
#3744=CARTESIAN_POINT('',(0.,3.6,5.));
#3745=CARTESIAN_POINT('',(0.,0.,5.));
#3746=CARTESIAN_POINT('',(0.,3.6,9.5));
#3747=CARTESIAN_POINT('',(0.,3.6,0.));
#3748=CARTESIAN_POINT('',(0.,5.1,9.5));
#3749=CARTESIAN_POINT('',(0.,3.6,9.5));
#3750=CARTESIAN_POINT('',(0.,5.1,0.));
#3751=CARTESIAN_POINT('Origin',(5.,3.6,0.));
#3752=CARTESIAN_POINT('',(5.,3.6,5.));
#3753=CARTESIAN_POINT('',(5.,78.6,5.));
#3754=CARTESIAN_POINT('',(5.,5.1,9.5));
#3755=CARTESIAN_POINT('',(5.,5.1,0.));
#3756=CARTESIAN_POINT('',(5.,3.6,9.5));
#3757=CARTESIAN_POINT('',(5.,5.1,9.5));
#3758=CARTESIAN_POINT('',(5.,3.6,0.));
#3759=CARTESIAN_POINT('Origin',(5.,5.1,0.));
#3760=CARTESIAN_POINT('',(0.,5.1,0.));
#3761=CARTESIAN_POINT('',(0.,5.1,9.5));
#3762=CARTESIAN_POINT('Origin',(0.,3.6,0.));
#3763=CARTESIAN_POINT('',(5.,3.6,0.));
#3764=CARTESIAN_POINT('',(0.,3.6,0.));
#3765=CARTESIAN_POINT('',(5.,3.6,0.));
#3766=CARTESIAN_POINT('',(5.,3.6,0.));
#3767=CARTESIAN_POINT('',(5.,3.6,9.5));
#3768=CARTESIAN_POINT('',(0.,3.6,0.));
#3769=CARTESIAN_POINT('Origin',(2.5,4.35,9.5));
#3770=CARTESIAN_POINT('Origin',(0.,0.,0.));
#3771=CARTESIAN_POINT('',(0.,0.,5.));
#3772=CARTESIAN_POINT('',(0.,0.,5.));
#3773=CARTESIAN_POINT('',(0.,0.,0.));
#3774=CARTESIAN_POINT('',(0.,0.,0.));
#3775=CARTESIAN_POINT('',(0.,0.,0.));
#3776=CARTESIAN_POINT('Origin',(5.,78.6,0.));
#3777=CARTESIAN_POINT('',(5.,0.,0.));
#3778=CARTESIAN_POINT('',(5.,78.6,0.));
#3779=CARTESIAN_POINT('',(5.,0.,5.));
#3780=CARTESIAN_POINT('',(5.,0.,0.));
#3781=CARTESIAN_POINT('',(5.,78.6,5.));
#3782=CARTESIAN_POINT('Origin',(5.,43.6,0.));
#3783=CARTESIAN_POINT('',(5.,78.6,5.));
#3784=CARTESIAN_POINT('',(5.,45.1,9.5));
#3785=CARTESIAN_POINT('',(5.,45.1,0.));
#3786=CARTESIAN_POINT('',(5.,43.6,9.5));
#3787=CARTESIAN_POINT('',(5.,78.6,9.5));
#3788=CARTESIAN_POINT('',(5.,43.6,0.));
#3789=CARTESIAN_POINT('Origin',(0.,45.1,0.));
#3790=CARTESIAN_POINT('',(0.,0.,5.));
#3791=CARTESIAN_POINT('',(0.,43.6,9.5));
#3792=CARTESIAN_POINT('',(0.,43.6,0.));
#3793=CARTESIAN_POINT('',(0.,45.1,9.5));
#3794=CARTESIAN_POINT('',(0.,0.,9.5));
#3795=CARTESIAN_POINT('',(0.,45.1,0.));
#3796=CARTESIAN_POINT('Origin',(5.,45.1,0.));
#3797=CARTESIAN_POINT('',(0.,45.1,0.));
#3798=CARTESIAN_POINT('',(0.,45.1,9.5));
#3799=CARTESIAN_POINT('Origin',(0.,43.6,0.));
#3800=CARTESIAN_POINT('',(5.,43.6,0.));
#3801=CARTESIAN_POINT('',(5.,43.6,9.5));
#3802=CARTESIAN_POINT('Origin',(2.5,44.35,9.5));
#3803=CARTESIAN_POINT('Origin',(5.,73.6,0.));
#3804=CARTESIAN_POINT('',(5.,75.1,5.));
#3805=CARTESIAN_POINT('',(5.,78.6,5.));
#3806=CARTESIAN_POINT('',(5.,75.1,9.5));
#3807=CARTESIAN_POINT('',(5.,75.1,0.));
#3808=CARTESIAN_POINT('',(5.,73.6,9.5));
#3809=CARTESIAN_POINT('',(5.,78.6,9.5));
#3810=CARTESIAN_POINT('',(5.,73.6,0.));
#3811=CARTESIAN_POINT('Origin',(0.,75.1,0.));
#3812=CARTESIAN_POINT('',(0.,75.1,5.));
#3813=CARTESIAN_POINT('',(0.,0.,5.));
#3814=CARTESIAN_POINT('',(0.,73.6,9.5));
#3815=CARTESIAN_POINT('',(0.,73.6,0.));
#3816=CARTESIAN_POINT('',(0.,75.1,9.5));
#3817=CARTESIAN_POINT('',(0.,0.,9.5));
#3818=CARTESIAN_POINT('',(0.,75.1,0.));
#3819=CARTESIAN_POINT('Origin',(5.,75.1,0.));
#3820=CARTESIAN_POINT('',(0.,75.1,0.));
#3821=CARTESIAN_POINT('',(5.,75.1,0.));
#3822=CARTESIAN_POINT('',(0.,75.1,0.));
#3823=CARTESIAN_POINT('',(0.,75.1,0.));
#3824=CARTESIAN_POINT('',(0.,75.1,9.5));
#3825=CARTESIAN_POINT('',(5.,75.1,0.));
#3826=CARTESIAN_POINT('Origin',(0.,73.6,0.));
#3827=CARTESIAN_POINT('',(5.,73.6,0.));
#3828=CARTESIAN_POINT('',(5.,73.6,9.5));
#3829=CARTESIAN_POINT('Origin',(2.5,74.35,9.5));
#3830=CARTESIAN_POINT('Origin',(5.,78.6,0.));
#3831=CARTESIAN_POINT('',(5.,78.6,5.));
#3832=CARTESIAN_POINT('',(5.,78.6,5.));
#3833=CARTESIAN_POINT('',(5.,78.6,0.));
#3834=CARTESIAN_POINT('',(5.,78.6,0.));
#3835=CARTESIAN_POINT('',(5.,78.6,0.));
#3836=CARTESIAN_POINT('Origin',(0.,0.,0.));
#3837=CARTESIAN_POINT('',(0.,78.6,0.));
#3838=CARTESIAN_POINT('',(0.,0.,0.));
#3839=CARTESIAN_POINT('',(0.,78.6,5.));
#3840=CARTESIAN_POINT('',(0.,78.6,0.));
#3841=CARTESIAN_POINT('',(0.,0.,5.));
#3842=CARTESIAN_POINT('Origin',(5.,0.,0.));
#3843=CARTESIAN_POINT('',(5.,0.,0.));
#3844=CARTESIAN_POINT('',(5.,0.,5.));
#3845=CARTESIAN_POINT('Origin',(0.,78.6,0.));
#3846=CARTESIAN_POINT('',(0.,78.6,0.));
#3847=CARTESIAN_POINT('',(0.,78.6,5.));
#3848=CARTESIAN_POINT('Origin',(6.5,-1.5,0.));
#3849=CARTESIAN_POINT('',(6.5,-1.5,0.));
#3850=CARTESIAN_POINT('',(6.5,80.1,5.));
#3851=CARTESIAN_POINT('Origin',(-1.5,80.1,0.));
#3852=CARTESIAN_POINT('',(-1.5,-1.5,0.));
#3853=CARTESIAN_POINT('',(-1.5,-1.5,5.));
#3854=CARTESIAN_POINT('Origin',(2.5,39.3,5.));
#3855=CARTESIAN_POINT('Origin',(2.5,39.3,0.));
#3856=UNCERTAINTY_MEASURE_WITH_UNIT(LENGTH_MEASURE(0.01),#3860,
'DISTANCE_ACCURACY_VALUE',
'Maximum model space distance between geometric entities at asserted c
onnectivities');
#3857=UNCERTAINTY_MEASURE_WITH_UNIT(LENGTH_MEASURE(0.01),#3860,
'DISTANCE_ACCURACY_VALUE',
'Maximum model space distance between geometric entities at asserted c
onnectivities');
#3858=(
GEOMETRIC_REPRESENTATION_CONTEXT(3)
GLOBAL_UNCERTAINTY_ASSIGNED_CONTEXT((#3856))
GLOBAL_UNIT_ASSIGNED_CONTEXT((#3860,#3862,#3863))
REPRESENTATION_CONTEXT('','3D')
);
#3859=(
GEOMETRIC_REPRESENTATION_CONTEXT(3)
GLOBAL_UNCERTAINTY_ASSIGNED_CONTEXT((#3857))
GLOBAL_UNIT_ASSIGNED_CONTEXT((#3860,#3862,#3863))
REPRESENTATION_CONTEXT('','3D')
);
#3860=(
LENGTH_UNIT()
NAMED_UNIT(*)
SI_UNIT(.MILLI.,.METRE.)
);
#3861=(
LENGTH_UNIT()
NAMED_UNIT(*)
SI_UNIT($,.METRE.)
);
#3862=(
NAMED_UNIT(*)
PLANE_ANGLE_UNIT()
SI_UNIT($,.RADIAN.)
);
#3863=(
NAMED_UNIT(*)
SI_UNIT($,.STERADIAN.)
SOLID_ANGLE_UNIT()
);
#3864=SHAPE_DEFINITION_REPRESENTATION(#3865,#3866);
#3865=PRODUCT_DEFINITION_SHAPE('',$,#3868);
#3866=SHAPE_REPRESENTATION('',(#2468),#3858);
#3867=PRODUCT_DEFINITION_CONTEXT('part definition',#3872,'design');
#3868=PRODUCT_DEFINITION('\X2\7121984C\X0\','\X2\7121984C\X0\ v1',#3869,
#3867);
#3869=PRODUCT_DEFINITION_FORMATION('',$,#3874);
#3870=PRODUCT_RELATED_PRODUCT_CATEGORY('\X2\7121984C\X0\ v1',
'\X2\7121984C\X0\ v1',(#3874));
#3871=APPLICATION_PROTOCOL_DEFINITION('international standard',
'automotive_design',2009,#3872);
#3872=APPLICATION_CONTEXT(
'Core Data for Automotive Mechanical Design Process');
#3873=PRODUCT_CONTEXT('part definition',#3872,'mechanical');
#3874=PRODUCT('\X2\7121984C\X0\','\X2\7121984C\X0\ v1',$,(#3873));
#3875=PRESENTATION_STYLE_ASSIGNMENT((#3876));
#3876=SURFACE_STYLE_USAGE(.BOTH.,#3877);
#3877=SURFACE_SIDE_STYLE('',(#3878));
#3878=SURFACE_STYLE_FILL_AREA(#3879);
#3879=FILL_AREA_STYLE('\X2\92FC\X0\ - \X2\30B530C630F3\X0\',(#3880));
#3880=FILL_AREA_STYLE_COLOUR('\X2\92FC\X0\ - \X2\30B530C630F3\X0\',#3881);
#3881=COLOUR_RGB('\X2\92FC\X0\ - \X2\30B530C630F3\X0\',0.627450980392157,
0.627450980392157,0.627450980392157);
ENDSEC;
END-ISO-10303-21;
